url,page_type,group_id,service_slug,province,visible_main_text_words,h1,indexable,sitemap,inbound_links,trust_issue,in_audit,in_batch11
"/รับซื้อ/รับซื้อของสะสม-กาฬสินธุ์","service-x-location","G-SA-รับซื้อของสะสม","รับซื้อของสะสม","กาฬสินธุ์","222","รับซื้อ ของสะสมและเครื่องดนตรี กาฬสินธุ์ ประเมินราคาฟรี นัดรับหรือประสานขนส่งตามข้อตกลง","yes","yes","2","no","yes","yes"
"/รับซื้อ/รับซื้อของสะสม-ขอนแก่น","service-x-location","G-SA-รับซื้อของสะสม","รับซื้อของสะสม","ขอนแก่น","216","รับซื้อ ของสะสมและเครื่องดนตรี ขอนแก่น ประเมินราคาฟรี นัดรับหรือประสานขนส่งตามข้อตกลง","yes","yes","2","no","yes","yes"
"/รับซื้อ/รับซื้อของสะสม-ชัยภูมิ","service-x-location","G-SA-รับซื้อของสะสม","รับซื้อของสะสม","ชัยภูมิ","219","รับซื้อ ของสะสมและเครื่องดนตรี ชัยภูมิ ประเมินราคาฟรี นัดรับหรือประสานขนส่งตามข้อตกลง","yes","yes","2","no","yes","yes"
"/รับซื้อ/รับซื้อของสะสม-นครพนม","service-x-location","G-SA-รับซื้อของสะสม","รับซื้อของสะสม","นครพนม","216","รับซื้อ ของสะสมและเครื่องดนตรี นครพนม ประเมินราคาฟรี นัดรับหรือประสานขนส่งตามข้อตกลง","yes","yes","2","no","yes","yes"
"/รับซื้อ/รับซื้อของสะสม-นครราชสีมา","service-x-location","G-SA-รับซื้อของสะสม","รับซื้อของสะสม","นครราชสีมา","222","รับซื้อ ของสะสมและเครื่องดนตรี นครราชสีมา ประเมินราคาฟรี นัดรับหรือประสานขนส่งตามข้อตกลง","yes","yes","2","no","yes","yes"
"/รับซื้อ/รับซื้อของสะสม-บึงกาฬ","service-x-location","G-SA-รับซื้อของสะสม","รับซื้อของสะสม","บึงกาฬ","219","รับซื้อ ของสะสมและเครื่องดนตรี บึงกาฬ ประเมินราคาฟรี นัดรับหรือประสานขนส่งตามข้อตกลง","yes","yes","2","no","yes","yes"
"/รับซื้อ/รับซื้อของสะสม-บุรีรัมย์","service-x-location","G-SA-รับซื้อของสะสม","รับซื้อของสะสม","บุรีรัมย์","219","รับซื้อ ของสะสมและเครื่องดนตรี บุรีรัมย์ ประเมินราคาฟรี นัดรับหรือประสานขนส่งตามข้อตกลง","yes","yes","2","no","yes","yes"
"/รับซื้อ/รับซื้อของสะสม-มหาสารคาม","service-x-location","G-SA-รับซื้อของสะสม","รับซื้อของสะสม","มหาสารคาม","216","รับซื้อ ของสะสมและเครื่องดนตรี มหาสารคาม ประเมินราคาฟรี นัดรับหรือประสานขนส่งตามข้อตกลง","yes","yes","2","no","yes","yes"
"/รับซื้อ/รับซื้อของสะสม-มุกดาหาร","service-x-location","G-SA-รับซื้อของสะสม","รับซื้อของสะสม","มุกดาหาร","219","รับซื้อ ของสะสมและเครื่องดนตรี มุกดาหาร ประเมินราคาฟรี นัดรับหรือประสานขนส่งตามข้อตกลง","yes","yes","2","no","yes","yes"
"/รับซื้อ/รับซื้อของสะสม-ยโสธร","service-x-location","G-SA-รับซื้อของสะสม","รับซื้อของสะสม","ยโสธร","216","รับซื้อ ของสะสมและเครื่องดนตรี ยโสธร ประเมินราคาฟรี นัดรับหรือประสานขนส่งตามข้อตกลง","yes","yes","2","no","yes","yes"
"/รับซื้อ/รับซื้อของสะสม-ร้อยเอ็ด","service-x-location","G-SA-รับซื้อของสะสม","รับซื้อของสะสม","ร้อยเอ็ด","219","รับซื้อ ของสะสมและเครื่องดนตรี ร้อยเอ็ด ประเมินราคาฟรี นัดรับหรือประสานขนส่งตามข้อตกลง","yes","yes","2","no","yes","yes"
"/รับซื้อ/รับซื้อของสะสม-เลย","service-x-location","G-SA-รับซื้อของสะสม","รับซื้อของสะสม","เลย","216","รับซื้อ ของสะสมและเครื่องดนตรี เลย ประเมินราคาฟรี นัดรับหรือประสานขนส่งตามข้อตกลง","yes","yes","2","no","yes","yes"
"/รับซื้อ/รับซื้อของสะสม-ศรีสะเกษ","service-x-location","G-SA-รับซื้อของสะสม","รับซื้อของสะสม","ศรีสะเกษ","222","รับซื้อ ของสะสมและเครื่องดนตรี ศรีสะเกษ ประเมินราคาฟรี นัดรับหรือประสานขนส่งตามข้อตกลง","yes","yes","2","no","yes","yes"
"/รับซื้อ/รับซื้อของสะสม-สกลนคร","service-x-location","G-SA-รับซื้อของสะสม","รับซื้อของสะสม","สกลนคร","216","รับซื้อ ของสะสมและเครื่องดนตรี สกลนคร ประเมินราคาฟรี นัดรับหรือประสานขนส่งตามข้อตกลง","yes","yes","2","no","yes","yes"
"/รับซื้อ/รับซื้อของสะสม-สุรินทร์","service-x-location","G-SA-รับซื้อของสะสม","รับซื้อของสะสม","สุรินทร์","219","รับซื้อ ของสะสมและเครื่องดนตรี สุรินทร์ ประเมินราคาฟรี นัดรับหรือประสานขนส่งตามข้อตกลง","yes","yes","2","no","yes","yes"
"/รับซื้อ/รับซื้อของสะสม-หนองคาย","service-x-location","G-SA-รับซื้อของสะสม","รับซื้อของสะสม","หนองคาย","216","รับซื้อ ของสะสมและเครื่องดนตรี หนองคาย ประเมินราคาฟรี นัดรับหรือประสานขนส่งตามข้อตกลง","yes","yes","2","no","yes","yes"
"/รับซื้อ/รับซื้อของสะสม-หนองบัวลำภู","service-x-location","G-SA-รับซื้อของสะสม","รับซื้อของสะสม","หนองบัวลำภู","222","รับซื้อ ของสะสมและเครื่องดนตรี หนองบัวลำภู ประเมินราคาฟรี นัดรับหรือประสานขนส่งตามข้อตกลง","yes","yes","2","no","yes","yes"
"/รับซื้อ/รับซื้อของสะสม-อำนาจเจริญ","service-x-location","G-SA-รับซื้อของสะสม","รับซื้อของสะสม","อำนาจเจริญ","216","รับซื้อ ของสะสมและเครื่องดนตรี อำนาจเจริญ ประเมินราคาฟรี นัดรับหรือประสานขนส่งตามข้อตกลง","yes","yes","2","no","yes","yes"
"/รับซื้อ/รับซื้อของสะสม-อุดรธานี","service-x-location","G-SA-รับซื้อของสะสม","รับซื้อของสะสม","อุดรธานี","219","รับซื้อ ของสะสมและเครื่องดนตรี อุดรธานี ประเมินราคาฟรี นัดรับหรือประสานขนส่งตามข้อตกลง","yes","yes","2","no","yes","yes"
"/รับซื้อ/รับซื้อของสะสม-อุบลราชธานี","service-x-location","G-SA-รับซื้อของสะสม","รับซื้อของสะสม","อุบลราชธานี","219","รับซื้อ ของสะสมและเครื่องดนตรี อุบลราชธานี ประเมินราคาฟรี นัดรับหรือประสานขนส่งตามข้อตกลง","yes","yes","2","no","yes","yes"
"/รับซื้อ/รับซื้อเครื่องใช้ไฟฟ้า-กาฬสินธุ์","service-x-location","G-SA-รับซื้อเครื่องใช้ไฟฟ้า","รับซื้อเครื่องใช้ไฟฟ้า","กาฬสินธุ์","237","รับซื้อ เครื่องใช้ไฟฟ้ามือสอง กาฬสินธุ์ ประเมินราคาฟรี นัดรับหรือประสานขนส่งตามข้อตกลง","yes","yes","2","no","yes","yes"
"/รับซื้อ/รับซื้อเครื่องใช้ไฟฟ้า-ขอนแก่น","service-x-location","G-SA-รับซื้อเครื่องใช้ไฟฟ้า","รับซื้อเครื่องใช้ไฟฟ้า","ขอนแก่น","231","รับซื้อ เครื่องใช้ไฟฟ้ามือสอง ขอนแก่น ประเมินราคาฟรี นัดรับหรือประสานขนส่งตามข้อตกลง","yes","yes","2","no","yes","yes"
"/รับซื้อ/รับซื้อเครื่องใช้ไฟฟ้า-ชัยภูมิ","service-x-location","G-SA-รับซื้อเครื่องใช้ไฟฟ้า","รับซื้อเครื่องใช้ไฟฟ้า","ชัยภูมิ","234","รับซื้อ เครื่องใช้ไฟฟ้ามือสอง ชัยภูมิ ประเมินราคาฟรี นัดรับหรือประสานขนส่งตามข้อตกลง","yes","yes","2","no","yes","yes"
"/รับซื้อ/รับซื้อเครื่องใช้ไฟฟ้า-นครพนม","service-x-location","G-SA-รับซื้อเครื่องใช้ไฟฟ้า","รับซื้อเครื่องใช้ไฟฟ้า","นครพนม","231","รับซื้อ เครื่องใช้ไฟฟ้ามือสอง นครพนม ประเมินราคาฟรี นัดรับหรือประสานขนส่งตามข้อตกลง","yes","yes","2","no","yes","yes"
"/รับซื้อ/รับซื้อเครื่องใช้ไฟฟ้า-นครราชสีมา","service-x-location","G-SA-รับซื้อเครื่องใช้ไฟฟ้า","รับซื้อเครื่องใช้ไฟฟ้า","นครราชสีมา","237","รับซื้อ เครื่องใช้ไฟฟ้ามือสอง นครราชสีมา ประเมินราคาฟรี นัดรับหรือประสานขนส่งตามข้อตกลง","yes","yes","2","no","yes","yes"
"/รับซื้อ/รับซื้อเครื่องใช้ไฟฟ้า-บึงกาฬ","service-x-location","G-SA-รับซื้อเครื่องใช้ไฟฟ้า","รับซื้อเครื่องใช้ไฟฟ้า","บึงกาฬ","234","รับซื้อ เครื่องใช้ไฟฟ้ามือสอง บึงกาฬ ประเมินราคาฟรี นัดรับหรือประสานขนส่งตามข้อตกลง","yes","yes","2","no","yes","yes"
"/รับซื้อ/รับซื้อเครื่องใช้ไฟฟ้า-บุรีรัมย์","service-x-location","G-SA-รับซื้อเครื่องใช้ไฟฟ้า","รับซื้อเครื่องใช้ไฟฟ้า","บุรีรัมย์","234","รับซื้อ เครื่องใช้ไฟฟ้ามือสอง บุรีรัมย์ ประเมินราคาฟรี นัดรับหรือประสานขนส่งตามข้อตกลง","yes","yes","2","no","yes","yes"
"/รับซื้อ/รับซื้อเครื่องใช้ไฟฟ้า-มหาสารคาม","service-x-location","G-SA-รับซื้อเครื่องใช้ไฟฟ้า","รับซื้อเครื่องใช้ไฟฟ้า","มหาสารคาม","231","รับซื้อ เครื่องใช้ไฟฟ้ามือสอง มหาสารคาม ประเมินราคาฟรี นัดรับหรือประสานขนส่งตามข้อตกลง","yes","yes","2","no","yes","yes"
"/รับซื้อ/รับซื้อเครื่องใช้ไฟฟ้า-มุกดาหาร","service-x-location","G-SA-รับซื้อเครื่องใช้ไฟฟ้า","รับซื้อเครื่องใช้ไฟฟ้า","มุกดาหาร","234","รับซื้อ เครื่องใช้ไฟฟ้ามือสอง มุกดาหาร ประเมินราคาฟรี นัดรับหรือประสานขนส่งตามข้อตกลง","yes","yes","2","no","yes","yes"
"/รับซื้อ/รับซื้อเครื่องใช้ไฟฟ้า-ยโสธร","service-x-location","G-SA-รับซื้อเครื่องใช้ไฟฟ้า","รับซื้อเครื่องใช้ไฟฟ้า","ยโสธร","231","รับซื้อ เครื่องใช้ไฟฟ้ามือสอง ยโสธร ประเมินราคาฟรี นัดรับหรือประสานขนส่งตามข้อตกลง","yes","yes","2","no","yes","yes"
"/รับซื้อ/รับซื้อเครื่องใช้ไฟฟ้า-ร้อยเอ็ด","service-x-location","G-SA-รับซื้อเครื่องใช้ไฟฟ้า","รับซื้อเครื่องใช้ไฟฟ้า","ร้อยเอ็ด","234","รับซื้อ เครื่องใช้ไฟฟ้ามือสอง ร้อยเอ็ด ประเมินราคาฟรี นัดรับหรือประสานขนส่งตามข้อตกลง","yes","yes","2","no","yes","yes"
"/รับซื้อ/รับซื้อเครื่องใช้ไฟฟ้า-เลย","service-x-location","G-SA-รับซื้อเครื่องใช้ไฟฟ้า","รับซื้อเครื่องใช้ไฟฟ้า","เลย","231","รับซื้อ เครื่องใช้ไฟฟ้ามือสอง เลย ประเมินราคาฟรี นัดรับหรือประสานขนส่งตามข้อตกลง","yes","yes","2","no","yes","yes"
"/รับซื้อ/รับซื้อเครื่องใช้ไฟฟ้า-ศรีสะเกษ","service-x-location","G-SA-รับซื้อเครื่องใช้ไฟฟ้า","รับซื้อเครื่องใช้ไฟฟ้า","ศรีสะเกษ","237","รับซื้อ เครื่องใช้ไฟฟ้ามือสอง ศรีสะเกษ ประเมินราคาฟรี นัดรับหรือประสานขนส่งตามข้อตกลง","yes","yes","2","no","yes","yes"
"/รับซื้อ/รับซื้อเครื่องใช้ไฟฟ้า-สกลนคร","service-x-location","G-SA-รับซื้อเครื่องใช้ไฟฟ้า","รับซื้อเครื่องใช้ไฟฟ้า","สกลนคร","231","รับซื้อ เครื่องใช้ไฟฟ้ามือสอง สกลนคร ประเมินราคาฟรี นัดรับหรือประสานขนส่งตามข้อตกลง","yes","yes","2","no","yes","yes"
"/รับซื้อ/รับซื้อเครื่องใช้ไฟฟ้า-สุรินทร์","service-x-location","G-SA-รับซื้อเครื่องใช้ไฟฟ้า","รับซื้อเครื่องใช้ไฟฟ้า","สุรินทร์","234","รับซื้อ เครื่องใช้ไฟฟ้ามือสอง สุรินทร์ ประเมินราคาฟรี นัดรับหรือประสานขนส่งตามข้อตกลง","yes","yes","2","no","yes","yes"
"/รับซื้อ/รับซื้อเครื่องใช้ไฟฟ้า-หนองคาย","service-x-location","G-SA-รับซื้อเครื่องใช้ไฟฟ้า","รับซื้อเครื่องใช้ไฟฟ้า","หนองคาย","231","รับซื้อ เครื่องใช้ไฟฟ้ามือสอง หนองคาย ประเมินราคาฟรี นัดรับหรือประสานขนส่งตามข้อตกลง","yes","yes","2","no","yes","yes"
"/รับซื้อ/รับซื้อเครื่องใช้ไฟฟ้า-หนองบัวลำภู","service-x-location","G-SA-รับซื้อเครื่องใช้ไฟฟ้า","รับซื้อเครื่องใช้ไฟฟ้า","หนองบัวลำภู","237","รับซื้อ เครื่องใช้ไฟฟ้ามือสอง หนองบัวลำภู ประเมินราคาฟรี นัดรับหรือประสานขนส่งตามข้อตกลง","yes","yes","2","no","yes","yes"
"/รับซื้อ/รับซื้อเครื่องใช้ไฟฟ้า-อำนาจเจริญ","service-x-location","G-SA-รับซื้อเครื่องใช้ไฟฟ้า","รับซื้อเครื่องใช้ไฟฟ้า","อำนาจเจริญ","231","รับซื้อ เครื่องใช้ไฟฟ้ามือสอง อำนาจเจริญ ประเมินราคาฟรี นัดรับหรือประสานขนส่งตามข้อตกลง","yes","yes","2","no","yes","yes"
"/รับซื้อ/รับซื้อเครื่องใช้ไฟฟ้า-อุดรธานี","service-x-location","G-SA-รับซื้อเครื่องใช้ไฟฟ้า","รับซื้อเครื่องใช้ไฟฟ้า","อุดรธานี","234","รับซื้อ เครื่องใช้ไฟฟ้ามือสอง อุดรธานี ประเมินราคาฟรี นัดรับหรือประสานขนส่งตามข้อตกลง","yes","yes","2","no","yes","yes"
"/รับซื้อ/รับซื้อเครื่องใช้ไฟฟ้า-อุบลราชธานี","service-x-location","G-SA-รับซื้อเครื่องใช้ไฟฟ้า","รับซื้อเครื่องใช้ไฟฟ้า","อุบลราชธานี","234","รับซื้อ เครื่องใช้ไฟฟ้ามือสอง อุบลราชธานี ประเมินราคาฟรี นัดรับหรือประสานขนส่งตามข้อตกลง","yes","yes","2","no","yes","yes"
"/รับซื้อ/รับซื้อโดรน-กาฬสินธุ์","service-x-location","G-SA-รับซื้อโดรน","รับซื้อโดรน","กาฬสินธุ์","232","รับซื้อ โดรนและกล้อง Action Cam กาฬสินธุ์ ประเมินราคาฟรี นัดรับหรือประสานขนส่งตามข้อตกลง","yes","yes","2","no","yes","yes"
"/รับซื้อ/รับซื้อโดรน-ขอนแก่น","service-x-location","G-SA-รับซื้อโดรน","รับซื้อโดรน","ขอนแก่น","226","รับซื้อ โดรนและกล้อง Action Cam ขอนแก่น ประเมินราคาฟรี นัดรับหรือประสานขนส่งตามข้อตกลง","yes","yes","2","no","yes","yes"
"/รับซื้อ/รับซื้อโดรน-ชัยภูมิ","service-x-location","G-SA-รับซื้อโดรน","รับซื้อโดรน","ชัยภูมิ","229","รับซื้อ โดรนและกล้อง Action Cam ชัยภูมิ ประเมินราคาฟรี นัดรับหรือประสานขนส่งตามข้อตกลง","yes","yes","2","no","yes","yes"
"/รับซื้อ/รับซื้อโดรน-นครพนม","service-x-location","G-SA-รับซื้อโดรน","รับซื้อโดรน","นครพนม","226","รับซื้อ โดรนและกล้อง Action Cam นครพนม ประเมินราคาฟรี นัดรับหรือประสานขนส่งตามข้อตกลง","yes","yes","2","no","yes","yes"
"/รับซื้อ/รับซื้อโดรน-นครราชสีมา","service-x-location","G-SA-รับซื้อโดรน","รับซื้อโดรน","นครราชสีมา","232","รับซื้อ โดรนและกล้อง Action Cam นครราชสีมา ประเมินราคาฟรี นัดรับหรือประสานขนส่งตามข้อตกลง","yes","yes","2","no","yes","yes"
"/รับซื้อ/รับซื้อโดรน-บึงกาฬ","service-x-location","G-SA-รับซื้อโดรน","รับซื้อโดรน","บึงกาฬ","229","รับซื้อ โดรนและกล้อง Action Cam บึงกาฬ ประเมินราคาฟรี นัดรับหรือประสานขนส่งตามข้อตกลง","yes","yes","2","no","yes","yes"
"/รับซื้อ/รับซื้อโดรน-บุรีรัมย์","service-x-location","G-SA-รับซื้อโดรน","รับซื้อโดรน","บุรีรัมย์","229","รับซื้อ โดรนและกล้อง Action Cam บุรีรัมย์ ประเมินราคาฟรี นัดรับหรือประสานขนส่งตามข้อตกลง","yes","yes","2","no","yes","yes"
"/รับซื้อ/รับซื้อโดรน-มหาสารคาม","service-x-location","G-SA-รับซื้อโดรน","รับซื้อโดรน","มหาสารคาม","226","รับซื้อ โดรนและกล้อง Action Cam มหาสารคาม ประเมินราคาฟรี นัดรับหรือประสานขนส่งตามข้อตกลง","yes","yes","2","no","yes","yes"
"/รับซื้อ/รับซื้อโดรน-มุกดาหาร","service-x-location","G-SA-รับซื้อโดรน","รับซื้อโดรน","มุกดาหาร","229","รับซื้อ โดรนและกล้อง Action Cam มุกดาหาร ประเมินราคาฟรี นัดรับหรือประสานขนส่งตามข้อตกลง","yes","yes","2","no","yes","yes"
"/รับซื้อ/รับซื้อโดรน-ยโสธร","service-x-location","G-SA-รับซื้อโดรน","รับซื้อโดรน","ยโสธร","226","รับซื้อ โดรนและกล้อง Action Cam ยโสธร ประเมินราคาฟรี นัดรับหรือประสานขนส่งตามข้อตกลง","yes","yes","2","no","yes","yes"
"/รับซื้อ/รับซื้อโดรน-ร้อยเอ็ด","service-x-location","G-SA-รับซื้อโดรน","รับซื้อโดรน","ร้อยเอ็ด","229","รับซื้อ โดรนและกล้อง Action Cam ร้อยเอ็ด ประเมินราคาฟรี นัดรับหรือประสานขนส่งตามข้อตกลง","yes","yes","2","no","yes","yes"
"/รับซื้อ/รับซื้อโดรน-เลย","service-x-location","G-SA-รับซื้อโดรน","รับซื้อโดรน","เลย","226","รับซื้อ โดรนและกล้อง Action Cam เลย ประเมินราคาฟรี นัดรับหรือประสานขนส่งตามข้อตกลง","yes","yes","2","no","yes","yes"
"/รับซื้อ/รับซื้อโดรน-ศรีสะเกษ","service-x-location","G-SA-รับซื้อโดรน","รับซื้อโดรน","ศรีสะเกษ","232","รับซื้อ โดรนและกล้อง Action Cam ศรีสะเกษ ประเมินราคาฟรี นัดรับหรือประสานขนส่งตามข้อตกลง","yes","yes","2","no","yes","yes"
"/รับซื้อ/รับซื้อโดรน-สกลนคร","service-x-location","G-SA-รับซื้อโดรน","รับซื้อโดรน","สกลนคร","226","รับซื้อ โดรนและกล้อง Action Cam สกลนคร ประเมินราคาฟรี นัดรับหรือประสานขนส่งตามข้อตกลง","yes","yes","2","no","yes","yes"
"/รับซื้อ/รับซื้อโดรน-สุรินทร์","service-x-location","G-SA-รับซื้อโดรน","รับซื้อโดรน","สุรินทร์","229","รับซื้อ โดรนและกล้อง Action Cam สุรินทร์ ประเมินราคาฟรี นัดรับหรือประสานขนส่งตามข้อตกลง","yes","yes","2","no","yes","yes"
"/รับซื้อ/รับซื้อโดรน-หนองคาย","service-x-location","G-SA-รับซื้อโดรน","รับซื้อโดรน","หนองคาย","226","รับซื้อ โดรนและกล้อง Action Cam หนองคาย ประเมินราคาฟรี นัดรับหรือประสานขนส่งตามข้อตกลง","yes","yes","2","no","yes","yes"
"/รับซื้อ/รับซื้อโดรน-หนองบัวลำภู","service-x-location","G-SA-รับซื้อโดรน","รับซื้อโดรน","หนองบัวลำภู","232","รับซื้อ โดรนและกล้อง Action Cam หนองบัวลำภู ประเมินราคาฟรี นัดรับหรือประสานขนส่งตามข้อตกลง","yes","yes","2","no","yes","yes"
"/รับซื้อ/รับซื้อโดรน-อำนาจเจริญ","service-x-location","G-SA-รับซื้อโดรน","รับซื้อโดรน","อำนาจเจริญ","226","รับซื้อ โดรนและกล้อง Action Cam อำนาจเจริญ ประเมินราคาฟรี นัดรับหรือประสานขนส่งตามข้อตกลง","yes","yes","2","no","yes","yes"
"/รับซื้อ/รับซื้อโดรน-อุดรธานี","service-x-location","G-SA-รับซื้อโดรน","รับซื้อโดรน","อุดรธานี","229","รับซื้อ โดรนและกล้อง Action Cam อุดรธานี ประเมินราคาฟรี นัดรับหรือประสานขนส่งตามข้อตกลง","yes","yes","2","no","yes","yes"
"/รับซื้อ/รับซื้อโดรน-อุบลราชธานี","service-x-location","G-SA-รับซื้อโดรน","รับซื้อโดรน","อุบลราชธานี","229","รับซื้อ โดรนและกล้อง Action Cam อุบลราชธานี ประเมินราคาฟรี นัดรับหรือประสานขนส่งตามข้อตกลง","yes","yes","2","no","yes","yes"
"/รับซื้อ/รับซื้อทีวี-กาฬสินธุ์","service-x-location","G-SA-รับซื้อทีวี","รับซื้อทีวี","กาฬสินธุ์","222","รับซื้อ ทีวีและโทรทัศน์ กาฬสินธุ์ ประเมินราคาฟรี นัดรับหรือประสานขนส่งตามข้อตกลง","yes","yes","2","no","yes","yes"
"/รับซื้อ/รับซื้อทีวี-ขอนแก่น","service-x-location","G-SA-รับซื้อทีวี","รับซื้อทีวี","ขอนแก่น","216","รับซื้อ ทีวีและโทรทัศน์ ขอนแก่น ประเมินราคาฟรี นัดรับหรือประสานขนส่งตามข้อตกลง","yes","yes","2","no","yes","yes"
"/รับซื้อ/รับซื้อทีวี-ชัยภูมิ","service-x-location","G-SA-รับซื้อทีวี","รับซื้อทีวี","ชัยภูมิ","219","รับซื้อ ทีวีและโทรทัศน์ ชัยภูมิ ประเมินราคาฟรี นัดรับหรือประสานขนส่งตามข้อตกลง","yes","yes","2","no","yes","yes"
"/รับซื้อ/รับซื้อทีวี-นครพนม","service-x-location","G-SA-รับซื้อทีวี","รับซื้อทีวี","นครพนม","216","รับซื้อ ทีวีและโทรทัศน์ นครพนม ประเมินราคาฟรี นัดรับหรือประสานขนส่งตามข้อตกลง","yes","yes","2","no","yes","yes"
"/รับซื้อ/รับซื้อทีวี-นครราชสีมา","service-x-location","G-SA-รับซื้อทีวี","รับซื้อทีวี","นครราชสีมา","222","รับซื้อ ทีวีและโทรทัศน์ นครราชสีมา ประเมินราคาฟรี นัดรับหรือประสานขนส่งตามข้อตกลง","yes","yes","2","no","yes","yes"
"/รับซื้อ/รับซื้อทีวี-บึงกาฬ","service-x-location","G-SA-รับซื้อทีวี","รับซื้อทีวี","บึงกาฬ","219","รับซื้อ ทีวีและโทรทัศน์ บึงกาฬ ประเมินราคาฟรี นัดรับหรือประสานขนส่งตามข้อตกลง","yes","yes","2","no","yes","yes"
"/รับซื้อ/รับซื้อทีวี-บุรีรัมย์","service-x-location","G-SA-รับซื้อทีวี","รับซื้อทีวี","บุรีรัมย์","219","รับซื้อ ทีวีและโทรทัศน์ บุรีรัมย์ ประเมินราคาฟรี นัดรับหรือประสานขนส่งตามข้อตกลง","yes","yes","2","no","yes","yes"
"/รับซื้อ/รับซื้อทีวี-มหาสารคาม","service-x-location","G-SA-รับซื้อทีวี","รับซื้อทีวี","มหาสารคาม","216","รับซื้อ ทีวีและโทรทัศน์ มหาสารคาม ประเมินราคาฟรี นัดรับหรือประสานขนส่งตามข้อตกลง","yes","yes","2","no","yes","yes"
"/รับซื้อ/รับซื้อทีวี-มุกดาหาร","service-x-location","G-SA-รับซื้อทีวี","รับซื้อทีวี","มุกดาหาร","219","รับซื้อ ทีวีและโทรทัศน์ มุกดาหาร ประเมินราคาฟรี นัดรับหรือประสานขนส่งตามข้อตกลง","yes","yes","2","no","yes","yes"
"/รับซื้อ/รับซื้อทีวี-ยโสธร","service-x-location","G-SA-รับซื้อทีวี","รับซื้อทีวี","ยโสธร","216","รับซื้อ ทีวีและโทรทัศน์ ยโสธร ประเมินราคาฟรี นัดรับหรือประสานขนส่งตามข้อตกลง","yes","yes","2","no","yes","yes"
"/รับซื้อ/รับซื้อทีวี-ร้อยเอ็ด","service-x-location","G-SA-รับซื้อทีวี","รับซื้อทีวี","ร้อยเอ็ด","219","รับซื้อ ทีวีและโทรทัศน์ ร้อยเอ็ด ประเมินราคาฟรี นัดรับหรือประสานขนส่งตามข้อตกลง","yes","yes","2","no","yes","yes"
"/รับซื้อ/รับซื้อทีวี-เลย","service-x-location","G-SA-รับซื้อทีวี","รับซื้อทีวี","เลย","216","รับซื้อ ทีวีและโทรทัศน์ เลย ประเมินราคาฟรี นัดรับหรือประสานขนส่งตามข้อตกลง","yes","yes","2","no","yes","yes"
"/รับซื้อ/รับซื้อทีวี-ศรีสะเกษ","service-x-location","G-SA-รับซื้อทีวี","รับซื้อทีวี","ศรีสะเกษ","222","รับซื้อ ทีวีและโทรทัศน์ ศรีสะเกษ ประเมินราคาฟรี นัดรับหรือประสานขนส่งตามข้อตกลง","yes","yes","2","no","yes","yes"
"/รับซื้อ/รับซื้อทีวี-สกลนคร","service-x-location","G-SA-รับซื้อทีวี","รับซื้อทีวี","สกลนคร","216","รับซื้อ ทีวีและโทรทัศน์ สกลนคร ประเมินราคาฟรี นัดรับหรือประสานขนส่งตามข้อตกลง","yes","yes","2","no","yes","yes"
"/รับซื้อ/รับซื้อทีวี-สุรินทร์","service-x-location","G-SA-รับซื้อทีวี","รับซื้อทีวี","สุรินทร์","219","รับซื้อ ทีวีและโทรทัศน์ สุรินทร์ ประเมินราคาฟรี นัดรับหรือประสานขนส่งตามข้อตกลง","yes","yes","2","no","yes","yes"
"/รับซื้อ/รับซื้อทีวี-หนองคาย","service-x-location","G-SA-รับซื้อทีวี","รับซื้อทีวี","หนองคาย","216","รับซื้อ ทีวีและโทรทัศน์ หนองคาย ประเมินราคาฟรี นัดรับหรือประสานขนส่งตามข้อตกลง","yes","yes","2","no","yes","yes"
"/รับซื้อ/รับซื้อทีวี-หนองบัวลำภู","service-x-location","G-SA-รับซื้อทีวี","รับซื้อทีวี","หนองบัวลำภู","222","รับซื้อ ทีวีและโทรทัศน์ หนองบัวลำภู ประเมินราคาฟรี นัดรับหรือประสานขนส่งตามข้อตกลง","yes","yes","2","no","yes","yes"
"/รับซื้อ/รับซื้อทีวี-อำนาจเจริญ","service-x-location","G-SA-รับซื้อทีวี","รับซื้อทีวี","อำนาจเจริญ","216","รับซื้อ ทีวีและโทรทัศน์ อำนาจเจริญ ประเมินราคาฟรี นัดรับหรือประสานขนส่งตามข้อตกลง","yes","yes","2","no","yes","yes"
"/รับซื้อ/รับซื้อทีวี-อุดรธานี","service-x-location","G-SA-รับซื้อทีวี","รับซื้อทีวี","อุดรธานี","219","รับซื้อ ทีวีและโทรทัศน์ อุดรธานี ประเมินราคาฟรี นัดรับหรือประสานขนส่งตามข้อตกลง","yes","yes","2","no","yes","yes"
"/รับซื้อ/รับซื้อทีวี-อุบลราชธานี","service-x-location","G-SA-รับซื้อทีวี","รับซื้อทีวี","อุบลราชธานี","219","รับซื้อ ทีวีและโทรทัศน์ อุบลราชธานี ประเมินราคาฟรี นัดรับหรือประสานขนส่งตามข้อตกลง","yes","yes","2","no","yes","yes"
"/รับซื้อ/รับซื้อเฟอร์นิเจอร์-กาฬสินธุ์","service-x-location","G-SA-รับซื้อเฟอร์นิเจอร์","รับซื้อเฟอร์นิเจอร์","กาฬสินธุ์","237","รับซื้อ เฟอร์นิเจอร์และของย้ายบ้าน กาฬสินธุ์ ประเมินราคาฟรี นัดรับหรือประสานขนส่งตามข้อตกลง","yes","yes","2","no","yes","yes"
"/รับซื้อ/รับซื้อเฟอร์นิเจอร์-ขอนแก่น","service-x-location","G-SA-รับซื้อเฟอร์นิเจอร์","รับซื้อเฟอร์นิเจอร์","ขอนแก่น","231","รับซื้อ เฟอร์นิเจอร์และของย้ายบ้าน ขอนแก่น ประเมินราคาฟรี นัดรับหรือประสานขนส่งตามข้อตกลง","yes","yes","2","no","yes","yes"
"/รับซื้อ/รับซื้อเฟอร์นิเจอร์-ชัยภูมิ","service-x-location","G-SA-รับซื้อเฟอร์นิเจอร์","รับซื้อเฟอร์นิเจอร์","ชัยภูมิ","234","รับซื้อ เฟอร์นิเจอร์และของย้ายบ้าน ชัยภูมิ ประเมินราคาฟรี นัดรับหรือประสานขนส่งตามข้อตกลง","yes","yes","2","no","yes","yes"
"/รับซื้อ/รับซื้อเฟอร์นิเจอร์-นครพนม","service-x-location","G-SA-รับซื้อเฟอร์นิเจอร์","รับซื้อเฟอร์นิเจอร์","นครพนม","231","รับซื้อ เฟอร์นิเจอร์และของย้ายบ้าน นครพนม ประเมินราคาฟรี นัดรับหรือประสานขนส่งตามข้อตกลง","yes","yes","2","no","yes","yes"
"/รับซื้อ/รับซื้อเฟอร์นิเจอร์-นครราชสีมา","service-x-location","G-SA-รับซื้อเฟอร์นิเจอร์","รับซื้อเฟอร์นิเจอร์","นครราชสีมา","237","รับซื้อ เฟอร์นิเจอร์และของย้ายบ้าน นครราชสีมา ประเมินราคาฟรี นัดรับหรือประสานขนส่งตามข้อตกลง","yes","yes","2","no","yes","yes"
"/รับซื้อ/รับซื้อเฟอร์นิเจอร์-บึงกาฬ","service-x-location","G-SA-รับซื้อเฟอร์นิเจอร์","รับซื้อเฟอร์นิเจอร์","บึงกาฬ","234","รับซื้อ เฟอร์นิเจอร์และของย้ายบ้าน บึงกาฬ ประเมินราคาฟรี นัดรับหรือประสานขนส่งตามข้อตกลง","yes","yes","2","no","yes","yes"
"/รับซื้อ/รับซื้อเฟอร์นิเจอร์-บุรีรัมย์","service-x-location","G-SA-รับซื้อเฟอร์นิเจอร์","รับซื้อเฟอร์นิเจอร์","บุรีรัมย์","234","รับซื้อ เฟอร์นิเจอร์และของย้ายบ้าน บุรีรัมย์ ประเมินราคาฟรี นัดรับหรือประสานขนส่งตามข้อตกลง","yes","yes","2","no","yes","yes"
"/รับซื้อ/รับซื้อเฟอร์นิเจอร์-มหาสารคาม","service-x-location","G-SA-รับซื้อเฟอร์นิเจอร์","รับซื้อเฟอร์นิเจอร์","มหาสารคาม","231","รับซื้อ เฟอร์นิเจอร์และของย้ายบ้าน มหาสารคาม ประเมินราคาฟรี นัดรับหรือประสานขนส่งตามข้อตกลง","yes","yes","2","no","yes","yes"
"/รับซื้อ/รับซื้อเฟอร์นิเจอร์-มุกดาหาร","service-x-location","G-SA-รับซื้อเฟอร์นิเจอร์","รับซื้อเฟอร์นิเจอร์","มุกดาหาร","234","รับซื้อ เฟอร์นิเจอร์และของย้ายบ้าน มุกดาหาร ประเมินราคาฟรี นัดรับหรือประสานขนส่งตามข้อตกลง","yes","yes","2","no","yes","yes"
"/รับซื้อ/รับซื้อเฟอร์นิเจอร์-ยโสธร","service-x-location","G-SA-รับซื้อเฟอร์นิเจอร์","รับซื้อเฟอร์นิเจอร์","ยโสธร","231","รับซื้อ เฟอร์นิเจอร์และของย้ายบ้าน ยโสธร ประเมินราคาฟรี นัดรับหรือประสานขนส่งตามข้อตกลง","yes","yes","2","no","yes","yes"
"/รับซื้อ/รับซื้อเฟอร์นิเจอร์-ร้อยเอ็ด","service-x-location","G-SA-รับซื้อเฟอร์นิเจอร์","รับซื้อเฟอร์นิเจอร์","ร้อยเอ็ด","234","รับซื้อ เฟอร์นิเจอร์และของย้ายบ้าน ร้อยเอ็ด ประเมินราคาฟรี นัดรับหรือประสานขนส่งตามข้อตกลง","yes","yes","2","no","yes","yes"
"/รับซื้อ/รับซื้อเฟอร์นิเจอร์-เลย","service-x-location","G-SA-รับซื้อเฟอร์นิเจอร์","รับซื้อเฟอร์นิเจอร์","เลย","231","รับซื้อ เฟอร์นิเจอร์และของย้ายบ้าน เลย ประเมินราคาฟรี นัดรับหรือประสานขนส่งตามข้อตกลง","yes","yes","2","no","yes","yes"
"/รับซื้อ/รับซื้อเฟอร์นิเจอร์-ศรีสะเกษ","service-x-location","G-SA-รับซื้อเฟอร์นิเจอร์","รับซื้อเฟอร์นิเจอร์","ศรีสะเกษ","237","รับซื้อ เฟอร์นิเจอร์และของย้ายบ้าน ศรีสะเกษ ประเมินราคาฟรี นัดรับหรือประสานขนส่งตามข้อตกลง","yes","yes","2","no","yes","yes"
"/รับซื้อ/รับซื้อเฟอร์นิเจอร์-สกลนคร","service-x-location","G-SA-รับซื้อเฟอร์นิเจอร์","รับซื้อเฟอร์นิเจอร์","สกลนคร","231","รับซื้อ เฟอร์นิเจอร์และของย้ายบ้าน สกลนคร ประเมินราคาฟรี นัดรับหรือประสานขนส่งตามข้อตกลง","yes","yes","2","no","yes","yes"
"/รับซื้อ/รับซื้อเฟอร์นิเจอร์-สุรินทร์","service-x-location","G-SA-รับซื้อเฟอร์นิเจอร์","รับซื้อเฟอร์นิเจอร์","สุรินทร์","234","รับซื้อ เฟอร์นิเจอร์และของย้ายบ้าน สุรินทร์ ประเมินราคาฟรี นัดรับหรือประสานขนส่งตามข้อตกลง","yes","yes","2","no","yes","yes"
"/รับซื้อ/รับซื้อเฟอร์นิเจอร์-หนองคาย","service-x-location","G-SA-รับซื้อเฟอร์นิเจอร์","รับซื้อเฟอร์นิเจอร์","หนองคาย","231","รับซื้อ เฟอร์นิเจอร์และของย้ายบ้าน หนองคาย ประเมินราคาฟรี นัดรับหรือประสานขนส่งตามข้อตกลง","yes","yes","2","no","yes","yes"
"/รับซื้อ/รับซื้อเฟอร์นิเจอร์-หนองบัวลำภู","service-x-location","G-SA-รับซื้อเฟอร์นิเจอร์","รับซื้อเฟอร์นิเจอร์","หนองบัวลำภู","237","รับซื้อ เฟอร์นิเจอร์และของย้ายบ้าน หนองบัวลำภู ประเมินราคาฟรี นัดรับหรือประสานขนส่งตามข้อตกลง","yes","yes","2","no","yes","yes"
"/รับซื้อ/รับซื้อเฟอร์นิเจอร์-อำนาจเจริญ","service-x-location","G-SA-รับซื้อเฟอร์นิเจอร์","รับซื้อเฟอร์นิเจอร์","อำนาจเจริญ","231","รับซื้อ เฟอร์นิเจอร์และของย้ายบ้าน อำนาจเจริญ ประเมินราคาฟรี นัดรับหรือประสานขนส่งตามข้อตกลง","yes","yes","2","no","yes","yes"
"/รับซื้อ/รับซื้อเฟอร์นิเจอร์-อุดรธานี","service-x-location","G-SA-รับซื้อเฟอร์นิเจอร์","รับซื้อเฟอร์นิเจอร์","อุดรธานี","234","รับซื้อ เฟอร์นิเจอร์และของย้ายบ้าน อุดรธานี ประเมินราคาฟรี นัดรับหรือประสานขนส่งตามข้อตกลง","yes","yes","2","no","yes","yes"
"/รับซื้อ/รับซื้อเฟอร์นิเจอร์-อุบลราชธานี","service-x-location","G-SA-รับซื้อเฟอร์นิเจอร์","รับซื้อเฟอร์นิเจอร์","อุบลราชธานี","234","รับซื้อ เฟอร์นิเจอร์และของย้ายบ้าน อุบลราชธานี ประเมินราคาฟรี นัดรับหรือประสานขนส่งตามข้อตกลง","yes","yes","2","no","yes","yes"
"/รับซื้อ/รับซื้ออุปกรณ์-network-กาฬสินธุ์","service-x-location","G-SA-รับซื้ออุปกรณ์-network","รับซื้ออุปกรณ์-network","กาฬสินธุ์","232","รับซื้อ อุปกรณ์ Network และ Switch กาฬสินธุ์ ประเมินราคาฟรี นัดรับหรือประสานขนส่งตามข้อตกลง","yes","yes","2","no","yes","yes"
"/รับซื้อ/รับซื้ออุปกรณ์-network-ขอนแก่น","service-x-location","G-SA-รับซื้ออุปกรณ์-network","รับซื้ออุปกรณ์-network","ขอนแก่น","226","รับซื้อ อุปกรณ์ Network และ Switch ขอนแก่น ประเมินราคาฟรี นัดรับหรือประสานขนส่งตามข้อตกลง","yes","yes","2","no","yes","yes"
"/รับซื้อ/รับซื้ออุปกรณ์-network-ชัยภูมิ","service-x-location","G-SA-รับซื้ออุปกรณ์-network","รับซื้ออุปกรณ์-network","ชัยภูมิ","229","รับซื้อ อุปกรณ์ Network และ Switch ชัยภูมิ ประเมินราคาฟรี นัดรับหรือประสานขนส่งตามข้อตกลง","yes","yes","2","no","yes","yes"
"/รับซื้อ/รับซื้ออุปกรณ์-network-นครพนม","service-x-location","G-SA-รับซื้ออุปกรณ์-network","รับซื้ออุปกรณ์-network","นครพนม","226","รับซื้อ อุปกรณ์ Network และ Switch นครพนม ประเมินราคาฟรี นัดรับหรือประสานขนส่งตามข้อตกลง","yes","yes","2","no","yes","yes"
"/รับซื้อ/รับซื้ออุปกรณ์-network-นครราชสีมา","service-x-location","G-SA-รับซื้ออุปกรณ์-network","รับซื้ออุปกรณ์-network","นครราชสีมา","232","รับซื้อ อุปกรณ์ Network และ Switch นครราชสีมา ประเมินราคาฟรี นัดรับหรือประสานขนส่งตามข้อตกลง","yes","yes","2","no","yes","yes"
"/รับซื้อ/รับซื้ออุปกรณ์-network-บึงกาฬ","service-x-location","G-SA-รับซื้ออุปกรณ์-network","รับซื้ออุปกรณ์-network","บึงกาฬ","229","รับซื้อ อุปกรณ์ Network และ Switch บึงกาฬ ประเมินราคาฟรี นัดรับหรือประสานขนส่งตามข้อตกลง","yes","yes","2","no","yes","yes"
"/รับซื้อ/รับซื้ออุปกรณ์-network-บุรีรัมย์","service-x-location","G-SA-รับซื้ออุปกรณ์-network","รับซื้ออุปกรณ์-network","บุรีรัมย์","229","รับซื้อ อุปกรณ์ Network และ Switch บุรีรัมย์ ประเมินราคาฟรี นัดรับหรือประสานขนส่งตามข้อตกลง","yes","yes","2","no","yes","yes"
"/รับซื้อ/รับซื้ออุปกรณ์-network-มหาสารคาม","service-x-location","G-SA-รับซื้ออุปกรณ์-network","รับซื้ออุปกรณ์-network","มหาสารคาม","226","รับซื้อ อุปกรณ์ Network และ Switch มหาสารคาม ประเมินราคาฟรี นัดรับหรือประสานขนส่งตามข้อตกลง","yes","yes","2","no","yes","yes"
"/รับซื้อ/รับซื้ออุปกรณ์-network-มุกดาหาร","service-x-location","G-SA-รับซื้ออุปกรณ์-network","รับซื้ออุปกรณ์-network","มุกดาหาร","229","รับซื้อ อุปกรณ์ Network และ Switch มุกดาหาร ประเมินราคาฟรี นัดรับหรือประสานขนส่งตามข้อตกลง","yes","yes","2","no","yes","yes"
"/รับซื้อ/รับซื้ออุปกรณ์-network-ยโสธร","service-x-location","G-SA-รับซื้ออุปกรณ์-network","รับซื้ออุปกรณ์-network","ยโสธร","226","รับซื้อ อุปกรณ์ Network และ Switch ยโสธร ประเมินราคาฟรี นัดรับหรือประสานขนส่งตามข้อตกลง","yes","yes","2","no","yes","yes"
"/รับซื้อ/รับซื้ออุปกรณ์-network-ร้อยเอ็ด","service-x-location","G-SA-รับซื้ออุปกรณ์-network","รับซื้ออุปกรณ์-network","ร้อยเอ็ด","229","รับซื้อ อุปกรณ์ Network และ Switch ร้อยเอ็ด ประเมินราคาฟรี นัดรับหรือประสานขนส่งตามข้อตกลง","yes","yes","2","no","yes","yes"
"/รับซื้อ/รับซื้ออุปกรณ์-network-เลย","service-x-location","G-SA-รับซื้ออุปกรณ์-network","รับซื้ออุปกรณ์-network","เลย","226","รับซื้อ อุปกรณ์ Network และ Switch เลย ประเมินราคาฟรี นัดรับหรือประสานขนส่งตามข้อตกลง","yes","yes","2","no","yes","yes"
"/รับซื้อ/รับซื้ออุปกรณ์-network-ศรีสะเกษ","service-x-location","G-SA-รับซื้ออุปกรณ์-network","รับซื้ออุปกรณ์-network","ศรีสะเกษ","232","รับซื้อ อุปกรณ์ Network และ Switch ศรีสะเกษ ประเมินราคาฟรี นัดรับหรือประสานขนส่งตามข้อตกลง","yes","yes","2","no","yes","yes"
"/รับซื้อ/รับซื้ออุปกรณ์-network-สกลนคร","service-x-location","G-SA-รับซื้ออุปกรณ์-network","รับซื้ออุปกรณ์-network","สกลนคร","226","รับซื้อ อุปกรณ์ Network และ Switch สกลนคร ประเมินราคาฟรี นัดรับหรือประสานขนส่งตามข้อตกลง","yes","yes","2","no","yes","yes"
"/รับซื้อ/รับซื้ออุปกรณ์-network-สุรินทร์","service-x-location","G-SA-รับซื้ออุปกรณ์-network","รับซื้ออุปกรณ์-network","สุรินทร์","229","รับซื้อ อุปกรณ์ Network และ Switch สุรินทร์ ประเมินราคาฟรี นัดรับหรือประสานขนส่งตามข้อตกลง","yes","yes","2","no","yes","yes"
"/รับซื้อ/รับซื้ออุปกรณ์-network-หนองคาย","service-x-location","G-SA-รับซื้ออุปกรณ์-network","รับซื้ออุปกรณ์-network","หนองคาย","226","รับซื้อ อุปกรณ์ Network และ Switch หนองคาย ประเมินราคาฟรี นัดรับหรือประสานขนส่งตามข้อตกลง","yes","yes","2","no","yes","yes"
"/รับซื้อ/รับซื้ออุปกรณ์-network-หนองบัวลำภู","service-x-location","G-SA-รับซื้ออุปกรณ์-network","รับซื้ออุปกรณ์-network","หนองบัวลำภู","232","รับซื้อ อุปกรณ์ Network และ Switch หนองบัวลำภู ประเมินราคาฟรี นัดรับหรือประสานขนส่งตามข้อตกลง","yes","yes","2","no","yes","yes"
"/รับซื้อ/รับซื้ออุปกรณ์-network-อำนาจเจริญ","service-x-location","G-SA-รับซื้ออุปกรณ์-network","รับซื้ออุปกรณ์-network","อำนาจเจริญ","226","รับซื้อ อุปกรณ์ Network และ Switch อำนาจเจริญ ประเมินราคาฟรี นัดรับหรือประสานขนส่งตามข้อตกลง","yes","yes","2","no","yes","yes"
"/รับซื้อ/รับซื้ออุปกรณ์-network-อุดรธานี","service-x-location","G-SA-รับซื้ออุปกรณ์-network","รับซื้ออุปกรณ์-network","อุดรธานี","229","รับซื้อ อุปกรณ์ Network และ Switch อุดรธานี ประเมินราคาฟรี นัดรับหรือประสานขนส่งตามข้อตกลง","yes","yes","2","no","yes","yes"
"/รับซื้อ/รับซื้ออุปกรณ์-network-อุบลราชธานี","service-x-location","G-SA-รับซื้ออุปกรณ์-network","รับซื้ออุปกรณ์-network","อุบลราชธานี","229","รับซื้อ อุปกรณ์ Network และ Switch อุบลราชธานี ประเมินราคาฟรี นัดรับหรือประสานขนส่งตามข้อตกลง","yes","yes","2","no","yes","yes"
"/รับซื้อ/รับซื้อ-server-กาฬสินธุ์","service-x-location","G-SA-รับซื้อ-server","รับซื้อ-server","กาฬสินธุ์","227","รับซื้อ Server และตู้ Rack กาฬสินธุ์ ประเมินราคาฟรี นัดรับหรือประสานขนส่งตามข้อตกลง","yes","yes","2","no","yes","yes"
"/รับซื้อ/รับซื้อ-server-ขอนแก่น","service-x-location","G-SA-รับซื้อ-server","รับซื้อ-server","ขอนแก่น","221","รับซื้อ Server และตู้ Rack ขอนแก่น ประเมินราคาฟรี นัดรับหรือประสานขนส่งตามข้อตกลง","yes","yes","2","no","yes","yes"
"/รับซื้อ/รับซื้อ-server-ชัยภูมิ","service-x-location","G-SA-รับซื้อ-server","รับซื้อ-server","ชัยภูมิ","224","รับซื้อ Server และตู้ Rack ชัยภูมิ ประเมินราคาฟรี นัดรับหรือประสานขนส่งตามข้อตกลง","yes","yes","2","no","yes","yes"
"/รับซื้อ/รับซื้อ-server-นครพนม","service-x-location","G-SA-รับซื้อ-server","รับซื้อ-server","นครพนม","221","รับซื้อ Server และตู้ Rack นครพนม ประเมินราคาฟรี นัดรับหรือประสานขนส่งตามข้อตกลง","yes","yes","2","no","yes","yes"
"/รับซื้อ/รับซื้อ-server-นครราชสีมา","service-x-location","G-SA-รับซื้อ-server","รับซื้อ-server","นครราชสีมา","227","รับซื้อ Server และตู้ Rack นครราชสีมา ประเมินราคาฟรี นัดรับหรือประสานขนส่งตามข้อตกลง","yes","yes","2","no","yes","yes"
"/รับซื้อ/รับซื้อ-server-บึงกาฬ","service-x-location","G-SA-รับซื้อ-server","รับซื้อ-server","บึงกาฬ","224","รับซื้อ Server และตู้ Rack บึงกาฬ ประเมินราคาฟรี นัดรับหรือประสานขนส่งตามข้อตกลง","yes","yes","2","no","yes","yes"
"/รับซื้อ/รับซื้อ-server-บุรีรัมย์","service-x-location","G-SA-รับซื้อ-server","รับซื้อ-server","บุรีรัมย์","224","รับซื้อ Server และตู้ Rack บุรีรัมย์ ประเมินราคาฟรี นัดรับหรือประสานขนส่งตามข้อตกลง","yes","yes","2","no","yes","yes"
"/รับซื้อ/รับซื้อ-server-มหาสารคาม","service-x-location","G-SA-รับซื้อ-server","รับซื้อ-server","มหาสารคาม","221","รับซื้อ Server และตู้ Rack มหาสารคาม ประเมินราคาฟรี นัดรับหรือประสานขนส่งตามข้อตกลง","yes","yes","2","no","yes","yes"
"/รับซื้อ/รับซื้อ-server-มุกดาหาร","service-x-location","G-SA-รับซื้อ-server","รับซื้อ-server","มุกดาหาร","224","รับซื้อ Server และตู้ Rack มุกดาหาร ประเมินราคาฟรี นัดรับหรือประสานขนส่งตามข้อตกลง","yes","yes","2","no","yes","yes"
"/รับซื้อ/รับซื้อ-server-ยโสธร","service-x-location","G-SA-รับซื้อ-server","รับซื้อ-server","ยโสธร","221","รับซื้อ Server และตู้ Rack ยโสธร ประเมินราคาฟรี นัดรับหรือประสานขนส่งตามข้อตกลง","yes","yes","2","no","yes","yes"
"/รับซื้อ/รับซื้อ-server-ร้อยเอ็ด","service-x-location","G-SA-รับซื้อ-server","รับซื้อ-server","ร้อยเอ็ด","224","รับซื้อ Server และตู้ Rack ร้อยเอ็ด ประเมินราคาฟรี นัดรับหรือประสานขนส่งตามข้อตกลง","yes","yes","2","no","yes","yes"
"/รับซื้อ/รับซื้อ-server-เลย","service-x-location","G-SA-รับซื้อ-server","รับซื้อ-server","เลย","221","รับซื้อ Server และตู้ Rack เลย ประเมินราคาฟรี นัดรับหรือประสานขนส่งตามข้อตกลง","yes","yes","2","no","yes","yes"
"/รับซื้อ/รับซื้อ-server-ศรีสะเกษ","service-x-location","G-SA-รับซื้อ-server","รับซื้อ-server","ศรีสะเกษ","227","รับซื้อ Server และตู้ Rack ศรีสะเกษ ประเมินราคาฟรี นัดรับหรือประสานขนส่งตามข้อตกลง","yes","yes","2","no","yes","yes"
"/รับซื้อ/รับซื้อ-server-สกลนคร","service-x-location","G-SA-รับซื้อ-server","รับซื้อ-server","สกลนคร","221","รับซื้อ Server และตู้ Rack สกลนคร ประเมินราคาฟรี นัดรับหรือประสานขนส่งตามข้อตกลง","yes","yes","2","no","yes","yes"
"/รับซื้อ/รับซื้อ-server-สุรินทร์","service-x-location","G-SA-รับซื้อ-server","รับซื้อ-server","สุรินทร์","224","รับซื้อ Server และตู้ Rack สุรินทร์ ประเมินราคาฟรี นัดรับหรือประสานขนส่งตามข้อตกลง","yes","yes","2","no","yes","yes"
"/รับซื้อ/รับซื้อ-server-หนองคาย","service-x-location","G-SA-รับซื้อ-server","รับซื้อ-server","หนองคาย","221","รับซื้อ Server และตู้ Rack หนองคาย ประเมินราคาฟรี นัดรับหรือประสานขนส่งตามข้อตกลง","yes","yes","2","no","yes","yes"
"/รับซื้อ/รับซื้อ-server-หนองบัวลำภู","service-x-location","G-SA-รับซื้อ-server","รับซื้อ-server","หนองบัวลำภู","227","รับซื้อ Server และตู้ Rack หนองบัวลำภู ประเมินราคาฟรี นัดรับหรือประสานขนส่งตามข้อตกลง","yes","yes","2","no","yes","yes"
"/รับซื้อ/รับซื้อ-server-อำนาจเจริญ","service-x-location","G-SA-รับซื้อ-server","รับซื้อ-server","อำนาจเจริญ","221","รับซื้อ Server และตู้ Rack อำนาจเจริญ ประเมินราคาฟรี นัดรับหรือประสานขนส่งตามข้อตกลง","yes","yes","2","no","yes","yes"
"/รับซื้อ/รับซื้อ-server-อุดรธานี","service-x-location","G-SA-รับซื้อ-server","รับซื้อ-server","อุดรธานี","224","รับซื้อ Server และตู้ Rack อุดรธานี ประเมินราคาฟรี นัดรับหรือประสานขนส่งตามข้อตกลง","yes","yes","2","no","yes","yes"
"/รับซื้อ/รับซื้อ-server-อุบลราชธานี","service-x-location","G-SA-รับซื้อ-server","รับซื้อ-server","อุบลราชธานี","224","รับซื้อ Server และตู้ Rack อุบลราชธานี ประเมินราคาฟรี นัดรับหรือประสานขนส่งตามข้อตกลง","yes","yes","2","no","yes","yes"
"/รับซื้อ/รับซื้อ-ups-กาฬสินธุ์","service-x-location","G-SA-รับซื้อ-ups","รับซื้อ-ups","กาฬสินธุ์","227","รับซื้อ UPS และเครื่องสำรองไฟ กาฬสินธุ์ ประเมินราคาฟรี นัดรับหรือประสานขนส่งตามข้อตกลง","yes","yes","2","no","yes","yes"
"/รับซื้อ/รับซื้อ-ups-ขอนแก่น","service-x-location","G-SA-รับซื้อ-ups","รับซื้อ-ups","ขอนแก่น","221","รับซื้อ UPS และเครื่องสำรองไฟ ขอนแก่น ประเมินราคาฟรี นัดรับหรือประสานขนส่งตามข้อตกลง","yes","yes","2","no","yes","yes"
"/รับซื้อ/รับซื้อ-ups-ชัยภูมิ","service-x-location","G-SA-รับซื้อ-ups","รับซื้อ-ups","ชัยภูมิ","224","รับซื้อ UPS และเครื่องสำรองไฟ ชัยภูมิ ประเมินราคาฟรี นัดรับหรือประสานขนส่งตามข้อตกลง","yes","yes","2","no","yes","yes"
"/รับซื้อ/รับซื้อ-ups-นครพนม","service-x-location","G-SA-รับซื้อ-ups","รับซื้อ-ups","นครพนม","221","รับซื้อ UPS และเครื่องสำรองไฟ นครพนม ประเมินราคาฟรี นัดรับหรือประสานขนส่งตามข้อตกลง","yes","yes","2","no","yes","yes"
"/รับซื้อ/รับซื้อ-ups-นครราชสีมา","service-x-location","G-SA-รับซื้อ-ups","รับซื้อ-ups","นครราชสีมา","227","รับซื้อ UPS และเครื่องสำรองไฟ นครราชสีมา ประเมินราคาฟรี นัดรับหรือประสานขนส่งตามข้อตกลง","yes","yes","2","no","yes","yes"
"/รับซื้อ/รับซื้อ-ups-บึงกาฬ","service-x-location","G-SA-รับซื้อ-ups","รับซื้อ-ups","บึงกาฬ","224","รับซื้อ UPS และเครื่องสำรองไฟ บึงกาฬ ประเมินราคาฟรี นัดรับหรือประสานขนส่งตามข้อตกลง","yes","yes","2","no","yes","yes"
"/รับซื้อ/รับซื้อ-ups-บุรีรัมย์","service-x-location","G-SA-รับซื้อ-ups","รับซื้อ-ups","บุรีรัมย์","224","รับซื้อ UPS และเครื่องสำรองไฟ บุรีรัมย์ ประเมินราคาฟรี นัดรับหรือประสานขนส่งตามข้อตกลง","yes","yes","2","no","yes","yes"
"/รับซื้อ/รับซื้อ-ups-มหาสารคาม","service-x-location","G-SA-รับซื้อ-ups","รับซื้อ-ups","มหาสารคาม","221","รับซื้อ UPS และเครื่องสำรองไฟ มหาสารคาม ประเมินราคาฟรี นัดรับหรือประสานขนส่งตามข้อตกลง","yes","yes","2","no","yes","yes"
"/รับซื้อ/รับซื้อ-ups-มุกดาหาร","service-x-location","G-SA-รับซื้อ-ups","รับซื้อ-ups","มุกดาหาร","224","รับซื้อ UPS และเครื่องสำรองไฟ มุกดาหาร ประเมินราคาฟรี นัดรับหรือประสานขนส่งตามข้อตกลง","yes","yes","2","no","yes","yes"
"/รับซื้อ/รับซื้อ-ups-ยโสธร","service-x-location","G-SA-รับซื้อ-ups","รับซื้อ-ups","ยโสธร","221","รับซื้อ UPS และเครื่องสำรองไฟ ยโสธร ประเมินราคาฟรี นัดรับหรือประสานขนส่งตามข้อตกลง","yes","yes","2","no","yes","yes"
"/รับซื้อ/รับซื้อ-ups-ร้อยเอ็ด","service-x-location","G-SA-รับซื้อ-ups","รับซื้อ-ups","ร้อยเอ็ด","224","รับซื้อ UPS และเครื่องสำรองไฟ ร้อยเอ็ด ประเมินราคาฟรี นัดรับหรือประสานขนส่งตามข้อตกลง","yes","yes","2","no","yes","yes"
"/รับซื้อ/รับซื้อ-ups-เลย","service-x-location","G-SA-รับซื้อ-ups","รับซื้อ-ups","เลย","221","รับซื้อ UPS และเครื่องสำรองไฟ เลย ประเมินราคาฟรี นัดรับหรือประสานขนส่งตามข้อตกลง","yes","yes","2","no","yes","yes"
"/รับซื้อ/รับซื้อ-ups-ศรีสะเกษ","service-x-location","G-SA-รับซื้อ-ups","รับซื้อ-ups","ศรีสะเกษ","227","รับซื้อ UPS และเครื่องสำรองไฟ ศรีสะเกษ ประเมินราคาฟรี นัดรับหรือประสานขนส่งตามข้อตกลง","yes","yes","2","no","yes","yes"
"/รับซื้อ/รับซื้อ-ups-สกลนคร","service-x-location","G-SA-รับซื้อ-ups","รับซื้อ-ups","สกลนคร","221","รับซื้อ UPS และเครื่องสำรองไฟ สกลนคร ประเมินราคาฟรี นัดรับหรือประสานขนส่งตามข้อตกลง","yes","yes","2","no","yes","yes"
"/รับซื้อ/รับซื้อ-ups-สุรินทร์","service-x-location","G-SA-รับซื้อ-ups","รับซื้อ-ups","สุรินทร์","224","รับซื้อ UPS และเครื่องสำรองไฟ สุรินทร์ ประเมินราคาฟรี นัดรับหรือประสานขนส่งตามข้อตกลง","yes","yes","2","no","yes","yes"
"/รับซื้อ/รับซื้อ-ups-หนองคาย","service-x-location","G-SA-รับซื้อ-ups","รับซื้อ-ups","หนองคาย","221","รับซื้อ UPS และเครื่องสำรองไฟ หนองคาย ประเมินราคาฟรี นัดรับหรือประสานขนส่งตามข้อตกลง","yes","yes","2","no","yes","yes"
"/รับซื้อ/รับซื้อ-ups-หนองบัวลำภู","service-x-location","G-SA-รับซื้อ-ups","รับซื้อ-ups","หนองบัวลำภู","227","รับซื้อ UPS และเครื่องสำรองไฟ หนองบัวลำภู ประเมินราคาฟรี นัดรับหรือประสานขนส่งตามข้อตกลง","yes","yes","2","no","yes","yes"
"/รับซื้อ/รับซื้อ-ups-อำนาจเจริญ","service-x-location","G-SA-รับซื้อ-ups","รับซื้อ-ups","อำนาจเจริญ","221","รับซื้อ UPS และเครื่องสำรองไฟ อำนาจเจริญ ประเมินราคาฟรี นัดรับหรือประสานขนส่งตามข้อตกลง","yes","yes","2","no","yes","yes"
"/รับซื้อ/รับซื้อ-ups-อุดรธานี","service-x-location","G-SA-รับซื้อ-ups","รับซื้อ-ups","อุดรธานี","224","รับซื้อ UPS และเครื่องสำรองไฟ อุดรธานี ประเมินราคาฟรี นัดรับหรือประสานขนส่งตามข้อตกลง","yes","yes","2","no","yes","yes"
"/รับซื้อ/รับซื้อ-ups-อุบลราชธานี","service-x-location","G-SA-รับซื้อ-ups","รับซื้อ-ups","อุบลราชธานี","224","รับซื้อ UPS และเครื่องสำรองไฟ อุบลราชธานี ประเมินราคาฟรี นัดรับหรือประสานขนส่งตามข้อตกลง","yes","yes","2","no","yes","yes"
"/รับซื้อ/รับเหมาประมูลอุปกรณ์ไอที-กาฬสินธุ์","service-x-location","G-SA-OTHER","รับเหมาประมูลอุปกรณ์ไอที","กาฬสินธุ์","232","รับซื้อ อุปกรณ์ไอทีบริษัทและประมูล กาฬสินธุ์ ประเมินราคาฟรี นัดรับหรือประสานขนส่งตามข้อตกลง","yes","yes","2","no","yes","yes"
"/รับซื้อ/รับเหมาประมูลอุปกรณ์ไอที-ขอนแก่น","service-x-location","G-SA-OTHER","รับเหมาประมูลอุปกรณ์ไอที","ขอนแก่น","226","รับซื้อ อุปกรณ์ไอทีบริษัทและประมูล ขอนแก่น ประเมินราคาฟรี นัดรับหรือประสานขนส่งตามข้อตกลง","yes","yes","2","no","yes","yes"
"/รับซื้อ/รับเหมาประมูลอุปกรณ์ไอที-ชัยภูมิ","service-x-location","G-SA-OTHER","รับเหมาประมูลอุปกรณ์ไอที","ชัยภูมิ","229","รับซื้อ อุปกรณ์ไอทีบริษัทและประมูล ชัยภูมิ ประเมินราคาฟรี นัดรับหรือประสานขนส่งตามข้อตกลง","yes","yes","2","no","yes","yes"
"/รับซื้อ/รับเหมาประมูลอุปกรณ์ไอที-นครพนม","service-x-location","G-SA-OTHER","รับเหมาประมูลอุปกรณ์ไอที","นครพนม","226","รับซื้อ อุปกรณ์ไอทีบริษัทและประมูล นครพนม ประเมินราคาฟรี นัดรับหรือประสานขนส่งตามข้อตกลง","yes","yes","2","no","yes","yes"
"/รับซื้อ/รับเหมาประมูลอุปกรณ์ไอที-นครราชสีมา","service-x-location","G-SA-OTHER","รับเหมาประมูลอุปกรณ์ไอที","นครราชสีมา","232","รับซื้อ อุปกรณ์ไอทีบริษัทและประมูล นครราชสีมา ประเมินราคาฟรี นัดรับหรือประสานขนส่งตามข้อตกลง","yes","yes","2","no","yes","yes"
"/รับซื้อ/รับเหมาประมูลอุปกรณ์ไอที-บึงกาฬ","service-x-location","G-SA-OTHER","รับเหมาประมูลอุปกรณ์ไอที","บึงกาฬ","229","รับซื้อ อุปกรณ์ไอทีบริษัทและประมูล บึงกาฬ ประเมินราคาฟรี นัดรับหรือประสานขนส่งตามข้อตกลง","yes","yes","2","no","yes","yes"
"/รับซื้อ/รับเหมาประมูลอุปกรณ์ไอที-บุรีรัมย์","service-x-location","G-SA-OTHER","รับเหมาประมูลอุปกรณ์ไอที","บุรีรัมย์","229","รับซื้อ อุปกรณ์ไอทีบริษัทและประมูล บุรีรัมย์ ประเมินราคาฟรี นัดรับหรือประสานขนส่งตามข้อตกลง","yes","yes","2","no","yes","yes"
"/รับซื้อ/รับเหมาประมูลอุปกรณ์ไอที-มหาสารคาม","service-x-location","G-SA-OTHER","รับเหมาประมูลอุปกรณ์ไอที","มหาสารคาม","226","รับซื้อ อุปกรณ์ไอทีบริษัทและประมูล มหาสารคาม ประเมินราคาฟรี นัดรับหรือประสานขนส่งตามข้อตกลง","yes","yes","2","no","yes","yes"
"/รับซื้อ/รับเหมาประมูลอุปกรณ์ไอที-มุกดาหาร","service-x-location","G-SA-OTHER","รับเหมาประมูลอุปกรณ์ไอที","มุกดาหาร","229","รับซื้อ อุปกรณ์ไอทีบริษัทและประมูล มุกดาหาร ประเมินราคาฟรี นัดรับหรือประสานขนส่งตามข้อตกลง","yes","yes","2","no","yes","yes"
"/รับซื้อ/รับเหมาประมูลอุปกรณ์ไอที-ยโสธร","service-x-location","G-SA-OTHER","รับเหมาประมูลอุปกรณ์ไอที","ยโสธร","226","รับซื้อ อุปกรณ์ไอทีบริษัทและประมูล ยโสธร ประเมินราคาฟรี นัดรับหรือประสานขนส่งตามข้อตกลง","yes","yes","2","no","yes","yes"
"/รับซื้อ/รับเหมาประมูลอุปกรณ์ไอที-ร้อยเอ็ด","service-x-location","G-SA-OTHER","รับเหมาประมูลอุปกรณ์ไอที","ร้อยเอ็ด","229","รับซื้อ อุปกรณ์ไอทีบริษัทและประมูล ร้อยเอ็ด ประเมินราคาฟรี นัดรับหรือประสานขนส่งตามข้อตกลง","yes","yes","2","no","yes","yes"
"/รับซื้อ/รับเหมาประมูลอุปกรณ์ไอที-เลย","service-x-location","G-SA-OTHER","รับเหมาประมูลอุปกรณ์ไอที","เลย","226","รับซื้อ อุปกรณ์ไอทีบริษัทและประมูล เลย ประเมินราคาฟรี นัดรับหรือประสานขนส่งตามข้อตกลง","yes","yes","2","no","yes","yes"
"/รับซื้อ/รับเหมาประมูลอุปกรณ์ไอที-ศรีสะเกษ","service-x-location","G-SA-OTHER","รับเหมาประมูลอุปกรณ์ไอที","ศรีสะเกษ","232","รับซื้อ อุปกรณ์ไอทีบริษัทและประมูล ศรีสะเกษ ประเมินราคาฟรี นัดรับหรือประสานขนส่งตามข้อตกลง","yes","yes","2","no","yes","yes"
"/รับซื้อ/รับเหมาประมูลอุปกรณ์ไอที-สกลนคร","service-x-location","G-SA-OTHER","รับเหมาประมูลอุปกรณ์ไอที","สกลนคร","226","รับซื้อ อุปกรณ์ไอทีบริษัทและประมูล สกลนคร ประเมินราคาฟรี นัดรับหรือประสานขนส่งตามข้อตกลง","yes","yes","2","no","yes","yes"
"/รับซื้อ/รับเหมาประมูลอุปกรณ์ไอที-สุรินทร์","service-x-location","G-SA-OTHER","รับเหมาประมูลอุปกรณ์ไอที","สุรินทร์","229","รับซื้อ อุปกรณ์ไอทีบริษัทและประมูล สุรินทร์ ประเมินราคาฟรี นัดรับหรือประสานขนส่งตามข้อตกลง","yes","yes","2","no","yes","yes"
"/รับซื้อ/รับเหมาประมูลอุปกรณ์ไอที-หนองคาย","service-x-location","G-SA-OTHER","รับเหมาประมูลอุปกรณ์ไอที","หนองคาย","226","รับซื้อ อุปกรณ์ไอทีบริษัทและประมูล หนองคาย ประเมินราคาฟรี นัดรับหรือประสานขนส่งตามข้อตกลง","yes","yes","2","no","yes","yes"
"/รับซื้อ/รับเหมาประมูลอุปกรณ์ไอที-หนองบัวลำภู","service-x-location","G-SA-OTHER","รับเหมาประมูลอุปกรณ์ไอที","หนองบัวลำภู","232","รับซื้อ อุปกรณ์ไอทีบริษัทและประมูล หนองบัวลำภู ประเมินราคาฟรี นัดรับหรือประสานขนส่งตามข้อตกลง","yes","yes","2","no","yes","yes"
"/รับซื้อ/รับเหมาประมูลอุปกรณ์ไอที-อำนาจเจริญ","service-x-location","G-SA-OTHER","รับเหมาประมูลอุปกรณ์ไอที","อำนาจเจริญ","226","รับซื้อ อุปกรณ์ไอทีบริษัทและประมูล อำนาจเจริญ ประเมินราคาฟรี นัดรับหรือประสานขนส่งตามข้อตกลง","yes","yes","2","no","yes","yes"
"/รับซื้อ/รับเหมาประมูลอุปกรณ์ไอที-อุดรธานี","service-x-location","G-SA-OTHER","รับเหมาประมูลอุปกรณ์ไอที","อุดรธานี","229","รับซื้อ อุปกรณ์ไอทีบริษัทและประมูล อุดรธานี ประเมินราคาฟรี นัดรับหรือประสานขนส่งตามข้อตกลง","yes","yes","2","no","yes","yes"
"/รับซื้อ/รับเหมาประมูลอุปกรณ์ไอที-อุบลราชธานี","service-x-location","G-SA-OTHER","รับเหมาประมูลอุปกรณ์ไอที","อุบลราชธานี","229","รับซื้อ อุปกรณ์ไอทีบริษัทและประมูล อุบลราชธานี ประเมินราคาฟรี นัดรับหรือประสานขนส่งตามข้อตกลง","yes","yes","2","no","yes","yes"
"/blog/ขาย-iphone-มือสอง-ต้องเตรียมอะไรบ้าง","blog-article","G-BLOG-THIN","","","211","ขาย iPhone มือสอง ต้องเตรียมอะไรบ้าง ก่อนรับเงิน","yes","yes","3","no","yes","yes"
"/blog/คอมบริษัทเก่า-ขายยังไง","blog-article","G-BLOG-THIN","","","182","คอมบริษัทเก่า ขายยังไง ให้ได้ราคาและปลอดภัย","yes","yes","1","no","yes","yes"
"/blog/โน๊ตบุ๊คเสีย-ขายได้ไหม","blog-article","G-BLOG-THIN","","","186","โน๊ตบุ๊คเสีย ขายได้ไหม รับซื้อทุกสภาพ","yes","yes","2","no","yes","yes"
"/blog/รับซื้อสินค้าไอทีถึงที่-ปลอดภัยไหม","blog-article","G-BLOG-THIN","","","202","รับซื้อสินค้าไอทีถึงที่ ปลอดภัยไหม","yes","yes","1","no","yes","yes"
"/blog/วิธีเช็กราคาก่อนขายโน๊ตบุ๊คมือสอง","blog-article","G-BLOG-THIN","","","257","วิธีเช็กราคาก่อนขายโน๊ตบุ๊คมือสอง ให้ได้ราคาดี","yes","yes","2","no","yes","yes"
"/blog/วิธีเตรียมเครื่องก่อนขายสินค้าไอที","blog-article","G-BLOG-THIN","","","184","วิธีเตรียมเครื่องก่อนขายสินค้าไอที ครบทุกประเภท","yes","yes","3","no","yes","yes"
"/contact","utility","G-UTILITY","","","205","ติดต่อเรา","yes","yes","1185","no","yes","no"
"/privacy-policy","utility","G-UTILITY","","","293","นโยบายความเป็นส่วนตัว","yes","yes","1185","no","yes","no"
