target_url,reference_type,source_file,source_url,anchor_text,production_visible,points_to_404,expected_action
https://amphon.co.th/รับซื้อ/รับซื้อ-hdd-สกลนคร,redirect_config,vercel.json,,,config,no,ok_after_encoding_fix
https://amphon.co.th/รับซื้อ/รับซื้อ-hdd-นครพนม,redirect_config,vercel.json,,,config,no,ok_after_encoding_fix
https://amphon.co.th/รับซื้อ/รับซื้อ-gopro-เลย,redirect_config,vercel.json,,,config,no,ok_after_encoding_fix
https://amphon.co.th/รับซื้อ/รับซื้อเลนส์-อุดรธานี,redirect_config,vercel.json,,,config,no,ok_after_encoding_fix
https://amphon.co.th/รับซื้อ/รับซื้อเลนส์-นครพนม,redirect_config,vercel.json,,,config,no,ok_after_encoding_fix
https://amphon.co.th/รับซื้อ/รับซื้อ-gopro-อุดรธานี,redirect_config,vercel.json,,,config,no,ok_after_encoding_fix
https://amphon.co.th/รับซื้อ/รับซื้อ-hdd-หนองบัวลำภู,redirect_config,vercel.json,,,config,no,ok_after_encoding_fix
https://amphon.co.th/รับซื้อ/รับซื้อ-gopro-บึงกาฬ,redirect_config,vercel.json,,,config,no,ok_after_encoding_fix
https://amphon.co.th/รับซื้อ/รับซื้อเลนส์-ชัยภูมิ,redirect_config,vercel.json,,,config,no,ok_after_encoding_fix
https://amphon.co.th/รับซื้อ/รับซื้อเลนส์-หนองคาย,redirect_config,vercel.json,,,config,no,ok_after_encoding_fix
https://amphon.co.th/รับซื้อ/รับซื้อ-hdd-อุบลราชธานี,redirect_config,vercel.json,,,config,no,ok_after_encoding_fix
https://amphon.co.th/บริการ/รับซื้อสินค้าไอที,content_mention,src/content/services/รับซื้อ-server-network.md,,,maybe,no,ok_after_encoding_fix
https://amphon.co.th/บริการ/รับซื้อสินค้าไอที,content_mention,src/content/services/รับซื้อคอมบริษัท.md,,,maybe,no,ok_after_encoding_fix
https://amphon.co.th/บริการ/รับซื้อสินค้าไอที,content_mention,src/content/services/รับซื้อคอมยกล็อต.md,,,maybe,no,ok_after_encoding_fix
https://amphon.co.th/บริการ/รับซื้อสินค้าไอที,content_mention,src/content/services/รับซื้อคอมสำนักงาน.md,,,maybe,no,ok_after_encoding_fix
https://amphon.co.th/บริการ/รับซื้อสินค้าไอที,content_mention,src/content/services/รับซื้ออุปกรณ์ไอทีบริษัท.md,,,maybe,no,ok_after_encoding_fix
https://amphon.co.th/บริการ/รับซื้อสินค้าไอที,content_mention,src/content/services/รับเคลียร์อุปกรณ์ไอทีสำนักงาน.md,,,maybe,no,ok_after_encoding_fix
https://amphon.co.th/บริการ/รับซื้อสินค้าไอที,content_mention,src/content/services/รับเหมาประมูลอุปกรณ์ไอที.md,,,maybe,no,ok_after_encoding_fix
https://amphon.co.th/บริการ/รับซื้อสินค้าไอที,source_mention,src/layouts/ServiceLayout.astro,,,maybe,no,ok_after_encoding_fix
https://amphon.co.th/บริการ/รับซื้อสินค้าไอที,redirect_config,vercel.json,,,config,no,ok_after_encoding_fix
https://amphon.co.th/รับซื้อ/รับซื้อ-hdd-บึงกาฬ,redirect_config,vercel.json,,,config,no,ok_after_encoding_fix
https://amphon.co.th/รับซื้อ/รับซื้อเลนส์-ร้อยเอ็ด,redirect_config,vercel.json,,,config,no,ok_after_encoding_fix
https://amphon.co.th/blog/how-to-reset-playstation,redirect_config,vercel.json,,,config,no,ok_after_encoding_fix
https://amphon.co.th/blog/check-nintendo-joycon,redirect_config,vercel.json,,,config,no,ok_after_encoding_fix
https://amphon.co.th/บริการ/รับซื้อ-storage-nas,redirect_config,vercel.json,,,config,no,ok_after_encoding_fix
https://amphon.co.th/บริการ/รับซื้อ-gopro,content_mention,src/content/serviceAreas/รับซื้อ-gopro-กาฬสินธุ์.md,,,maybe,no,ok_after_encoding_fix
https://amphon.co.th/บริการ/รับซื้อ-gopro,content_mention,src/content/serviceAreas/รับซื้อ-gopro-ขอนแก่น.md,,,maybe,no,ok_after_encoding_fix
https://amphon.co.th/บริการ/รับซื้อ-gopro,content_mention,src/content/serviceAreas/รับซื้อ-gopro-ชัยภูมิ.md,,,maybe,no,ok_after_encoding_fix
https://amphon.co.th/บริการ/รับซื้อ-gopro,content_mention,src/content/serviceAreas/รับซื้อ-gopro-นครพนม.md,,,maybe,no,ok_after_encoding_fix
https://amphon.co.th/บริการ/รับซื้อ-gopro,content_mention,src/content/serviceAreas/รับซื้อ-gopro-นครราชสีมา.md,,,maybe,no,ok_after_encoding_fix
https://amphon.co.th/บริการ/รับซื้อ-gopro,content_mention,src/content/serviceAreas/รับซื้อ-gopro-บึงกาฬ.md,,,maybe,no,ok_after_encoding_fix
https://amphon.co.th/บริการ/รับซื้อ-gopro,content_mention,src/content/serviceAreas/รับซื้อ-gopro-บุรีรัมย์.md,,,maybe,no,ok_after_encoding_fix
https://amphon.co.th/บริการ/รับซื้อ-gopro,content_mention,src/content/serviceAreas/รับซื้อ-gopro-มหาสารคาม.md,,,maybe,no,ok_after_encoding_fix
https://amphon.co.th/บริการ/รับซื้อ-gopro,content_mention,src/content/serviceAreas/รับซื้อ-gopro-มุกดาหาร.md,,,maybe,no,ok_after_encoding_fix
https://amphon.co.th/บริการ/รับซื้อ-gopro,content_mention,src/content/serviceAreas/รับซื้อ-gopro-ยโสธร.md,,,maybe,no,ok_after_encoding_fix
https://amphon.co.th/บริการ/รับซื้อ-gopro,content_mention,src/content/serviceAreas/รับซื้อ-gopro-ร้อยเอ็ด.md,,,maybe,no,ok_after_encoding_fix
https://amphon.co.th/บริการ/รับซื้อ-gopro,content_mention,src/content/serviceAreas/รับซื้อ-gopro-ศรีสะเกษ.md,,,maybe,no,ok_after_encoding_fix
https://amphon.co.th/บริการ/รับซื้อ-gopro,content_mention,src/content/serviceAreas/รับซื้อ-gopro-สกลนคร.md,,,maybe,no,ok_after_encoding_fix
https://amphon.co.th/บริการ/รับซื้อ-gopro,content_mention,src/content/serviceAreas/รับซื้อ-gopro-สุรินทร์.md,,,maybe,no,ok_after_encoding_fix
https://amphon.co.th/บริการ/รับซื้อ-gopro,content_mention,src/content/serviceAreas/รับซื้อ-gopro-หนองคาย.md,,,maybe,no,ok_after_encoding_fix
https://amphon.co.th/บริการ/รับซื้อ-gopro,content_mention,src/content/serviceAreas/รับซื้อ-gopro-หนองบัวลำภู.md,,,maybe,no,ok_after_encoding_fix
https://amphon.co.th/บริการ/รับซื้อ-gopro,content_mention,src/content/serviceAreas/รับซื้อ-gopro-อำนาจเจริญ.md,,,maybe,no,ok_after_encoding_fix
https://amphon.co.th/บริการ/รับซื้อ-gopro,content_mention,src/content/serviceAreas/รับซื้อ-gopro-อุดรธานี.md,,,maybe,no,ok_after_encoding_fix
https://amphon.co.th/บริการ/รับซื้อ-gopro,content_mention,src/content/serviceAreas/รับซื้อ-gopro-อุบลราชธานี.md,,,maybe,no,ok_after_encoding_fix
https://amphon.co.th/บริการ/รับซื้อ-gopro,content_mention,src/content/serviceAreas/รับซื้อ-gopro-เลย.md,,,maybe,no,ok_after_encoding_fix
https://amphon.co.th/บริการ/รับซื้อ-gopro,content_mention,src/content/services/รับซื้อกล้อง.md,,,maybe,no,ok_after_encoding_fix
https://amphon.co.th/บริการ/รับซื้อ-gopro,content_mention,src/content/services/รับซื้อสินค้าไอที.md,,,maybe,no,ok_after_encoding_fix
https://amphon.co.th/บริการ/รับซื้อ-gopro,content_mention,src/content/services/รับซื้อโดรน.md,,,maybe,no,ok_after_encoding_fix
https://amphon.co.th/บริการ/รับซื้อ-gopro,source_mention,src/layouts/ServiceLayout.astro,,,maybe,no,ok_after_encoding_fix
https://amphon.co.th/บริการ/รับซื้อ-gopro,seo_policy,src/config/seo-policy.ts,,,maybe,no,ok_after_encoding_fix
https://amphon.co.th/บริการ/รับซื้อ-gopro,redirect_config,vercel.json,,,config,no,ok_after_encoding_fix
https://amphon.co.th/บริการ/รับซื้อเลนส์,content_mention,src/content/blog/ขายกล้อง-sony-มือสอง-ต้องเช็กอะไรบ้าง.md,,,maybe,no,ok_after_encoding_fix
https://amphon.co.th/บริการ/รับซื้อเลนส์,content_mention,src/content/blog/เลนส์มีฝ้า-รา-ฝุ่น-โฟกัสเสีย-ขายได้ไหม.md,,,maybe,no,ok_after_encoding_fix
https://amphon.co.th/บริการ/รับซื้อเลนส์,content_mention,src/content/serviceAreas/รับซื้อเลนส์-กาฬสินธุ์.md,,,maybe,no,ok_after_encoding_fix
https://amphon.co.th/บริการ/รับซื้อเลนส์,content_mention,src/content/serviceAreas/รับซื้อเลนส์-ขอนแก่น.md,,,maybe,no,ok_after_encoding_fix
https://amphon.co.th/บริการ/รับซื้อเลนส์,content_mention,src/content/serviceAreas/รับซื้อเลนส์-ชัยภูมิ.md,,,maybe,no,ok_after_encoding_fix
https://amphon.co.th/บริการ/รับซื้อเลนส์,content_mention,src/content/serviceAreas/รับซื้อเลนส์-นครพนม.md,,,maybe,no,ok_after_encoding_fix
https://amphon.co.th/บริการ/รับซื้อเลนส์,content_mention,src/content/serviceAreas/รับซื้อเลนส์-นครราชสีมา.md,,,maybe,no,ok_after_encoding_fix
https://amphon.co.th/บริการ/รับซื้อเลนส์,content_mention,src/content/serviceAreas/รับซื้อเลนส์-บึงกาฬ.md,,,maybe,no,ok_after_encoding_fix
https://amphon.co.th/บริการ/รับซื้อเลนส์,content_mention,src/content/serviceAreas/รับซื้อเลนส์-บุรีรัมย์.md,,,maybe,no,ok_after_encoding_fix
https://amphon.co.th/บริการ/รับซื้อเลนส์,content_mention,src/content/serviceAreas/รับซื้อเลนส์-มหาสารคาม.md,,,maybe,no,ok_after_encoding_fix
https://amphon.co.th/บริการ/รับซื้อเลนส์,content_mention,src/content/serviceAreas/รับซื้อเลนส์-มุกดาหาร.md,,,maybe,no,ok_after_encoding_fix
https://amphon.co.th/บริการ/รับซื้อเลนส์,content_mention,src/content/serviceAreas/รับซื้อเลนส์-ยโสธร.md,,,maybe,no,ok_after_encoding_fix
https://amphon.co.th/บริการ/รับซื้อเลนส์,content_mention,src/content/serviceAreas/รับซื้อเลนส์-ร้อยเอ็ด.md,,,maybe,no,ok_after_encoding_fix
https://amphon.co.th/บริการ/รับซื้อเลนส์,content_mention,src/content/serviceAreas/รับซื้อเลนส์-ศรีสะเกษ.md,,,maybe,no,ok_after_encoding_fix
https://amphon.co.th/บริการ/รับซื้อเลนส์,content_mention,src/content/serviceAreas/รับซื้อเลนส์-สกลนคร.md,,,maybe,no,ok_after_encoding_fix
https://amphon.co.th/บริการ/รับซื้อเลนส์,content_mention,src/content/serviceAreas/รับซื้อเลนส์-สุรินทร์.md,,,maybe,no,ok_after_encoding_fix
https://amphon.co.th/บริการ/รับซื้อเลนส์,content_mention,src/content/serviceAreas/รับซื้อเลนส์-หนองคาย.md,,,maybe,no,ok_after_encoding_fix
https://amphon.co.th/บริการ/รับซื้อเลนส์,content_mention,src/content/serviceAreas/รับซื้อเลนส์-หนองบัวลำภู.md,,,maybe,no,ok_after_encoding_fix
https://amphon.co.th/บริการ/รับซื้อเลนส์,content_mention,src/content/serviceAreas/รับซื้อเลนส์-อำนาจเจริญ.md,,,maybe,no,ok_after_encoding_fix
https://amphon.co.th/บริการ/รับซื้อเลนส์,content_mention,src/content/serviceAreas/รับซื้อเลนส์-อุดรธานี.md,,,maybe,no,ok_after_encoding_fix
https://amphon.co.th/บริการ/รับซื้อเลนส์,content_mention,src/content/serviceAreas/รับซื้อเลนส์-อุบลราชธานี.md,,,maybe,no,ok_after_encoding_fix
https://amphon.co.th/บริการ/รับซื้อเลนส์,content_mention,src/content/serviceAreas/รับซื้อเลนส์-เลย.md,,,maybe,no,ok_after_encoding_fix
https://amphon.co.th/บริการ/รับซื้อเลนส์,content_mention,src/content/services/รับซื้อกล้อง-canon.md,,,maybe,no,ok_after_encoding_fix
https://amphon.co.th/บริการ/รับซื้อเลนส์,content_mention,src/content/services/รับซื้อกล้อง-fujifilm.md,,,maybe,no,ok_after_encoding_fix
https://amphon.co.th/บริการ/รับซื้อเลนส์,content_mention,src/content/services/รับซื้อกล้อง-mirrorless.md,,,maybe,no,ok_after_encoding_fix
https://amphon.co.th/บริการ/รับซื้อเลนส์,content_mention,src/content/services/รับซื้อกล้อง-nikon.md,,,maybe,no,ok_after_encoding_fix
https://amphon.co.th/บริการ/รับซื้อเลนส์,content_mention,src/content/services/รับซื้อกล้อง-sony.md,,,maybe,no,ok_after_encoding_fix
https://amphon.co.th/บริการ/รับซื้อเลนส์,content_mention,src/content/services/รับซื้อกล้อง.md,,,maybe,no,ok_after_encoding_fix
https://amphon.co.th/บริการ/รับซื้อเลนส์,content_mention,src/content/services/รับซื้อกล้องฟิล์ม.md,,,maybe,no,ok_after_encoding_fix
https://amphon.co.th/บริการ/รับซื้อเลนส์,content_mention,src/content/services/รับซื้อกล้องเสีย.md,,,maybe,no,ok_after_encoding_fix
https://amphon.co.th/บริการ/รับซื้อเลนส์,source_mention,src/pages/บริการ/รับซื้อเลนส์.astro,,,maybe,no,ok_after_encoding_fix
https://amphon.co.th/บริการ/รับซื้อเลนส์,source_mention,src/layouts/ServiceLayout.astro,,,maybe,no,ok_after_encoding_fix
https://amphon.co.th/บริการ/รับซื้อเลนส์,seo_policy,src/config/seo-policy.ts,,,maybe,no,ok_after_encoding_fix
https://amphon.co.th/บริการ/รับซื้อเลนส์,redirect_config,vercel.json,,,config,no,ok_after_encoding_fix
https://amphon.co.th/บริการ/รับซื้อ-hdd,seo_policy,src/config/seo-policy.ts,,,maybe,no,ok_after_encoding_fix
https://amphon.co.th/บริการ/รับซื้อ-hdd,redirect_config,vercel.json,,,config,no,ok_after_encoding_fix
