url,request_variant,method,initial_status,redirect_count,redirect_chain,final_url,final_status,content_type,charset,location_header,location_non_ascii_raw,location_percent_encoded,query_preserved,body_language,result
https://amphon.co.th/รับซื้อ/รับซื้อ-hdd-สกลนคร,unicode-GET,GET,308,1,308:https://amphon.co.th/รับซื้อ/รับซื้อ-hdd-สกลนคร->/รับซื้อ/รับซื้อ-ssd-สกลนคร | 200:https://amphon.co.th/%E0%B8%A3%E0%B8%B1%E0%B8%9A%E0%B8%8B%E0%B8%B7%E0%B9%89%E0%B8%AD/%E0%B8%A3%E0%B8%B1%E0%B8%9A%E0%B8%8B%E0%B8%B7%E0%B9%89%E0%B8%AD-ssd-%E0%B8%AA%E0%B8%81%E0%B8%A5%E0%B8%99%E0%B8%84%E0%B8%A3,https://amphon.co.th/%E0%B8%A3%E0%B8%B1%E0%B8%9A%E0%B8%8B%E0%B8%B7%E0%B9%89%E0%B8%AD/%E0%B8%A3%E0%B8%B1%E0%B8%9A%E0%B8%8B%E0%B8%B7%E0%B9%89%E0%B8%AD-ssd-%E0%B8%AA%E0%B8%81%E0%B8%A5%E0%B8%99%E0%B8%84%E0%B8%A3,200,text/html; charset=utf-8,,/รับซื้อ/รับซื้อ-ssd-สกลนคร,yes,no,n/a,n/a_header_only,REDIRECT_THEN_200
https://amphon.co.th/รับซื้อ/รับซื้อ-hdd-สกลนคร,encoded-GET,GET,308,1,308:https://amphon.co.th/%E0%B8%A3%E0%B8%B1%E0%B8%9A%E0%B8%8B%E0%B8%B7%E0%B9%89%E0%B8%AD/%E0%B8%A3%E0%B8%B1%E0%B8%9A%E0%B8%8B%E0%B8%B7%E0%B9%89%E0%B8%AD-hdd-%E0%B8%AA%E0%B8%81%E0%B8%A5%E0%B8%99%E0%B8%84%E0%B8%A3->/รับซื้อ/รับซื้อ-ssd-สกลนคร | 200:https://amphon.co.th/%E0%B8%A3%E0%B8%B1%E0%B8%9A%E0%B8%8B%E0%B8%B7%E0%B9%89%E0%B8%AD/%E0%B8%A3%E0%B8%B1%E0%B8%9A%E0%B8%8B%E0%B8%B7%E0%B9%89%E0%B8%AD-ssd-%E0%B8%AA%E0%B8%81%E0%B8%A5%E0%B8%99%E0%B8%84%E0%B8%A3,https://amphon.co.th/%E0%B8%A3%E0%B8%B1%E0%B8%9A%E0%B8%8B%E0%B8%B7%E0%B9%89%E0%B8%AD/%E0%B8%A3%E0%B8%B1%E0%B8%9A%E0%B8%8B%E0%B8%B7%E0%B9%89%E0%B8%AD-ssd-%E0%B8%AA%E0%B8%81%E0%B8%A5%E0%B8%99%E0%B8%84%E0%B8%A3,200,text/html; charset=utf-8,,/รับซื้อ/รับซื้อ-ssd-สกลนคร,yes,no,n/a,n/a_header_only,REDIRECT_THEN_200
https://amphon.co.th/รับซื้อ/รับซื้อ-hdd-สกลนคร,unicode-query-GET,GET,308,1,308:https://amphon.co.th/รับซื้อ/รับซื้อ-hdd-สกลนคร?source=gsc404audit->/รับซื้อ/รับซื้อ-ssd-สกลนคร?source=gsc404audit | 200:https://amphon.co.th/%E0%B8%A3%E0%B8%B1%E0%B8%9A%E0%B8%8B%E0%B8%B7%E0%B9%89%E0%B8%AD/%E0%B8%A3%E0%B8%B1%E0%B8%9A%E0%B8%8B%E0%B8%B7%E0%B9%89%E0%B8%AD-ssd-%E0%B8%AA%E0%B8%81%E0%B8%A5%E0%B8%99%E0%B8%84%E0%B8%A3?source=gsc404audit,https://amphon.co.th/%E0%B8%A3%E0%B8%B1%E0%B8%9A%E0%B8%8B%E0%B8%B7%E0%B9%89%E0%B8%AD/%E0%B8%A3%E0%B8%B1%E0%B8%9A%E0%B8%8B%E0%B8%B7%E0%B9%89%E0%B8%AD-ssd-%E0%B8%AA%E0%B8%81%E0%B8%A5%E0%B8%99%E0%B8%84%E0%B8%A3?source=gsc404audit,200,text/html; charset=utf-8,,/รับซื้อ/รับซื้อ-ssd-สกลนคร?source=gsc404audit,yes,no,yes,n/a_header_only,REDIRECT_THEN_200
https://amphon.co.th/รับซื้อ/รับซื้อ-hdd-นครพนม,unicode-GET,GET,308,1,308:https://amphon.co.th/รับซื้อ/รับซื้อ-hdd-นครพนม->/รับซื้อ/รับซื้อ-ssd-นครพนม | 200:https://amphon.co.th/%E0%B8%A3%E0%B8%B1%E0%B8%9A%E0%B8%8B%E0%B8%B7%E0%B9%89%E0%B8%AD/%E0%B8%A3%E0%B8%B1%E0%B8%9A%E0%B8%8B%E0%B8%B7%E0%B9%89%E0%B8%AD-ssd-%E0%B8%99%E0%B8%84%E0%B8%A3%E0%B8%9E%E0%B8%99%E0%B8%A1,https://amphon.co.th/%E0%B8%A3%E0%B8%B1%E0%B8%9A%E0%B8%8B%E0%B8%B7%E0%B9%89%E0%B8%AD/%E0%B8%A3%E0%B8%B1%E0%B8%9A%E0%B8%8B%E0%B8%B7%E0%B9%89%E0%B8%AD-ssd-%E0%B8%99%E0%B8%84%E0%B8%A3%E0%B8%9E%E0%B8%99%E0%B8%A1,200,text/html; charset=utf-8,,/รับซื้อ/รับซื้อ-ssd-นครพนม,yes,no,n/a,n/a_header_only,REDIRECT_THEN_200
https://amphon.co.th/รับซื้อ/รับซื้อ-hdd-นครพนม,encoded-GET,GET,308,1,308:https://amphon.co.th/%E0%B8%A3%E0%B8%B1%E0%B8%9A%E0%B8%8B%E0%B8%B7%E0%B9%89%E0%B8%AD/%E0%B8%A3%E0%B8%B1%E0%B8%9A%E0%B8%8B%E0%B8%B7%E0%B9%89%E0%B8%AD-hdd-%E0%B8%99%E0%B8%84%E0%B8%A3%E0%B8%9E%E0%B8%99%E0%B8%A1->/รับซื้อ/รับซื้อ-ssd-นครพนม | 200:https://amphon.co.th/%E0%B8%A3%E0%B8%B1%E0%B8%9A%E0%B8%8B%E0%B8%B7%E0%B9%89%E0%B8%AD/%E0%B8%A3%E0%B8%B1%E0%B8%9A%E0%B8%8B%E0%B8%B7%E0%B9%89%E0%B8%AD-ssd-%E0%B8%99%E0%B8%84%E0%B8%A3%E0%B8%9E%E0%B8%99%E0%B8%A1,https://amphon.co.th/%E0%B8%A3%E0%B8%B1%E0%B8%9A%E0%B8%8B%E0%B8%B7%E0%B9%89%E0%B8%AD/%E0%B8%A3%E0%B8%B1%E0%B8%9A%E0%B8%8B%E0%B8%B7%E0%B9%89%E0%B8%AD-ssd-%E0%B8%99%E0%B8%84%E0%B8%A3%E0%B8%9E%E0%B8%99%E0%B8%A1,200,text/html; charset=utf-8,,/รับซื้อ/รับซื้อ-ssd-นครพนม,yes,no,n/a,n/a_header_only,REDIRECT_THEN_200
https://amphon.co.th/รับซื้อ/รับซื้อ-hdd-นครพนม,unicode-query-GET,GET,308,1,308:https://amphon.co.th/รับซื้อ/รับซื้อ-hdd-นครพนม?source=gsc404audit->/รับซื้อ/รับซื้อ-ssd-นครพนม?source=gsc404audit | 200:https://amphon.co.th/%E0%B8%A3%E0%B8%B1%E0%B8%9A%E0%B8%8B%E0%B8%B7%E0%B9%89%E0%B8%AD/%E0%B8%A3%E0%B8%B1%E0%B8%9A%E0%B8%8B%E0%B8%B7%E0%B9%89%E0%B8%AD-ssd-%E0%B8%99%E0%B8%84%E0%B8%A3%E0%B8%9E%E0%B8%99%E0%B8%A1?source=gsc404audit,https://amphon.co.th/%E0%B8%A3%E0%B8%B1%E0%B8%9A%E0%B8%8B%E0%B8%B7%E0%B9%89%E0%B8%AD/%E0%B8%A3%E0%B8%B1%E0%B8%9A%E0%B8%8B%E0%B8%B7%E0%B9%89%E0%B8%AD-ssd-%E0%B8%99%E0%B8%84%E0%B8%A3%E0%B8%9E%E0%B8%99%E0%B8%A1?source=gsc404audit,200,text/html; charset=utf-8,,/รับซื้อ/รับซื้อ-ssd-นครพนม?source=gsc404audit,yes,no,yes,n/a_header_only,REDIRECT_THEN_200
https://amphon.co.th/รับซื้อ/รับซื้อ-gopro-เลย,unicode-GET,GET,308,1,308:https://amphon.co.th/รับซื้อ/รับซื้อ-gopro-เลย->/บริการ/รับซื้อ-gopro-action-camera | 200:https://amphon.co.th/%E0%B8%9A%E0%B8%A3%E0%B8%B4%E0%B8%81%E0%B8%B2%E0%B8%A3/%E0%B8%A3%E0%B8%B1%E0%B8%9A%E0%B8%8B%E0%B8%B7%E0%B9%89%E0%B8%AD-gopro-action-camera,https://amphon.co.th/%E0%B8%9A%E0%B8%A3%E0%B8%B4%E0%B8%81%E0%B8%B2%E0%B8%A3/%E0%B8%A3%E0%B8%B1%E0%B8%9A%E0%B8%8B%E0%B8%B7%E0%B9%89%E0%B8%AD-gopro-action-camera,200,text/html; charset=utf-8,,/บริการ/รับซื้อ-gopro-action-camera,yes,no,n/a,n/a_header_only,REDIRECT_THEN_200
https://amphon.co.th/รับซื้อ/รับซื้อ-gopro-เลย,encoded-GET,GET,308,1,308:https://amphon.co.th/%E0%B8%A3%E0%B8%B1%E0%B8%9A%E0%B8%8B%E0%B8%B7%E0%B9%89%E0%B8%AD/%E0%B8%A3%E0%B8%B1%E0%B8%9A%E0%B8%8B%E0%B8%B7%E0%B9%89%E0%B8%AD-gopro-%E0%B9%80%E0%B8%A5%E0%B8%A2->/บริการ/รับซื้อ-gopro-action-camera | 200:https://amphon.co.th/%E0%B8%9A%E0%B8%A3%E0%B8%B4%E0%B8%81%E0%B8%B2%E0%B8%A3/%E0%B8%A3%E0%B8%B1%E0%B8%9A%E0%B8%8B%E0%B8%B7%E0%B9%89%E0%B8%AD-gopro-action-camera,https://amphon.co.th/%E0%B8%9A%E0%B8%A3%E0%B8%B4%E0%B8%81%E0%B8%B2%E0%B8%A3/%E0%B8%A3%E0%B8%B1%E0%B8%9A%E0%B8%8B%E0%B8%B7%E0%B9%89%E0%B8%AD-gopro-action-camera,200,text/html; charset=utf-8,,/บริการ/รับซื้อ-gopro-action-camera,yes,no,n/a,n/a_header_only,REDIRECT_THEN_200
https://amphon.co.th/รับซื้อ/รับซื้อ-gopro-เลย,unicode-query-GET,GET,308,1,308:https://amphon.co.th/รับซื้อ/รับซื้อ-gopro-เลย?source=gsc404audit->/บริการ/รับซื้อ-gopro-action-camera?source=gsc404audit | 200:https://amphon.co.th/%E0%B8%9A%E0%B8%A3%E0%B8%B4%E0%B8%81%E0%B8%B2%E0%B8%A3/%E0%B8%A3%E0%B8%B1%E0%B8%9A%E0%B8%8B%E0%B8%B7%E0%B9%89%E0%B8%AD-gopro-action-camera?source=gsc404audit,https://amphon.co.th/%E0%B8%9A%E0%B8%A3%E0%B8%B4%E0%B8%81%E0%B8%B2%E0%B8%A3/%E0%B8%A3%E0%B8%B1%E0%B8%9A%E0%B8%8B%E0%B8%B7%E0%B9%89%E0%B8%AD-gopro-action-camera?source=gsc404audit,200,text/html; charset=utf-8,,/บริการ/รับซื้อ-gopro-action-camera?source=gsc404audit,yes,no,yes,n/a_header_only,REDIRECT_THEN_200
https://amphon.co.th/รับซื้อ/รับซื้อเลนส์-อุดรธานี,unicode-GET,GET,308,1,308:https://amphon.co.th/รับซื้อ/รับซื้อเลนส์-อุดรธานี->/บริการ/รับซื้อเลนส์กล้อง | 200:https://amphon.co.th/%E0%B8%9A%E0%B8%A3%E0%B8%B4%E0%B8%81%E0%B8%B2%E0%B8%A3/%E0%B8%A3%E0%B8%B1%E0%B8%9A%E0%B8%8B%E0%B8%B7%E0%B9%89%E0%B8%AD%E0%B9%80%E0%B8%A5%E0%B8%99%E0%B8%AA%E0%B9%8C%E0%B8%81%E0%B8%A5%E0%B9%89%E0%B8%AD%E0%B8%87,https://amphon.co.th/%E0%B8%9A%E0%B8%A3%E0%B8%B4%E0%B8%81%E0%B8%B2%E0%B8%A3/%E0%B8%A3%E0%B8%B1%E0%B8%9A%E0%B8%8B%E0%B8%B7%E0%B9%89%E0%B8%AD%E0%B9%80%E0%B8%A5%E0%B8%99%E0%B8%AA%E0%B9%8C%E0%B8%81%E0%B8%A5%E0%B9%89%E0%B8%AD%E0%B8%87,200,text/html; charset=utf-8,,/บริการ/รับซื้อเลนส์กล้อง,yes,no,n/a,n/a_header_only,REDIRECT_THEN_200
https://amphon.co.th/รับซื้อ/รับซื้อเลนส์-อุดรธานี,encoded-GET,GET,308,1,308:https://amphon.co.th/%E0%B8%A3%E0%B8%B1%E0%B8%9A%E0%B8%8B%E0%B8%B7%E0%B9%89%E0%B8%AD/%E0%B8%A3%E0%B8%B1%E0%B8%9A%E0%B8%8B%E0%B8%B7%E0%B9%89%E0%B8%AD%E0%B9%80%E0%B8%A5%E0%B8%99%E0%B8%AA%E0%B9%8C-%E0%B8%AD%E0%B8%B8%E0%B8%94%E0%B8%A3%E0%B8%98%E0%B8%B2%E0%B8%99%E0%B8%B5->/บริการ/รับซื้อเลนส์กล้อง | 200:https://amphon.co.th/%E0%B8%9A%E0%B8%A3%E0%B8%B4%E0%B8%81%E0%B8%B2%E0%B8%A3/%E0%B8%A3%E0%B8%B1%E0%B8%9A%E0%B8%8B%E0%B8%B7%E0%B9%89%E0%B8%AD%E0%B9%80%E0%B8%A5%E0%B8%99%E0%B8%AA%E0%B9%8C%E0%B8%81%E0%B8%A5%E0%B9%89%E0%B8%AD%E0%B8%87,https://amphon.co.th/%E0%B8%9A%E0%B8%A3%E0%B8%B4%E0%B8%81%E0%B8%B2%E0%B8%A3/%E0%B8%A3%E0%B8%B1%E0%B8%9A%E0%B8%8B%E0%B8%B7%E0%B9%89%E0%B8%AD%E0%B9%80%E0%B8%A5%E0%B8%99%E0%B8%AA%E0%B9%8C%E0%B8%81%E0%B8%A5%E0%B9%89%E0%B8%AD%E0%B8%87,200,text/html; charset=utf-8,,/บริการ/รับซื้อเลนส์กล้อง,yes,no,n/a,n/a_header_only,REDIRECT_THEN_200
https://amphon.co.th/รับซื้อ/รับซื้อเลนส์-อุดรธานี,unicode-query-GET,GET,308,1,308:https://amphon.co.th/รับซื้อ/รับซื้อเลนส์-อุดรธานี?source=gsc404audit->/บริการ/รับซื้อเลนส์กล้อง?source=gsc404audit | 200:https://amphon.co.th/%E0%B8%9A%E0%B8%A3%E0%B8%B4%E0%B8%81%E0%B8%B2%E0%B8%A3/%E0%B8%A3%E0%B8%B1%E0%B8%9A%E0%B8%8B%E0%B8%B7%E0%B9%89%E0%B8%AD%E0%B9%80%E0%B8%A5%E0%B8%99%E0%B8%AA%E0%B9%8C%E0%B8%81%E0%B8%A5%E0%B9%89%E0%B8%AD%E0%B8%87?source=gsc404audit,https://amphon.co.th/%E0%B8%9A%E0%B8%A3%E0%B8%B4%E0%B8%81%E0%B8%B2%E0%B8%A3/%E0%B8%A3%E0%B8%B1%E0%B8%9A%E0%B8%8B%E0%B8%B7%E0%B9%89%E0%B8%AD%E0%B9%80%E0%B8%A5%E0%B8%99%E0%B8%AA%E0%B9%8C%E0%B8%81%E0%B8%A5%E0%B9%89%E0%B8%AD%E0%B8%87?source=gsc404audit,200,text/html; charset=utf-8,,/บริการ/รับซื้อเลนส์กล้อง?source=gsc404audit,yes,no,yes,n/a_header_only,REDIRECT_THEN_200
https://amphon.co.th/รับซื้อ/รับซื้อเลนส์-นครพนม,unicode-GET,GET,308,1,308:https://amphon.co.th/รับซื้อ/รับซื้อเลนส์-นครพนม->/บริการ/รับซื้อเลนส์กล้อง | 200:https://amphon.co.th/%E0%B8%9A%E0%B8%A3%E0%B8%B4%E0%B8%81%E0%B8%B2%E0%B8%A3/%E0%B8%A3%E0%B8%B1%E0%B8%9A%E0%B8%8B%E0%B8%B7%E0%B9%89%E0%B8%AD%E0%B9%80%E0%B8%A5%E0%B8%99%E0%B8%AA%E0%B9%8C%E0%B8%81%E0%B8%A5%E0%B9%89%E0%B8%AD%E0%B8%87,https://amphon.co.th/%E0%B8%9A%E0%B8%A3%E0%B8%B4%E0%B8%81%E0%B8%B2%E0%B8%A3/%E0%B8%A3%E0%B8%B1%E0%B8%9A%E0%B8%8B%E0%B8%B7%E0%B9%89%E0%B8%AD%E0%B9%80%E0%B8%A5%E0%B8%99%E0%B8%AA%E0%B9%8C%E0%B8%81%E0%B8%A5%E0%B9%89%E0%B8%AD%E0%B8%87,200,text/html; charset=utf-8,,/บริการ/รับซื้อเลนส์กล้อง,yes,no,n/a,n/a_header_only,REDIRECT_THEN_200
https://amphon.co.th/รับซื้อ/รับซื้อเลนส์-นครพนม,encoded-GET,GET,308,1,308:https://amphon.co.th/%E0%B8%A3%E0%B8%B1%E0%B8%9A%E0%B8%8B%E0%B8%B7%E0%B9%89%E0%B8%AD/%E0%B8%A3%E0%B8%B1%E0%B8%9A%E0%B8%8B%E0%B8%B7%E0%B9%89%E0%B8%AD%E0%B9%80%E0%B8%A5%E0%B8%99%E0%B8%AA%E0%B9%8C-%E0%B8%99%E0%B8%84%E0%B8%A3%E0%B8%9E%E0%B8%99%E0%B8%A1->/บริการ/รับซื้อเลนส์กล้อง | 200:https://amphon.co.th/%E0%B8%9A%E0%B8%A3%E0%B8%B4%E0%B8%81%E0%B8%B2%E0%B8%A3/%E0%B8%A3%E0%B8%B1%E0%B8%9A%E0%B8%8B%E0%B8%B7%E0%B9%89%E0%B8%AD%E0%B9%80%E0%B8%A5%E0%B8%99%E0%B8%AA%E0%B9%8C%E0%B8%81%E0%B8%A5%E0%B9%89%E0%B8%AD%E0%B8%87,https://amphon.co.th/%E0%B8%9A%E0%B8%A3%E0%B8%B4%E0%B8%81%E0%B8%B2%E0%B8%A3/%E0%B8%A3%E0%B8%B1%E0%B8%9A%E0%B8%8B%E0%B8%B7%E0%B9%89%E0%B8%AD%E0%B9%80%E0%B8%A5%E0%B8%99%E0%B8%AA%E0%B9%8C%E0%B8%81%E0%B8%A5%E0%B9%89%E0%B8%AD%E0%B8%87,200,text/html; charset=utf-8,,/บริการ/รับซื้อเลนส์กล้อง,yes,no,n/a,n/a_header_only,REDIRECT_THEN_200
https://amphon.co.th/รับซื้อ/รับซื้อเลนส์-นครพนม,unicode-query-GET,GET,308,1,308:https://amphon.co.th/รับซื้อ/รับซื้อเลนส์-นครพนม?source=gsc404audit->/บริการ/รับซื้อเลนส์กล้อง?source=gsc404audit | 200:https://amphon.co.th/%E0%B8%9A%E0%B8%A3%E0%B8%B4%E0%B8%81%E0%B8%B2%E0%B8%A3/%E0%B8%A3%E0%B8%B1%E0%B8%9A%E0%B8%8B%E0%B8%B7%E0%B9%89%E0%B8%AD%E0%B9%80%E0%B8%A5%E0%B8%99%E0%B8%AA%E0%B9%8C%E0%B8%81%E0%B8%A5%E0%B9%89%E0%B8%AD%E0%B8%87?source=gsc404audit,https://amphon.co.th/%E0%B8%9A%E0%B8%A3%E0%B8%B4%E0%B8%81%E0%B8%B2%E0%B8%A3/%E0%B8%A3%E0%B8%B1%E0%B8%9A%E0%B8%8B%E0%B8%B7%E0%B9%89%E0%B8%AD%E0%B9%80%E0%B8%A5%E0%B8%99%E0%B8%AA%E0%B9%8C%E0%B8%81%E0%B8%A5%E0%B9%89%E0%B8%AD%E0%B8%87?source=gsc404audit,200,text/html; charset=utf-8,,/บริการ/รับซื้อเลนส์กล้อง?source=gsc404audit,yes,no,yes,n/a_header_only,REDIRECT_THEN_200
https://amphon.co.th/รับซื้อ/รับซื้อ-gopro-อุดรธานี,unicode-GET,GET,308,1,308:https://amphon.co.th/รับซื้อ/รับซื้อ-gopro-อุดรธานี->/บริการ/รับซื้อ-gopro-action-camera | 200:https://amphon.co.th/%E0%B8%9A%E0%B8%A3%E0%B8%B4%E0%B8%81%E0%B8%B2%E0%B8%A3/%E0%B8%A3%E0%B8%B1%E0%B8%9A%E0%B8%8B%E0%B8%B7%E0%B9%89%E0%B8%AD-gopro-action-camera,https://amphon.co.th/%E0%B8%9A%E0%B8%A3%E0%B8%B4%E0%B8%81%E0%B8%B2%E0%B8%A3/%E0%B8%A3%E0%B8%B1%E0%B8%9A%E0%B8%8B%E0%B8%B7%E0%B9%89%E0%B8%AD-gopro-action-camera,200,text/html; charset=utf-8,,/บริการ/รับซื้อ-gopro-action-camera,yes,no,n/a,n/a_header_only,REDIRECT_THEN_200
https://amphon.co.th/รับซื้อ/รับซื้อ-gopro-อุดรธานี,encoded-GET,GET,308,1,308:https://amphon.co.th/%E0%B8%A3%E0%B8%B1%E0%B8%9A%E0%B8%8B%E0%B8%B7%E0%B9%89%E0%B8%AD/%E0%B8%A3%E0%B8%B1%E0%B8%9A%E0%B8%8B%E0%B8%B7%E0%B9%89%E0%B8%AD-gopro-%E0%B8%AD%E0%B8%B8%E0%B8%94%E0%B8%A3%E0%B8%98%E0%B8%B2%E0%B8%99%E0%B8%B5->/บริการ/รับซื้อ-gopro-action-camera | 200:https://amphon.co.th/%E0%B8%9A%E0%B8%A3%E0%B8%B4%E0%B8%81%E0%B8%B2%E0%B8%A3/%E0%B8%A3%E0%B8%B1%E0%B8%9A%E0%B8%8B%E0%B8%B7%E0%B9%89%E0%B8%AD-gopro-action-camera,https://amphon.co.th/%E0%B8%9A%E0%B8%A3%E0%B8%B4%E0%B8%81%E0%B8%B2%E0%B8%A3/%E0%B8%A3%E0%B8%B1%E0%B8%9A%E0%B8%8B%E0%B8%B7%E0%B9%89%E0%B8%AD-gopro-action-camera,200,text/html; charset=utf-8,,/บริการ/รับซื้อ-gopro-action-camera,yes,no,n/a,n/a_header_only,REDIRECT_THEN_200
https://amphon.co.th/รับซื้อ/รับซื้อ-gopro-อุดรธานี,unicode-query-GET,GET,308,1,308:https://amphon.co.th/รับซื้อ/รับซื้อ-gopro-อุดรธานี?source=gsc404audit->/บริการ/รับซื้อ-gopro-action-camera?source=gsc404audit | 200:https://amphon.co.th/%E0%B8%9A%E0%B8%A3%E0%B8%B4%E0%B8%81%E0%B8%B2%E0%B8%A3/%E0%B8%A3%E0%B8%B1%E0%B8%9A%E0%B8%8B%E0%B8%B7%E0%B9%89%E0%B8%AD-gopro-action-camera?source=gsc404audit,https://amphon.co.th/%E0%B8%9A%E0%B8%A3%E0%B8%B4%E0%B8%81%E0%B8%B2%E0%B8%A3/%E0%B8%A3%E0%B8%B1%E0%B8%9A%E0%B8%8B%E0%B8%B7%E0%B9%89%E0%B8%AD-gopro-action-camera?source=gsc404audit,200,text/html; charset=utf-8,,/บริการ/รับซื้อ-gopro-action-camera?source=gsc404audit,yes,no,yes,n/a_header_only,REDIRECT_THEN_200
https://amphon.co.th/รับซื้อ/รับซื้อ-hdd-หนองบัวลำภู,unicode-GET,GET,308,1,308:https://amphon.co.th/รับซื้อ/รับซื้อ-hdd-หนองบัวลำภู->/รับซื้อ/รับซื้อ-ssd-หนองบัวลำภู | 200:https://amphon.co.th/%E0%B8%A3%E0%B8%B1%E0%B8%9A%E0%B8%8B%E0%B8%B7%E0%B9%89%E0%B8%AD/%E0%B8%A3%E0%B8%B1%E0%B8%9A%E0%B8%8B%E0%B8%B7%E0%B9%89%E0%B8%AD-ssd-%E0%B8%AB%E0%B8%99%E0%B8%AD%E0%B8%87%E0%B8%9A%E0%B8%B1%E0%B8%A7%E0%B8%A5%E0%B8%B3%E0%B8%A0%E0%B8%B9,https://amphon.co.th/%E0%B8%A3%E0%B8%B1%E0%B8%9A%E0%B8%8B%E0%B8%B7%E0%B9%89%E0%B8%AD/%E0%B8%A3%E0%B8%B1%E0%B8%9A%E0%B8%8B%E0%B8%B7%E0%B9%89%E0%B8%AD-ssd-%E0%B8%AB%E0%B8%99%E0%B8%AD%E0%B8%87%E0%B8%9A%E0%B8%B1%E0%B8%A7%E0%B8%A5%E0%B8%B3%E0%B8%A0%E0%B8%B9,200,text/html; charset=utf-8,,/รับซื้อ/รับซื้อ-ssd-หนองบัวลำภู,yes,no,n/a,n/a_header_only,REDIRECT_THEN_200
https://amphon.co.th/รับซื้อ/รับซื้อ-hdd-หนองบัวลำภู,encoded-GET,GET,308,1,308:https://amphon.co.th/%E0%B8%A3%E0%B8%B1%E0%B8%9A%E0%B8%8B%E0%B8%B7%E0%B9%89%E0%B8%AD/%E0%B8%A3%E0%B8%B1%E0%B8%9A%E0%B8%8B%E0%B8%B7%E0%B9%89%E0%B8%AD-hdd-%E0%B8%AB%E0%B8%99%E0%B8%AD%E0%B8%87%E0%B8%9A%E0%B8%B1%E0%B8%A7%E0%B8%A5%E0%B8%B3%E0%B8%A0%E0%B8%B9->/รับซื้อ/รับซื้อ-ssd-หนองบัวลำภู | 200:https://amphon.co.th/%E0%B8%A3%E0%B8%B1%E0%B8%9A%E0%B8%8B%E0%B8%B7%E0%B9%89%E0%B8%AD/%E0%B8%A3%E0%B8%B1%E0%B8%9A%E0%B8%8B%E0%B8%B7%E0%B9%89%E0%B8%AD-ssd-%E0%B8%AB%E0%B8%99%E0%B8%AD%E0%B8%87%E0%B8%9A%E0%B8%B1%E0%B8%A7%E0%B8%A5%E0%B8%B3%E0%B8%A0%E0%B8%B9,https://amphon.co.th/%E0%B8%A3%E0%B8%B1%E0%B8%9A%E0%B8%8B%E0%B8%B7%E0%B9%89%E0%B8%AD/%E0%B8%A3%E0%B8%B1%E0%B8%9A%E0%B8%8B%E0%B8%B7%E0%B9%89%E0%B8%AD-ssd-%E0%B8%AB%E0%B8%99%E0%B8%AD%E0%B8%87%E0%B8%9A%E0%B8%B1%E0%B8%A7%E0%B8%A5%E0%B8%B3%E0%B8%A0%E0%B8%B9,200,text/html; charset=utf-8,,/รับซื้อ/รับซื้อ-ssd-หนองบัวลำภู,yes,no,n/a,n/a_header_only,REDIRECT_THEN_200
https://amphon.co.th/รับซื้อ/รับซื้อ-hdd-หนองบัวลำภู,unicode-query-GET,GET,308,1,308:https://amphon.co.th/รับซื้อ/รับซื้อ-hdd-หนองบัวลำภู?source=gsc404audit->/รับซื้อ/รับซื้อ-ssd-หนองบัวลำภู?source=gsc404audit | 200:https://amphon.co.th/%E0%B8%A3%E0%B8%B1%E0%B8%9A%E0%B8%8B%E0%B8%B7%E0%B9%89%E0%B8%AD/%E0%B8%A3%E0%B8%B1%E0%B8%9A%E0%B8%8B%E0%B8%B7%E0%B9%89%E0%B8%AD-ssd-%E0%B8%AB%E0%B8%99%E0%B8%AD%E0%B8%87%E0%B8%9A%E0%B8%B1%E0%B8%A7%E0%B8%A5%E0%B8%B3%E0%B8%A0%E0%B8%B9?source=gsc404audit,https://amphon.co.th/%E0%B8%A3%E0%B8%B1%E0%B8%9A%E0%B8%8B%E0%B8%B7%E0%B9%89%E0%B8%AD/%E0%B8%A3%E0%B8%B1%E0%B8%9A%E0%B8%8B%E0%B8%B7%E0%B9%89%E0%B8%AD-ssd-%E0%B8%AB%E0%B8%99%E0%B8%AD%E0%B8%87%E0%B8%9A%E0%B8%B1%E0%B8%A7%E0%B8%A5%E0%B8%B3%E0%B8%A0%E0%B8%B9?source=gsc404audit,200,text/html; charset=utf-8,,/รับซื้อ/รับซื้อ-ssd-หนองบัวลำภู?source=gsc404audit,yes,no,yes,n/a_header_only,REDIRECT_THEN_200
https://amphon.co.th/รับซื้อ/รับซื้อ-gopro-บึงกาฬ,unicode-GET,GET,308,1,308:https://amphon.co.th/รับซื้อ/รับซื้อ-gopro-บึงกาฬ->/บริการ/รับซื้อ-gopro-action-camera | 200:https://amphon.co.th/%E0%B8%9A%E0%B8%A3%E0%B8%B4%E0%B8%81%E0%B8%B2%E0%B8%A3/%E0%B8%A3%E0%B8%B1%E0%B8%9A%E0%B8%8B%E0%B8%B7%E0%B9%89%E0%B8%AD-gopro-action-camera,https://amphon.co.th/%E0%B8%9A%E0%B8%A3%E0%B8%B4%E0%B8%81%E0%B8%B2%E0%B8%A3/%E0%B8%A3%E0%B8%B1%E0%B8%9A%E0%B8%8B%E0%B8%B7%E0%B9%89%E0%B8%AD-gopro-action-camera,200,text/html; charset=utf-8,,/บริการ/รับซื้อ-gopro-action-camera,yes,no,n/a,n/a_header_only,REDIRECT_THEN_200
https://amphon.co.th/รับซื้อ/รับซื้อ-gopro-บึงกาฬ,encoded-GET,GET,308,1,308:https://amphon.co.th/%E0%B8%A3%E0%B8%B1%E0%B8%9A%E0%B8%8B%E0%B8%B7%E0%B9%89%E0%B8%AD/%E0%B8%A3%E0%B8%B1%E0%B8%9A%E0%B8%8B%E0%B8%B7%E0%B9%89%E0%B8%AD-gopro-%E0%B8%9A%E0%B8%B6%E0%B8%87%E0%B8%81%E0%B8%B2%E0%B8%AC->/บริการ/รับซื้อ-gopro-action-camera | 200:https://amphon.co.th/%E0%B8%9A%E0%B8%A3%E0%B8%B4%E0%B8%81%E0%B8%B2%E0%B8%A3/%E0%B8%A3%E0%B8%B1%E0%B8%9A%E0%B8%8B%E0%B8%B7%E0%B9%89%E0%B8%AD-gopro-action-camera,https://amphon.co.th/%E0%B8%9A%E0%B8%A3%E0%B8%B4%E0%B8%81%E0%B8%B2%E0%B8%A3/%E0%B8%A3%E0%B8%B1%E0%B8%9A%E0%B8%8B%E0%B8%B7%E0%B9%89%E0%B8%AD-gopro-action-camera,200,text/html; charset=utf-8,,/บริการ/รับซื้อ-gopro-action-camera,yes,no,n/a,n/a_header_only,REDIRECT_THEN_200
https://amphon.co.th/รับซื้อ/รับซื้อ-gopro-บึงกาฬ,unicode-query-GET,GET,308,1,308:https://amphon.co.th/รับซื้อ/รับซื้อ-gopro-บึงกาฬ?source=gsc404audit->/บริการ/รับซื้อ-gopro-action-camera?source=gsc404audit | 200:https://amphon.co.th/%E0%B8%9A%E0%B8%A3%E0%B8%B4%E0%B8%81%E0%B8%B2%E0%B8%A3/%E0%B8%A3%E0%B8%B1%E0%B8%9A%E0%B8%8B%E0%B8%B7%E0%B9%89%E0%B8%AD-gopro-action-camera?source=gsc404audit,https://amphon.co.th/%E0%B8%9A%E0%B8%A3%E0%B8%B4%E0%B8%81%E0%B8%B2%E0%B8%A3/%E0%B8%A3%E0%B8%B1%E0%B8%9A%E0%B8%8B%E0%B8%B7%E0%B9%89%E0%B8%AD-gopro-action-camera?source=gsc404audit,200,text/html; charset=utf-8,,/บริการ/รับซื้อ-gopro-action-camera?source=gsc404audit,yes,no,yes,n/a_header_only,REDIRECT_THEN_200
https://amphon.co.th/รับซื้อ/รับซื้อเลนส์-ชัยภูมิ,unicode-GET,GET,308,1,308:https://amphon.co.th/รับซื้อ/รับซื้อเลนส์-ชัยภูมิ->/บริการ/รับซื้อเลนส์กล้อง | 200:https://amphon.co.th/%E0%B8%9A%E0%B8%A3%E0%B8%B4%E0%B8%81%E0%B8%B2%E0%B8%A3/%E0%B8%A3%E0%B8%B1%E0%B8%9A%E0%B8%8B%E0%B8%B7%E0%B9%89%E0%B8%AD%E0%B9%80%E0%B8%A5%E0%B8%99%E0%B8%AA%E0%B9%8C%E0%B8%81%E0%B8%A5%E0%B9%89%E0%B8%AD%E0%B8%87,https://amphon.co.th/%E0%B8%9A%E0%B8%A3%E0%B8%B4%E0%B8%81%E0%B8%B2%E0%B8%A3/%E0%B8%A3%E0%B8%B1%E0%B8%9A%E0%B8%8B%E0%B8%B7%E0%B9%89%E0%B8%AD%E0%B9%80%E0%B8%A5%E0%B8%99%E0%B8%AA%E0%B9%8C%E0%B8%81%E0%B8%A5%E0%B9%89%E0%B8%AD%E0%B8%87,200,text/html; charset=utf-8,,/บริการ/รับซื้อเลนส์กล้อง,yes,no,n/a,n/a_header_only,REDIRECT_THEN_200
https://amphon.co.th/รับซื้อ/รับซื้อเลนส์-ชัยภูมิ,encoded-GET,GET,308,1,308:https://amphon.co.th/%E0%B8%A3%E0%B8%B1%E0%B8%9A%E0%B8%8B%E0%B8%B7%E0%B9%89%E0%B8%AD/%E0%B8%A3%E0%B8%B1%E0%B8%9A%E0%B8%8B%E0%B8%B7%E0%B9%89%E0%B8%AD%E0%B9%80%E0%B8%A5%E0%B8%99%E0%B8%AA%E0%B9%8C-%E0%B8%8A%E0%B8%B1%E0%B8%A2%E0%B8%A0%E0%B8%B9%E0%B8%A1%E0%B8%B4->/บริการ/รับซื้อเลนส์กล้อง | 200:https://amphon.co.th/%E0%B8%9A%E0%B8%A3%E0%B8%B4%E0%B8%81%E0%B8%B2%E0%B8%A3/%E0%B8%A3%E0%B8%B1%E0%B8%9A%E0%B8%8B%E0%B8%B7%E0%B9%89%E0%B8%AD%E0%B9%80%E0%B8%A5%E0%B8%99%E0%B8%AA%E0%B9%8C%E0%B8%81%E0%B8%A5%E0%B9%89%E0%B8%AD%E0%B8%87,https://amphon.co.th/%E0%B8%9A%E0%B8%A3%E0%B8%B4%E0%B8%81%E0%B8%B2%E0%B8%A3/%E0%B8%A3%E0%B8%B1%E0%B8%9A%E0%B8%8B%E0%B8%B7%E0%B9%89%E0%B8%AD%E0%B9%80%E0%B8%A5%E0%B8%99%E0%B8%AA%E0%B9%8C%E0%B8%81%E0%B8%A5%E0%B9%89%E0%B8%AD%E0%B8%87,200,text/html; charset=utf-8,,/บริการ/รับซื้อเลนส์กล้อง,yes,no,n/a,n/a_header_only,REDIRECT_THEN_200
https://amphon.co.th/รับซื้อ/รับซื้อเลนส์-ชัยภูมิ,unicode-query-GET,GET,308,1,308:https://amphon.co.th/รับซื้อ/รับซื้อเลนส์-ชัยภูมิ?source=gsc404audit->/บริการ/รับซื้อเลนส์กล้อง?source=gsc404audit | 200:https://amphon.co.th/%E0%B8%9A%E0%B8%A3%E0%B8%B4%E0%B8%81%E0%B8%B2%E0%B8%A3/%E0%B8%A3%E0%B8%B1%E0%B8%9A%E0%B8%8B%E0%B8%B7%E0%B9%89%E0%B8%AD%E0%B9%80%E0%B8%A5%E0%B8%99%E0%B8%AA%E0%B9%8C%E0%B8%81%E0%B8%A5%E0%B9%89%E0%B8%AD%E0%B8%87?source=gsc404audit,https://amphon.co.th/%E0%B8%9A%E0%B8%A3%E0%B8%B4%E0%B8%81%E0%B8%B2%E0%B8%A3/%E0%B8%A3%E0%B8%B1%E0%B8%9A%E0%B8%8B%E0%B8%B7%E0%B9%89%E0%B8%AD%E0%B9%80%E0%B8%A5%E0%B8%99%E0%B8%AA%E0%B9%8C%E0%B8%81%E0%B8%A5%E0%B9%89%E0%B8%AD%E0%B8%87?source=gsc404audit,200,text/html; charset=utf-8,,/บริการ/รับซื้อเลนส์กล้อง?source=gsc404audit,yes,no,yes,n/a_header_only,REDIRECT_THEN_200
https://amphon.co.th/รับซื้อ/รับซื้อเลนส์-หนองคาย,unicode-GET,GET,308,1,308:https://amphon.co.th/รับซื้อ/รับซื้อเลนส์-หนองคาย->/บริการ/รับซื้อเลนส์กล้อง | 200:https://amphon.co.th/%E0%B8%9A%E0%B8%A3%E0%B8%B4%E0%B8%81%E0%B8%B2%E0%B8%A3/%E0%B8%A3%E0%B8%B1%E0%B8%9A%E0%B8%8B%E0%B8%B7%E0%B9%89%E0%B8%AD%E0%B9%80%E0%B8%A5%E0%B8%99%E0%B8%AA%E0%B9%8C%E0%B8%81%E0%B8%A5%E0%B9%89%E0%B8%AD%E0%B8%87,https://amphon.co.th/%E0%B8%9A%E0%B8%A3%E0%B8%B4%E0%B8%81%E0%B8%B2%E0%B8%A3/%E0%B8%A3%E0%B8%B1%E0%B8%9A%E0%B8%8B%E0%B8%B7%E0%B9%89%E0%B8%AD%E0%B9%80%E0%B8%A5%E0%B8%99%E0%B8%AA%E0%B9%8C%E0%B8%81%E0%B8%A5%E0%B9%89%E0%B8%AD%E0%B8%87,200,text/html; charset=utf-8,,/บริการ/รับซื้อเลนส์กล้อง,yes,no,n/a,n/a_header_only,REDIRECT_THEN_200
https://amphon.co.th/รับซื้อ/รับซื้อเลนส์-หนองคาย,encoded-GET,GET,308,1,308:https://amphon.co.th/%E0%B8%A3%E0%B8%B1%E0%B8%9A%E0%B8%8B%E0%B8%B7%E0%B9%89%E0%B8%AD/%E0%B8%A3%E0%B8%B1%E0%B8%9A%E0%B8%8B%E0%B8%B7%E0%B9%89%E0%B8%AD%E0%B9%80%E0%B8%A5%E0%B8%99%E0%B8%AA%E0%B9%8C-%E0%B8%AB%E0%B8%99%E0%B8%AD%E0%B8%87%E0%B8%84%E0%B8%B2%E0%B8%A2->/บริการ/รับซื้อเลนส์กล้อง | 200:https://amphon.co.th/%E0%B8%9A%E0%B8%A3%E0%B8%B4%E0%B8%81%E0%B8%B2%E0%B8%A3/%E0%B8%A3%E0%B8%B1%E0%B8%9A%E0%B8%8B%E0%B8%B7%E0%B9%89%E0%B8%AD%E0%B9%80%E0%B8%A5%E0%B8%99%E0%B8%AA%E0%B9%8C%E0%B8%81%E0%B8%A5%E0%B9%89%E0%B8%AD%E0%B8%87,https://amphon.co.th/%E0%B8%9A%E0%B8%A3%E0%B8%B4%E0%B8%81%E0%B8%B2%E0%B8%A3/%E0%B8%A3%E0%B8%B1%E0%B8%9A%E0%B8%8B%E0%B8%B7%E0%B9%89%E0%B8%AD%E0%B9%80%E0%B8%A5%E0%B8%99%E0%B8%AA%E0%B9%8C%E0%B8%81%E0%B8%A5%E0%B9%89%E0%B8%AD%E0%B8%87,200,text/html; charset=utf-8,,/บริการ/รับซื้อเลนส์กล้อง,yes,no,n/a,n/a_header_only,REDIRECT_THEN_200
https://amphon.co.th/รับซื้อ/รับซื้อเลนส์-หนองคาย,unicode-query-GET,GET,308,1,308:https://amphon.co.th/รับซื้อ/รับซื้อเลนส์-หนองคาย?source=gsc404audit->/บริการ/รับซื้อเลนส์กล้อง?source=gsc404audit | 200:https://amphon.co.th/%E0%B8%9A%E0%B8%A3%E0%B8%B4%E0%B8%81%E0%B8%B2%E0%B8%A3/%E0%B8%A3%E0%B8%B1%E0%B8%9A%E0%B8%8B%E0%B8%B7%E0%B9%89%E0%B8%AD%E0%B9%80%E0%B8%A5%E0%B8%99%E0%B8%AA%E0%B9%8C%E0%B8%81%E0%B8%A5%E0%B9%89%E0%B8%AD%E0%B8%87?source=gsc404audit,https://amphon.co.th/%E0%B8%9A%E0%B8%A3%E0%B8%B4%E0%B8%81%E0%B8%B2%E0%B8%A3/%E0%B8%A3%E0%B8%B1%E0%B8%9A%E0%B8%8B%E0%B8%B7%E0%B9%89%E0%B8%AD%E0%B9%80%E0%B8%A5%E0%B8%99%E0%B8%AA%E0%B9%8C%E0%B8%81%E0%B8%A5%E0%B9%89%E0%B8%AD%E0%B8%87?source=gsc404audit,200,text/html; charset=utf-8,,/บริการ/รับซื้อเลนส์กล้อง?source=gsc404audit,yes,no,yes,n/a_header_only,REDIRECT_THEN_200
https://amphon.co.th/รับซื้อ/รับซื้อ-hdd-อุบลราชธานี,unicode-GET,GET,308,1,308:https://amphon.co.th/รับซื้อ/รับซื้อ-hdd-อุบลราชธานี->/รับซื้อ/รับซื้อ-ssd-อุบลราชธานี | 200:https://amphon.co.th/%E0%B8%A3%E0%B8%B1%E0%B8%9A%E0%B8%8B%E0%B8%B7%E0%B9%89%E0%B8%AD/%E0%B8%A3%E0%B8%B1%E0%B8%9A%E0%B8%8B%E0%B8%B7%E0%B9%89%E0%B8%AD-ssd-%E0%B8%AD%E0%B8%B8%E0%B8%9A%E0%B8%A5%E0%B8%A3%E0%B8%B2%E0%B8%8A%E0%B8%98%E0%B8%B2%E0%B8%99%E0%B8%B5,https://amphon.co.th/%E0%B8%A3%E0%B8%B1%E0%B8%9A%E0%B8%8B%E0%B8%B7%E0%B9%89%E0%B8%AD/%E0%B8%A3%E0%B8%B1%E0%B8%9A%E0%B8%8B%E0%B8%B7%E0%B9%89%E0%B8%AD-ssd-%E0%B8%AD%E0%B8%B8%E0%B8%9A%E0%B8%A5%E0%B8%A3%E0%B8%B2%E0%B8%8A%E0%B8%98%E0%B8%B2%E0%B8%99%E0%B8%B5,200,text/html; charset=utf-8,,/รับซื้อ/รับซื้อ-ssd-อุบลราชธานี,yes,no,n/a,n/a_header_only,REDIRECT_THEN_200
https://amphon.co.th/รับซื้อ/รับซื้อ-hdd-อุบลราชธานี,encoded-GET,GET,308,1,308:https://amphon.co.th/%E0%B8%A3%E0%B8%B1%E0%B8%9A%E0%B8%8B%E0%B8%B7%E0%B9%89%E0%B8%AD/%E0%B8%A3%E0%B8%B1%E0%B8%9A%E0%B8%8B%E0%B8%B7%E0%B9%89%E0%B8%AD-hdd-%E0%B8%AD%E0%B8%B8%E0%B8%9A%E0%B8%A5%E0%B8%A3%E0%B8%B2%E0%B8%8A%E0%B8%98%E0%B8%B2%E0%B8%99%E0%B8%B5->/รับซื้อ/รับซื้อ-ssd-อุบลราชธานี | 200:https://amphon.co.th/%E0%B8%A3%E0%B8%B1%E0%B8%9A%E0%B8%8B%E0%B8%B7%E0%B9%89%E0%B8%AD/%E0%B8%A3%E0%B8%B1%E0%B8%9A%E0%B8%8B%E0%B8%B7%E0%B9%89%E0%B8%AD-ssd-%E0%B8%AD%E0%B8%B8%E0%B8%9A%E0%B8%A5%E0%B8%A3%E0%B8%B2%E0%B8%8A%E0%B8%98%E0%B8%B2%E0%B8%99%E0%B8%B5,https://amphon.co.th/%E0%B8%A3%E0%B8%B1%E0%B8%9A%E0%B8%8B%E0%B8%B7%E0%B9%89%E0%B8%AD/%E0%B8%A3%E0%B8%B1%E0%B8%9A%E0%B8%8B%E0%B8%B7%E0%B9%89%E0%B8%AD-ssd-%E0%B8%AD%E0%B8%B8%E0%B8%9A%E0%B8%A5%E0%B8%A3%E0%B8%B2%E0%B8%8A%E0%B8%98%E0%B8%B2%E0%B8%99%E0%B8%B5,200,text/html; charset=utf-8,,/รับซื้อ/รับซื้อ-ssd-อุบลราชธานี,yes,no,n/a,n/a_header_only,REDIRECT_THEN_200
https://amphon.co.th/รับซื้อ/รับซื้อ-hdd-อุบลราชธานี,unicode-query-GET,GET,308,1,308:https://amphon.co.th/รับซื้อ/รับซื้อ-hdd-อุบลราชธานี?source=gsc404audit->/รับซื้อ/รับซื้อ-ssd-อุบลราชธานี?source=gsc404audit | 200:https://amphon.co.th/%E0%B8%A3%E0%B8%B1%E0%B8%9A%E0%B8%8B%E0%B8%B7%E0%B9%89%E0%B8%AD/%E0%B8%A3%E0%B8%B1%E0%B8%9A%E0%B8%8B%E0%B8%B7%E0%B9%89%E0%B8%AD-ssd-%E0%B8%AD%E0%B8%B8%E0%B8%9A%E0%B8%A5%E0%B8%A3%E0%B8%B2%E0%B8%8A%E0%B8%98%E0%B8%B2%E0%B8%99%E0%B8%B5?source=gsc404audit,https://amphon.co.th/%E0%B8%A3%E0%B8%B1%E0%B8%9A%E0%B8%8B%E0%B8%B7%E0%B9%89%E0%B8%AD/%E0%B8%A3%E0%B8%B1%E0%B8%9A%E0%B8%8B%E0%B8%B7%E0%B9%89%E0%B8%AD-ssd-%E0%B8%AD%E0%B8%B8%E0%B8%9A%E0%B8%A5%E0%B8%A3%E0%B8%B2%E0%B8%8A%E0%B8%98%E0%B8%B2%E0%B8%99%E0%B8%B5?source=gsc404audit,200,text/html; charset=utf-8,,/รับซื้อ/รับซื้อ-ssd-อุบลราชธานี?source=gsc404audit,yes,no,yes,n/a_header_only,REDIRECT_THEN_200
https://amphon.co.th/บริการ/รับซื้อสินค้าไอที,unicode-GET,GET,308,1,308:https://amphon.co.th/บริการ/รับซื้อสินค้าไอที->/รับซื้อสินค้าไอที | 200:https://amphon.co.th/%E0%B8%A3%E0%B8%B1%E0%B8%9A%E0%B8%8B%E0%B8%B7%E0%B9%89%E0%B8%AD%E0%B8%AA%E0%B8%B4%E0%B8%99%E0%B8%84%E0%B9%89%E0%B8%B2%E0%B9%84%E0%B8%AD%E0%B8%97%E0%B8%B5,https://amphon.co.th/%E0%B8%A3%E0%B8%B1%E0%B8%9A%E0%B8%8B%E0%B8%B7%E0%B9%89%E0%B8%AD%E0%B8%AA%E0%B8%B4%E0%B8%99%E0%B8%84%E0%B9%89%E0%B8%B2%E0%B9%84%E0%B8%AD%E0%B8%97%E0%B8%B5,200,text/html; charset=utf-8,,/รับซื้อสินค้าไอที,yes,no,n/a,n/a_header_only,REDIRECT_THEN_200
https://amphon.co.th/บริการ/รับซื้อสินค้าไอที,encoded-GET,GET,308,1,308:https://amphon.co.th/%E0%B8%9A%E0%B8%A3%E0%B8%B4%E0%B8%81%E0%B8%B2%E0%B8%A3/%E0%B8%A3%E0%B8%B1%E0%B8%9A%E0%B8%8B%E0%B8%B7%E0%B9%89%E0%B8%AD%E0%B8%AA%E0%B8%B4%E0%B8%99%E0%B8%84%E0%B9%89%E0%B8%B2%E0%B9%84%E0%B8%AD%E0%B8%97%E0%B8%B5->/รับซื้อสินค้าไอที | 200:https://amphon.co.th/%E0%B8%A3%E0%B8%B1%E0%B8%9A%E0%B8%8B%E0%B8%B7%E0%B9%89%E0%B8%AD%E0%B8%AA%E0%B8%B4%E0%B8%99%E0%B8%84%E0%B9%89%E0%B8%B2%E0%B9%84%E0%B8%AD%E0%B8%97%E0%B8%B5,https://amphon.co.th/%E0%B8%A3%E0%B8%B1%E0%B8%9A%E0%B8%8B%E0%B8%B7%E0%B9%89%E0%B8%AD%E0%B8%AA%E0%B8%B4%E0%B8%99%E0%B8%84%E0%B9%89%E0%B8%B2%E0%B9%84%E0%B8%AD%E0%B8%97%E0%B8%B5,200,text/html; charset=utf-8,,/รับซื้อสินค้าไอที,yes,no,n/a,n/a_header_only,REDIRECT_THEN_200
https://amphon.co.th/บริการ/รับซื้อสินค้าไอที,unicode-query-GET,GET,308,1,308:https://amphon.co.th/บริการ/รับซื้อสินค้าไอที?source=gsc404audit->/รับซื้อสินค้าไอที?source=gsc404audit | 200:https://amphon.co.th/%E0%B8%A3%E0%B8%B1%E0%B8%9A%E0%B8%8B%E0%B8%B7%E0%B9%89%E0%B8%AD%E0%B8%AA%E0%B8%B4%E0%B8%99%E0%B8%84%E0%B9%89%E0%B8%B2%E0%B9%84%E0%B8%AD%E0%B8%97%E0%B8%B5?source=gsc404audit,https://amphon.co.th/%E0%B8%A3%E0%B8%B1%E0%B8%9A%E0%B8%8B%E0%B8%B7%E0%B9%89%E0%B8%AD%E0%B8%AA%E0%B8%B4%E0%B8%99%E0%B8%84%E0%B9%89%E0%B8%B2%E0%B9%84%E0%B8%AD%E0%B8%97%E0%B8%B5?source=gsc404audit,200,text/html; charset=utf-8,,/รับซื้อสินค้าไอที?source=gsc404audit,yes,no,yes,n/a_header_only,REDIRECT_THEN_200
https://amphon.co.th/รับซื้อ/รับซื้อ-hdd-บึงกาฬ,unicode-GET,GET,308,1,308:https://amphon.co.th/รับซื้อ/รับซื้อ-hdd-บึงกาฬ->/รับซื้อ/รับซื้อ-ssd-บึงกาฬ | 200:https://amphon.co.th/%E0%B8%A3%E0%B8%B1%E0%B8%9A%E0%B8%8B%E0%B8%B7%E0%B9%89%E0%B8%AD/%E0%B8%A3%E0%B8%B1%E0%B8%9A%E0%B8%8B%E0%B8%B7%E0%B9%89%E0%B8%AD-ssd-%E0%B8%9A%E0%B8%B6%E0%B8%87%E0%B8%81%E0%B8%B2%E0%B8%AC,https://amphon.co.th/%E0%B8%A3%E0%B8%B1%E0%B8%9A%E0%B8%8B%E0%B8%B7%E0%B9%89%E0%B8%AD/%E0%B8%A3%E0%B8%B1%E0%B8%9A%E0%B8%8B%E0%B8%B7%E0%B9%89%E0%B8%AD-ssd-%E0%B8%9A%E0%B8%B6%E0%B8%87%E0%B8%81%E0%B8%B2%E0%B8%AC,200,text/html; charset=utf-8,,/รับซื้อ/รับซื้อ-ssd-บึงกาฬ,yes,no,n/a,n/a_header_only,REDIRECT_THEN_200
https://amphon.co.th/รับซื้อ/รับซื้อ-hdd-บึงกาฬ,encoded-GET,GET,308,1,308:https://amphon.co.th/%E0%B8%A3%E0%B8%B1%E0%B8%9A%E0%B8%8B%E0%B8%B7%E0%B9%89%E0%B8%AD/%E0%B8%A3%E0%B8%B1%E0%B8%9A%E0%B8%8B%E0%B8%B7%E0%B9%89%E0%B8%AD-hdd-%E0%B8%9A%E0%B8%B6%E0%B8%87%E0%B8%81%E0%B8%B2%E0%B8%AC->/รับซื้อ/รับซื้อ-ssd-บึงกาฬ | 200:https://amphon.co.th/%E0%B8%A3%E0%B8%B1%E0%B8%9A%E0%B8%8B%E0%B8%B7%E0%B9%89%E0%B8%AD/%E0%B8%A3%E0%B8%B1%E0%B8%9A%E0%B8%8B%E0%B8%B7%E0%B9%89%E0%B8%AD-ssd-%E0%B8%9A%E0%B8%B6%E0%B8%87%E0%B8%81%E0%B8%B2%E0%B8%AC,https://amphon.co.th/%E0%B8%A3%E0%B8%B1%E0%B8%9A%E0%B8%8B%E0%B8%B7%E0%B9%89%E0%B8%AD/%E0%B8%A3%E0%B8%B1%E0%B8%9A%E0%B8%8B%E0%B8%B7%E0%B9%89%E0%B8%AD-ssd-%E0%B8%9A%E0%B8%B6%E0%B8%87%E0%B8%81%E0%B8%B2%E0%B8%AC,200,text/html; charset=utf-8,,/รับซื้อ/รับซื้อ-ssd-บึงกาฬ,yes,no,n/a,n/a_header_only,REDIRECT_THEN_200
https://amphon.co.th/รับซื้อ/รับซื้อ-hdd-บึงกาฬ,unicode-query-GET,GET,308,1,308:https://amphon.co.th/รับซื้อ/รับซื้อ-hdd-บึงกาฬ?source=gsc404audit->/รับซื้อ/รับซื้อ-ssd-บึงกาฬ?source=gsc404audit | 200:https://amphon.co.th/%E0%B8%A3%E0%B8%B1%E0%B8%9A%E0%B8%8B%E0%B8%B7%E0%B9%89%E0%B8%AD/%E0%B8%A3%E0%B8%B1%E0%B8%9A%E0%B8%8B%E0%B8%B7%E0%B9%89%E0%B8%AD-ssd-%E0%B8%9A%E0%B8%B6%E0%B8%87%E0%B8%81%E0%B8%B2%E0%B8%AC?source=gsc404audit,https://amphon.co.th/%E0%B8%A3%E0%B8%B1%E0%B8%9A%E0%B8%8B%E0%B8%B7%E0%B9%89%E0%B8%AD/%E0%B8%A3%E0%B8%B1%E0%B8%9A%E0%B8%8B%E0%B8%B7%E0%B9%89%E0%B8%AD-ssd-%E0%B8%9A%E0%B8%B6%E0%B8%87%E0%B8%81%E0%B8%B2%E0%B8%AC?source=gsc404audit,200,text/html; charset=utf-8,,/รับซื้อ/รับซื้อ-ssd-บึงกาฬ?source=gsc404audit,yes,no,yes,n/a_header_only,REDIRECT_THEN_200
https://amphon.co.th/รับซื้อ/รับซื้อเลนส์-ร้อยเอ็ด,unicode-GET,GET,308,1,308:https://amphon.co.th/รับซื้อ/รับซื้อเลนส์-ร้อยเอ็ด->/บริการ/รับซื้อเลนส์กล้อง | 200:https://amphon.co.th/%E0%B8%9A%E0%B8%A3%E0%B8%B4%E0%B8%81%E0%B8%B2%E0%B8%A3/%E0%B8%A3%E0%B8%B1%E0%B8%9A%E0%B8%8B%E0%B8%B7%E0%B9%89%E0%B8%AD%E0%B9%80%E0%B8%A5%E0%B8%99%E0%B8%AA%E0%B9%8C%E0%B8%81%E0%B8%A5%E0%B9%89%E0%B8%AD%E0%B8%87,https://amphon.co.th/%E0%B8%9A%E0%B8%A3%E0%B8%B4%E0%B8%81%E0%B8%B2%E0%B8%A3/%E0%B8%A3%E0%B8%B1%E0%B8%9A%E0%B8%8B%E0%B8%B7%E0%B9%89%E0%B8%AD%E0%B9%80%E0%B8%A5%E0%B8%99%E0%B8%AA%E0%B9%8C%E0%B8%81%E0%B8%A5%E0%B9%89%E0%B8%AD%E0%B8%87,200,text/html; charset=utf-8,,/บริการ/รับซื้อเลนส์กล้อง,yes,no,n/a,n/a_header_only,REDIRECT_THEN_200
https://amphon.co.th/รับซื้อ/รับซื้อเลนส์-ร้อยเอ็ด,encoded-GET,GET,308,1,308:https://amphon.co.th/%E0%B8%A3%E0%B8%B1%E0%B8%9A%E0%B8%8B%E0%B8%B7%E0%B9%89%E0%B8%AD/%E0%B8%A3%E0%B8%B1%E0%B8%9A%E0%B8%8B%E0%B8%B7%E0%B9%89%E0%B8%AD%E0%B9%80%E0%B8%A5%E0%B8%99%E0%B8%AA%E0%B9%8C-%E0%B8%A3%E0%B9%89%E0%B8%AD%E0%B8%A2%E0%B9%80%E0%B8%AD%E0%B9%87%E0%B8%94->/บริการ/รับซื้อเลนส์กล้อง | 200:https://amphon.co.th/%E0%B8%9A%E0%B8%A3%E0%B8%B4%E0%B8%81%E0%B8%B2%E0%B8%A3/%E0%B8%A3%E0%B8%B1%E0%B8%9A%E0%B8%8B%E0%B8%B7%E0%B9%89%E0%B8%AD%E0%B9%80%E0%B8%A5%E0%B8%99%E0%B8%AA%E0%B9%8C%E0%B8%81%E0%B8%A5%E0%B9%89%E0%B8%AD%E0%B8%87,https://amphon.co.th/%E0%B8%9A%E0%B8%A3%E0%B8%B4%E0%B8%81%E0%B8%B2%E0%B8%A3/%E0%B8%A3%E0%B8%B1%E0%B8%9A%E0%B8%8B%E0%B8%B7%E0%B9%89%E0%B8%AD%E0%B9%80%E0%B8%A5%E0%B8%99%E0%B8%AA%E0%B9%8C%E0%B8%81%E0%B8%A5%E0%B9%89%E0%B8%AD%E0%B8%87,200,text/html; charset=utf-8,,/บริการ/รับซื้อเลนส์กล้อง,yes,no,n/a,n/a_header_only,REDIRECT_THEN_200
https://amphon.co.th/รับซื้อ/รับซื้อเลนส์-ร้อยเอ็ด,unicode-query-GET,GET,308,1,308:https://amphon.co.th/รับซื้อ/รับซื้อเลนส์-ร้อยเอ็ด?source=gsc404audit->/บริการ/รับซื้อเลนส์กล้อง?source=gsc404audit | 200:https://amphon.co.th/%E0%B8%9A%E0%B8%A3%E0%B8%B4%E0%B8%81%E0%B8%B2%E0%B8%A3/%E0%B8%A3%E0%B8%B1%E0%B8%9A%E0%B8%8B%E0%B8%B7%E0%B9%89%E0%B8%AD%E0%B9%80%E0%B8%A5%E0%B8%99%E0%B8%AA%E0%B9%8C%E0%B8%81%E0%B8%A5%E0%B9%89%E0%B8%AD%E0%B8%87?source=gsc404audit,https://amphon.co.th/%E0%B8%9A%E0%B8%A3%E0%B8%B4%E0%B8%81%E0%B8%B2%E0%B8%A3/%E0%B8%A3%E0%B8%B1%E0%B8%9A%E0%B8%8B%E0%B8%B7%E0%B9%89%E0%B8%AD%E0%B9%80%E0%B8%A5%E0%B8%99%E0%B8%AA%E0%B9%8C%E0%B8%81%E0%B8%A5%E0%B9%89%E0%B8%AD%E0%B8%87?source=gsc404audit,200,text/html; charset=utf-8,,/บริการ/รับซื้อเลนส์กล้อง?source=gsc404audit,yes,no,yes,n/a_header_only,REDIRECT_THEN_200
https://amphon.co.th/blog/how-to-reset-playstation,unicode-GET,GET,308,1,308:https://amphon.co.th/blog/how-to-reset-playstation->/blog | 200:https://amphon.co.th/blog,https://amphon.co.th/blog,200,text/html; charset=utf-8,,/blog,no,no,n/a,n/a_header_only,REDIRECT_THEN_200
https://amphon.co.th/blog/how-to-reset-playstation,encoded-GET,GET,308,1,308:https://amphon.co.th/blog/how-to-reset-playstation->/blog | 200:https://amphon.co.th/blog,https://amphon.co.th/blog,200,text/html; charset=utf-8,,/blog,no,no,n/a,n/a_header_only,REDIRECT_THEN_200
https://amphon.co.th/blog/how-to-reset-playstation,unicode-query-GET,GET,308,1,308:https://amphon.co.th/blog/how-to-reset-playstation?source=gsc404audit->/blog?source=gsc404audit | 200:https://amphon.co.th/blog?source=gsc404audit,https://amphon.co.th/blog?source=gsc404audit,200,text/html; charset=utf-8,,/blog?source=gsc404audit,no,no,yes,n/a_header_only,REDIRECT_THEN_200
https://amphon.co.th/blog/check-nintendo-joycon,unicode-GET,GET,308,1,308:https://amphon.co.th/blog/check-nintendo-joycon->/blog | 200:https://amphon.co.th/blog,https://amphon.co.th/blog,200,text/html; charset=utf-8,,/blog,no,no,n/a,n/a_header_only,REDIRECT_THEN_200
https://amphon.co.th/blog/check-nintendo-joycon,encoded-GET,GET,308,1,308:https://amphon.co.th/blog/check-nintendo-joycon->/blog | 200:https://amphon.co.th/blog,https://amphon.co.th/blog,200,text/html; charset=utf-8,,/blog,no,no,n/a,n/a_header_only,REDIRECT_THEN_200
https://amphon.co.th/blog/check-nintendo-joycon,unicode-query-GET,GET,308,1,308:https://amphon.co.th/blog/check-nintendo-joycon?source=gsc404audit->/blog?source=gsc404audit | 200:https://amphon.co.th/blog?source=gsc404audit,https://amphon.co.th/blog?source=gsc404audit,200,text/html; charset=utf-8,,/blog?source=gsc404audit,no,no,yes,n/a_header_only,REDIRECT_THEN_200
https://amphon.co.th/บริการ/รับซื้อ-storage-nas,unicode-GET,GET,308,1,308:https://amphon.co.th/บริการ/รับซื้อ-storage-nas->/บริการ/รับซื้อ-nas | 200:https://amphon.co.th/%E0%B8%9A%E0%B8%A3%E0%B8%B4%E0%B8%81%E0%B8%B2%E0%B8%A3/%E0%B8%A3%E0%B8%B1%E0%B8%9A%E0%B8%8B%E0%B8%B7%E0%B9%89%E0%B8%AD-nas,https://amphon.co.th/%E0%B8%9A%E0%B8%A3%E0%B8%B4%E0%B8%81%E0%B8%B2%E0%B8%A3/%E0%B8%A3%E0%B8%B1%E0%B8%9A%E0%B8%8B%E0%B8%B7%E0%B9%89%E0%B8%AD-nas,200,text/html; charset=utf-8,,/บริการ/รับซื้อ-nas,yes,no,n/a,n/a_header_only,REDIRECT_THEN_200
https://amphon.co.th/บริการ/รับซื้อ-storage-nas,encoded-GET,GET,308,1,308:https://amphon.co.th/%E0%B8%9A%E0%B8%A3%E0%B8%B4%E0%B8%81%E0%B8%B2%E0%B8%A3/%E0%B8%A3%E0%B8%B1%E0%B8%9A%E0%B8%8B%E0%B8%B7%E0%B9%89%E0%B8%AD-storage-nas->/บริการ/รับซื้อ-nas | 200:https://amphon.co.th/%E0%B8%9A%E0%B8%A3%E0%B8%B4%E0%B8%81%E0%B8%B2%E0%B8%A3/%E0%B8%A3%E0%B8%B1%E0%B8%9A%E0%B8%8B%E0%B8%B7%E0%B9%89%E0%B8%AD-nas,https://amphon.co.th/%E0%B8%9A%E0%B8%A3%E0%B8%B4%E0%B8%81%E0%B8%B2%E0%B8%A3/%E0%B8%A3%E0%B8%B1%E0%B8%9A%E0%B8%8B%E0%B8%B7%E0%B9%89%E0%B8%AD-nas,200,text/html; charset=utf-8,,/บริการ/รับซื้อ-nas,yes,no,n/a,n/a_header_only,REDIRECT_THEN_200
https://amphon.co.th/บริการ/รับซื้อ-storage-nas,unicode-query-GET,GET,308,1,308:https://amphon.co.th/บริการ/รับซื้อ-storage-nas?source=gsc404audit->/บริการ/รับซื้อ-nas?source=gsc404audit | 200:https://amphon.co.th/%E0%B8%9A%E0%B8%A3%E0%B8%B4%E0%B8%81%E0%B8%B2%E0%B8%A3/%E0%B8%A3%E0%B8%B1%E0%B8%9A%E0%B8%8B%E0%B8%B7%E0%B9%89%E0%B8%AD-nas?source=gsc404audit,https://amphon.co.th/%E0%B8%9A%E0%B8%A3%E0%B8%B4%E0%B8%81%E0%B8%B2%E0%B8%A3/%E0%B8%A3%E0%B8%B1%E0%B8%9A%E0%B8%8B%E0%B8%B7%E0%B9%89%E0%B8%AD-nas?source=gsc404audit,200,text/html; charset=utf-8,,/บริการ/รับซื้อ-nas?source=gsc404audit,yes,no,yes,n/a_header_only,REDIRECT_THEN_200
https://amphon.co.th/บริการ/รับซื้อ-gopro,unicode-GET,GET,308,1,308:https://amphon.co.th/บริการ/รับซื้อ-gopro->/บริการ/รับซื้อ-gopro-action-camera | 200:https://amphon.co.th/%E0%B8%9A%E0%B8%A3%E0%B8%B4%E0%B8%81%E0%B8%B2%E0%B8%A3/%E0%B8%A3%E0%B8%B1%E0%B8%9A%E0%B8%8B%E0%B8%B7%E0%B9%89%E0%B8%AD-gopro-action-camera,https://amphon.co.th/%E0%B8%9A%E0%B8%A3%E0%B8%B4%E0%B8%81%E0%B8%B2%E0%B8%A3/%E0%B8%A3%E0%B8%B1%E0%B8%9A%E0%B8%8B%E0%B8%B7%E0%B9%89%E0%B8%AD-gopro-action-camera,200,text/html; charset=utf-8,,/บริการ/รับซื้อ-gopro-action-camera,yes,no,n/a,n/a_header_only,REDIRECT_THEN_200
https://amphon.co.th/บริการ/รับซื้อ-gopro,encoded-GET,GET,308,1,308:https://amphon.co.th/%E0%B8%9A%E0%B8%A3%E0%B8%B4%E0%B8%81%E0%B8%B2%E0%B8%A3/%E0%B8%A3%E0%B8%B1%E0%B8%9A%E0%B8%8B%E0%B8%B7%E0%B9%89%E0%B8%AD-gopro->/บริการ/รับซื้อ-gopro-action-camera | 200:https://amphon.co.th/%E0%B8%9A%E0%B8%A3%E0%B8%B4%E0%B8%81%E0%B8%B2%E0%B8%A3/%E0%B8%A3%E0%B8%B1%E0%B8%9A%E0%B8%8B%E0%B8%B7%E0%B9%89%E0%B8%AD-gopro-action-camera,https://amphon.co.th/%E0%B8%9A%E0%B8%A3%E0%B8%B4%E0%B8%81%E0%B8%B2%E0%B8%A3/%E0%B8%A3%E0%B8%B1%E0%B8%9A%E0%B8%8B%E0%B8%B7%E0%B9%89%E0%B8%AD-gopro-action-camera,200,text/html; charset=utf-8,,/บริการ/รับซื้อ-gopro-action-camera,yes,no,n/a,n/a_header_only,REDIRECT_THEN_200
https://amphon.co.th/บริการ/รับซื้อ-gopro,unicode-query-GET,GET,308,1,308:https://amphon.co.th/บริการ/รับซื้อ-gopro?source=gsc404audit->/บริการ/รับซื้อ-gopro-action-camera?source=gsc404audit | 200:https://amphon.co.th/%E0%B8%9A%E0%B8%A3%E0%B8%B4%E0%B8%81%E0%B8%B2%E0%B8%A3/%E0%B8%A3%E0%B8%B1%E0%B8%9A%E0%B8%8B%E0%B8%B7%E0%B9%89%E0%B8%AD-gopro-action-camera?source=gsc404audit,https://amphon.co.th/%E0%B8%9A%E0%B8%A3%E0%B8%B4%E0%B8%81%E0%B8%B2%E0%B8%A3/%E0%B8%A3%E0%B8%B1%E0%B8%9A%E0%B8%8B%E0%B8%B7%E0%B9%89%E0%B8%AD-gopro-action-camera?source=gsc404audit,200,text/html; charset=utf-8,,/บริการ/รับซื้อ-gopro-action-camera?source=gsc404audit,yes,no,yes,n/a_header_only,REDIRECT_THEN_200
https://amphon.co.th/บริการ/รับซื้อเลนส์,unicode-GET,GET,308,1,308:https://amphon.co.th/บริการ/รับซื้อเลนส์->/บริการ/รับซื้อเลนส์กล้อง | 200:https://amphon.co.th/%E0%B8%9A%E0%B8%A3%E0%B8%B4%E0%B8%81%E0%B8%B2%E0%B8%A3/%E0%B8%A3%E0%B8%B1%E0%B8%9A%E0%B8%8B%E0%B8%B7%E0%B9%89%E0%B8%AD%E0%B9%80%E0%B8%A5%E0%B8%99%E0%B8%AA%E0%B9%8C%E0%B8%81%E0%B8%A5%E0%B9%89%E0%B8%AD%E0%B8%87,https://amphon.co.th/%E0%B8%9A%E0%B8%A3%E0%B8%B4%E0%B8%81%E0%B8%B2%E0%B8%A3/%E0%B8%A3%E0%B8%B1%E0%B8%9A%E0%B8%8B%E0%B8%B7%E0%B9%89%E0%B8%AD%E0%B9%80%E0%B8%A5%E0%B8%99%E0%B8%AA%E0%B9%8C%E0%B8%81%E0%B8%A5%E0%B9%89%E0%B8%AD%E0%B8%87,200,text/html; charset=utf-8,,/บริการ/รับซื้อเลนส์กล้อง,yes,no,n/a,n/a_header_only,REDIRECT_THEN_200
https://amphon.co.th/บริการ/รับซื้อเลนส์,encoded-GET,GET,308,1,308:https://amphon.co.th/%E0%B8%9A%E0%B8%A3%E0%B8%B4%E0%B8%81%E0%B8%B2%E0%B8%A3/%E0%B8%A3%E0%B8%B1%E0%B8%9A%E0%B8%8B%E0%B8%B7%E0%B9%89%E0%B8%AD%E0%B9%80%E0%B8%A5%E0%B8%99%E0%B8%AA%E0%B9%8C->/บริการ/รับซื้อเลนส์กล้อง | 200:https://amphon.co.th/%E0%B8%9A%E0%B8%A3%E0%B8%B4%E0%B8%81%E0%B8%B2%E0%B8%A3/%E0%B8%A3%E0%B8%B1%E0%B8%9A%E0%B8%8B%E0%B8%B7%E0%B9%89%E0%B8%AD%E0%B9%80%E0%B8%A5%E0%B8%99%E0%B8%AA%E0%B9%8C%E0%B8%81%E0%B8%A5%E0%B9%89%E0%B8%AD%E0%B8%87,https://amphon.co.th/%E0%B8%9A%E0%B8%A3%E0%B8%B4%E0%B8%81%E0%B8%B2%E0%B8%A3/%E0%B8%A3%E0%B8%B1%E0%B8%9A%E0%B8%8B%E0%B8%B7%E0%B9%89%E0%B8%AD%E0%B9%80%E0%B8%A5%E0%B8%99%E0%B8%AA%E0%B9%8C%E0%B8%81%E0%B8%A5%E0%B9%89%E0%B8%AD%E0%B8%87,200,text/html; charset=utf-8,,/บริการ/รับซื้อเลนส์กล้อง,yes,no,n/a,n/a_header_only,REDIRECT_THEN_200
https://amphon.co.th/บริการ/รับซื้อเลนส์,unicode-query-GET,GET,308,1,308:https://amphon.co.th/บริการ/รับซื้อเลนส์?source=gsc404audit->/บริการ/รับซื้อเลนส์กล้อง?source=gsc404audit | 200:https://amphon.co.th/%E0%B8%9A%E0%B8%A3%E0%B8%B4%E0%B8%81%E0%B8%B2%E0%B8%A3/%E0%B8%A3%E0%B8%B1%E0%B8%9A%E0%B8%8B%E0%B8%B7%E0%B9%89%E0%B8%AD%E0%B9%80%E0%B8%A5%E0%B8%99%E0%B8%AA%E0%B9%8C%E0%B8%81%E0%B8%A5%E0%B9%89%E0%B8%AD%E0%B8%87?source=gsc404audit,https://amphon.co.th/%E0%B8%9A%E0%B8%A3%E0%B8%B4%E0%B8%81%E0%B8%B2%E0%B8%A3/%E0%B8%A3%E0%B8%B1%E0%B8%9A%E0%B8%8B%E0%B8%B7%E0%B9%89%E0%B8%AD%E0%B9%80%E0%B8%A5%E0%B8%99%E0%B8%AA%E0%B9%8C%E0%B8%81%E0%B8%A5%E0%B9%89%E0%B8%AD%E0%B8%87?source=gsc404audit,200,text/html; charset=utf-8,,/บริการ/รับซื้อเลนส์กล้อง?source=gsc404audit,yes,no,yes,n/a_header_only,REDIRECT_THEN_200
https://amphon.co.th/บริการ/รับซื้อ-hdd,unicode-GET,GET,308,1,308:https://amphon.co.th/บริการ/รับซื้อ-hdd->/บริการ/รับซื้อ-ssd | 200:https://amphon.co.th/%E0%B8%9A%E0%B8%A3%E0%B8%B4%E0%B8%81%E0%B8%B2%E0%B8%A3/%E0%B8%A3%E0%B8%B1%E0%B8%9A%E0%B8%8B%E0%B8%B7%E0%B9%89%E0%B8%AD-ssd,https://amphon.co.th/%E0%B8%9A%E0%B8%A3%E0%B8%B4%E0%B8%81%E0%B8%B2%E0%B8%A3/%E0%B8%A3%E0%B8%B1%E0%B8%9A%E0%B8%8B%E0%B8%B7%E0%B9%89%E0%B8%AD-ssd,200,text/html; charset=utf-8,,/บริการ/รับซื้อ-ssd,yes,no,n/a,n/a_header_only,REDIRECT_THEN_200
https://amphon.co.th/บริการ/รับซื้อ-hdd,encoded-GET,GET,308,1,308:https://amphon.co.th/%E0%B8%9A%E0%B8%A3%E0%B8%B4%E0%B8%81%E0%B8%B2%E0%B8%A3/%E0%B8%A3%E0%B8%B1%E0%B8%9A%E0%B8%8B%E0%B8%B7%E0%B9%89%E0%B8%AD-hdd->/บริการ/รับซื้อ-ssd | 200:https://amphon.co.th/%E0%B8%9A%E0%B8%A3%E0%B8%B4%E0%B8%81%E0%B8%B2%E0%B8%A3/%E0%B8%A3%E0%B8%B1%E0%B8%9A%E0%B8%8B%E0%B8%B7%E0%B9%89%E0%B8%AD-ssd,https://amphon.co.th/%E0%B8%9A%E0%B8%A3%E0%B8%B4%E0%B8%81%E0%B8%B2%E0%B8%A3/%E0%B8%A3%E0%B8%B1%E0%B8%9A%E0%B8%8B%E0%B8%B7%E0%B9%89%E0%B8%AD-ssd,200,text/html; charset=utf-8,,/บริการ/รับซื้อ-ssd,yes,no,n/a,n/a_header_only,REDIRECT_THEN_200
https://amphon.co.th/บริการ/รับซื้อ-hdd,unicode-query-GET,GET,308,1,308:https://amphon.co.th/บริการ/รับซื้อ-hdd?source=gsc404audit->/บริการ/รับซื้อ-ssd?source=gsc404audit | 200:https://amphon.co.th/%E0%B8%9A%E0%B8%A3%E0%B8%B4%E0%B8%81%E0%B8%B2%E0%B8%A3/%E0%B8%A3%E0%B8%B1%E0%B8%9A%E0%B8%8B%E0%B8%B7%E0%B9%89%E0%B8%AD-ssd?source=gsc404audit,https://amphon.co.th/%E0%B8%9A%E0%B8%A3%E0%B8%B4%E0%B8%81%E0%B8%B2%E0%B8%A3/%E0%B8%A3%E0%B8%B1%E0%B8%9A%E0%B8%8B%E0%B8%B7%E0%B9%89%E0%B8%AD-ssd?source=gsc404audit,200,text/html; charset=utf-8,,/บริการ/รับซื้อ-ssd?source=gsc404audit,yes,no,yes,n/a_header_only,REDIRECT_THEN_200
