url,page_type,visible_words,thin_signal,family,unique_sections_signal,batch_12g1_marker,result
/404,other,44,YES,other,yes,no,REVIEW
/about,company,146,YES,company,yes,no,OK
/blog/airpods-แบตเสื่อม-ข้างหนึ่งดังเบา-ขายได้ไหม,blog,506,NO,blog,yes,no,OK
/blog/apple-watch-ก่อนขาย-ต้องล้างข้อมูลอะไรบ้าง,blog,540,NO,blog,yes,no,OK
/blog/imac-mac-mini-มือสอง-ขายอย่างไรให้ประเมินง่าย,blog,546,NO,blog,yes,no,OK
/blog,blog,1711,NO,blog,yes,no,OK
/blog/ipad-จอแตก-เครื่องงอ-แบตเสื่อม-ขายได้ไหม,blog,508,NO,blog,yes,no,OK
/blog/ipad-ติด-icloud-ขายได้ไหม,blog,276,NO,blog,yes,no,OK
/blog/iphone-ติด-icloud-ลืม-apple-id-ก่อนขาย,blog,528,NO,blog,yes,no,OK
/blog/iphone-แบตเสื่อม-face-id-เสีย-จอแตก-ขายได้ไหม,blog,511,NO,blog,yes,no,OK
/blog/mac-mini-m4-มือสอง,blog,1578,NO,blog,yes,no,OK
/blog/macbook-battery-cycle-มีผลต่อราคาขายแค่ไหน,blog,522,NO,blog,yes,no,OK
/blog/macbook-ติด-apple-id-find-my-ก่อนขาย,blog,510,NO,blog,yes,no,OK
/blog/marshall-แบตเสื่อม-เสียงแตก-ปุ่มรวน-ขายได้ไหม,blog,501,NO,blog,yes,no,OK
/blog/ssd-สุขภาพเหลือน้อย-เขียนข้อมูลเยอะ-ขายได้ไหม,blog,517,NO,blog,yes,no,OK
/blog/surface-เปิดไม่ติด-จอแตก-คีย์บอร์ดเสีย-ขายได้ไหม,blog,527,NO,blog,yes,no,OK
/blog/กล่องใบเสร็จอุปกรณ์ครบ-มีผลต่อราคาขายไหม,blog,487,NO,blog,yes,no,OK
/blog/กล้อง-fujifilm-รุ่นเก่า-ยังขายได้ไหม,blog,527,NO,blog,yes,no,OK
/blog/กล้อง-shutter-count-สูง-ขายได้ไหม,blog,510,NO,blog,yes,no,OK
/blog/การ์ดจอมีผลต่อราคาคอมมือสองแค่ไหน,blog,537,NO,blog,yes,no,OK
/blog/การ์ดจอเคยขุด-ขายได้ไหม-เช็กอย่างไร,blog,499,NO,blog,yes,no,OK
/blog/ขาย-ipad-มือสอง-ต้องเช็กอะไรบ้าง,blog,532,NO,blog,yes,no,OK
/blog/ขาย-iphone-มือสอง-ต้องเตรียมอะไรบ้าง,blog,193,NO,blog,yes,no,OK
/blog/ขาย-macbook-มือสอง-อย่างไรให้ได้ราคาดี,blog,531,NO,blog,yes,no,OK
/blog/ขายกล้อง-sony-มือสอง-ต้องเช็กอะไรบ้าง,blog,1160,NO,blog,yes,no,OK
/blog/ขายของไอทีเสียยังไงให้ไม่ถูกกดราคา,blog,492,NO,blog,yes,no,OK
/blog/ขายสินค้าไอทีอย่างไรให้ปลอดภัย-ไม่โดนโกง,blog,491,NO,blog,yes,no,OK
/blog/ขายโทรศัพท์มือสองใกล้ฉัน,blog,1073,NO,blog,yes,no,OK
/blog/ขายโน๊ตบุ๊คเก่าให้ได้ราคาดี-ต้องเช็กอะไรบ้าง,blog,510,NO,blog,yes,no,OK
/blog/ควรขายของไอทีตอนไหน-ให้ได้ราคาดีที่สุด,blog,288,NO,blog,yes,no,OK
/blog/คอมบริษัทเก่า-ขายยังไง,blog,156,YES,blog,yes,no,OK
/blog/คอมบริษัทเก่า-ขายแบบไหนให้เคลียร์ง่าย,blog,503,NO,blog,yes,no,OK
/blog/คอมเกมมิ่งมือสอง-ขายอย่างไรให้ได้ราคาดี,blog,504,NO,blog,yes,no,OK
/blog/จอคอมมีเส้น-จุดดำ-ภาพกระพริบ-ขายได้ไหม,blog,515,NO,blog,yes,no,OK
/blog/จำนำโทรศัพท์กับขายขาดต่างกันอย่างไร,blog,361,NO,blog,yes,no,OK
/blog/ถ่ายรูปสินค้าไอทีให้ร้านประเมินราคาเร็ว,blog,496,NO,blog,yes,no,OK
/blog/รับซื้อสินค้าไอทีถึงที่-ปลอดภัยไหม,blog,146,YES,blog,yes,no,OK
/blog/ราคา-ipad-มือสอง-2026,blog,536,NO,blog,yes,no,OK
/blog/ราคา-iphone-มือสอง-2026,blog,545,NO,blog,yes,no,OK
/blog/ราคา-macbook-มือสอง-2026,blog,620,NO,blog,yes,no,OK
/blog/ร้านรับซื้อไอที-เช็กอะไรบ้างก่อนตีราคา,blog,295,NO,blog,yes,no,OK
/blog/ลบข้อมูลก่อนขาย-ทำยังไงให้กู้ไม่ได้,blog,403,NO,blog,yes,no,OK
/blog/ลำโพง-jbl-ของแท้ของปลอม-เช็กก่อนขาย,blog,507,NO,blog,yes,no,OK
/blog/วิธีล้างเครื่อง-macbook-ก่อนขาย,blog,628,NO,blog,yes,no,OK
/blog/วิธีเช็ก-battery-health-iphone-ก่อนขาย,blog,536,NO,blog,yes,no,OK
/blog/วิธีเช็กราคาก่อนขายโน๊ตบุ๊คมือสอง,blog,161,YES,blog,yes,no,OK
/blog/วิธีเช็กรุ่น-ipad-ว่าเป็น-gen-ไหน,blog,1903,NO,blog,yes,no,OK
/blog/วิธีเช็กสเปกคอมก่อนขาย,blog,664,NO,blog,yes,no,OK
/blog/วิธีเตรียมเครื่องก่อนขายสินค้าไอที,blog,182,NO,blog,yes,no,OK
/blog/เลนส์มีฝ้า-รา-ฝุ่น-โฟกัสเสีย-ขายได้ไหม,blog,504,NO,blog,yes,no,OK
/blog/แรมมือสองขายได้เท่าไหร่,blog,1040,NO,blog,yes,no,OK
/blog/โน๊ตบุ๊คเปิดไม่ติด-ขายได้ไหม,blog,494,NO,blog,yes,no,OK
/blog/โน๊ตบุ๊คเสีย-ขายได้ไหม,blog,150,YES,blog,yes,no,OK
/contact,company,103,YES,company,yes,no,REVIEW
/,homepage,646,NO,homepage,yes,no,OK
/privacy-policy,other,117,YES,other,yes,no,REVIEW
/บริการ/รับซื้อ-acer-aspire,service-hub,801,NO,service-hub,yes,no,OK
/บริการ/รับซื้อ-acer-nitro,service-hub,913,NO,service-hub,yes,no,OK
/บริการ/รับซื้อ-acer-predator,service-hub,974,NO,service-hub,yes,no,OK
/บริการ/รับซื้อ-airpods,service-hub,571,NO,service-hub,yes,no,OK
/บริการ/รับซื้อ-apple,service-hub,687,NO,service-hub,yes,no,OK
/บริการ/รับซื้อ-apple-pencil,service-hub,370,NO,service-hub,yes,no,OK
/บริการ/รับซื้อ-apple-watch,service-hub,653,NO,service-hub,yes,no,OK
/บริการ/รับซื้อ-asus-expertbook,service-hub,821,NO,service-hub,yes,no,OK
/บริการ/รับซื้อ-asus-tuf-gaming,service-hub,950,NO,service-hub,yes,no,OK
/บริการ/รับซื้อ-asus-vivobook,service-hub,790,NO,service-hub,yes,no,OK
/บริการ/รับซื้อ-cpu,service-hub,365,NO,service-hub,yes,no,OK
/บริการ/รับซื้อ-dell-alienware,service-hub,1019,NO,service-hub,yes,no,OK
/บริการ/รับซื้อ-dell-g-series,service-hub,1006,NO,service-hub,yes,no,OK
/บริการ/รับซื้อ-dell-inspiron,service-hub,812,NO,service-hub,yes,no,OK
/บริการ/รับซื้อ-dell-latitude,service-hub,895,NO,service-hub,yes,no,OK
/บริการ/รับซื้อ-desktop-pc,service-hub,818,NO,service-hub,yes,no,OK
/บริการ/รับซื้อ-gaming-pc,service-hub,705,NO,service-hub,yes,no,OK
/บริการ/รับซื้อ-gigabyte-aorus,service-hub,667,NO,service-hub,yes,no,OK
/บริการ/รับซื้อ-gigabyte-g5-g6-g7,service-hub,709,NO,service-hub,yes,no,OK
/บริการ/รับซื้อ-gigabyte-gaming-notebook,service-hub,754,NO,service-hub,yes,no,OK
/บริการ/รับซื้อ-gopro-action-camera,service-hub,380,NO,service-hub,yes,no,OK
/บริการ/รับซื้อ-hp-elitebook,service-hub,830,NO,service-hub,yes,no,OK
/บริการ/รับซื้อ-hp-omen,service-hub,992,NO,service-hub,yes,no,OK
/บริการ/รับซื้อ-hp-pavilion,service-hub,795,NO,service-hub,yes,no,OK
/บริการ/รับซื้อ-hp-victus,service-hub,931,NO,service-hub,yes,no,OK
/บริการ/รับซื้อ-imac,service-hub,692,NO,service-hub,yes,no,OK
/บริการ/รับซื้อ-imac-mac-mini,service-hub,386,NO,service-hub,yes,no,OK
/บริการ/รับซื้อ-ipad,service-hub,935,NO,service-hub,yes,no,OK
/บริการ/รับซื้อ-ipad-air,service-hub,366,NO,service-hub,yes,no,OK
/บริการ/รับซื้อ-ipad-gen,service-hub,332,NO,service-hub,yes,no,OK
/บริการ/รับซื้อ-ipad-mini,service-hub,350,NO,service-hub,yes,no,OK
/บริการ/รับซื้อ-ipad-pro,service-hub,416,NO,service-hub,yes,no,OK
/บริการ/รับซื้อ-ipad-จอแตก,service-hub,335,NO,service-hub,yes,no,OK
/บริการ/รับซื้อ-ipad-เสีย,service-hub,350,NO,service-hub,yes,no,OK
/บริการ/รับซื้อ-iphone,service-hub,867,NO,service-hub,yes,no,OK
/บริการ/รับซื้อ-iphone-13,service-hub,360,NO,service-hub,yes,no,OK
/บริการ/รับซื้อ-iphone-14,service-hub,398,NO,service-hub,yes,no,OK
/บริการ/รับซื้อ-iphone-15,service-hub,395,NO,service-hub,yes,no,OK
/บริการ/รับซื้อ-iphone-16,service-hub,419,NO,service-hub,yes,no,OK
/บริการ/รับซื้อ-iphone-17,service-hub,413,NO,service-hub,yes,no,OK
/บริการ/รับซื้อ-iphone-face-id-เสีย,service-hub,370,NO,service-hub,yes,no,OK
/บริการ/รับซื้อ-iphone-pro-max,service-hub,422,NO,service-hub,yes,no,OK
/บริการ/รับซื้อ-iphone-จอแตก,service-hub,371,NO,service-hub,yes,no,OK
/บริการ/รับซื้อ-iphone-ติด-icloud,service-hub,417,NO,service-hub,yes,no,OK
/บริการ/รับซื้อ-iphone-เครื่องนอก,service-hub,422,NO,service-hub,yes,no,OK
/บริการ/รับซื้อ-jbl,service-hub,748,NO,service-hub,yes,no,OK
/บริการ/รับซื้อ-lenovo-ideapad,service-hub,793,NO,service-hub,yes,no,OK
/บริการ/รับซื้อ-lenovo-legion,service-hub,906,NO,service-hub,yes,no,OK
/บริการ/รับซื้อ-lenovo-loq,service-hub,973,NO,service-hub,yes,no,OK
/บริการ/รับซื้อ-lenovo-thinkpad,service-hub,907,NO,service-hub,yes,no,OK
/บริการ/รับซื้อ-mac-mini,service-hub,2542,NO,service-hub,yes,no,OK
/บริการ/รับซื้อ-macbook,service-hub,1383,NO,service-hub,yes,no,OK
/บริการ/รับซื้อ-macbook-air,service-hub,421,NO,service-hub,yes,no,OK
/บริการ/รับซื้อ-macbook-intel,service-hub,424,NO,service-hub,yes,no,OK
/บริการ/รับซื้อ-macbook-m1,service-hub,416,NO,service-hub,yes,no,OK
/บริการ/รับซื้อ-macbook-m2,service-hub,417,NO,service-hub,yes,no,OK
/บริการ/รับซื้อ-macbook-m3-m4,service-hub,433,NO,service-hub,yes,no,OK
/บริการ/รับซื้อ-macbook-pro,service-hub,467,NO,service-hub,yes,no,OK
/บริการ/รับซื้อ-macbook-จอแตก,service-hub,383,NO,service-hub,yes,no,OK
/บริการ/รับซื้อ-macbook-เสีย,service-hub,384,NO,service-hub,yes,no,OK
/บริการ/รับซื้อ-magic-keyboard-ipad,service-hub,375,NO,service-hub,yes,no,OK
/บริการ/รับซื้อ-marshall,service-hub,727,NO,service-hub,yes,no,OK
/บริการ/รับซื้อ-msi-cyborg,service-hub,899,NO,service-hub,yes,no,OK
/บริการ/รับซื้อ-msi-katana,service-hub,927,NO,service-hub,yes,no,OK
/บริการ/รับซื้อ-msi-notebook,service-hub,958,NO,service-hub,yes,no,OK
/บริการ/รับซื้อ-msi-pulse-crosshair,service-hub,975,NO,service-hub,yes,no,OK
/บริการ/รับซื้อ-msi-raider,service-hub,989,NO,service-hub,yes,no,OK
/บริการ/รับซื้อ-msi-stealth,service-hub,945,NO,service-hub,yes,no,OK
/บริการ/รับซื้อ-msi-sword,service-hub,688,NO,service-hub,yes,no,OK
/บริการ/รับซื้อ-msi-thin,service-hub,936,NO,service-hub,yes,no,OK
/บริการ/รับซื้อ-msi-titan,service-hub,781,NO,service-hub,yes,no,OK
/บริการ/รับซื้อ-msi-vector,service-hub,977,NO,service-hub,yes,no,OK
/บริการ/รับซื้อ-nas,service-hub,1349,NO,service-hub,yes,no,OK
/บริการ/รับซื้อ-nintendo-switch,service-hub,677,NO,service-hub,yes,no,OK
/บริการ/รับซื้อ-notebook-acer,service-hub,500,NO,service-hub,yes,no,OK
/บริการ/รับซื้อ-notebook-asus,service-hub,492,NO,service-hub,yes,no,OK
/บริการ/รับซื้อ-notebook-dell,service-hub,457,NO,service-hub,yes,no,OK
/บริการ/รับซื้อ-notebook-hp,service-hub,455,NO,service-hub,yes,no,OK
/บริการ/รับซื้อ-notebook-lenovo,service-hub,465,NO,service-hub,yes,no,OK
/บริการ/รับซื้อ-pc-มือสอง,service-hub,726,NO,service-hub,yes,no,OK
/บริการ/รับซื้อ-playstation,service-hub,849,NO,service-hub,yes,no,OK
/บริการ/รับซื้อ-printer,service-hub,1030,NO,service-hub,yes,no,OK
/บริการ/รับซื้อ-ram-ssd,service-hub,363,NO,service-hub,yes,no,OK
/บริการ/รับซื้อ-rog-gaming-notebook,service-hub,822,NO,service-hub,yes,no,OK
/บริการ/รับซื้อ-rog-strix,service-hub,968,NO,service-hub,yes,no,OK
/บริการ/รับซื้อ-rog-zephyrus,service-hub,938,NO,service-hub,yes,no,OK
/บริการ/รับซื้อ-server,service-hub,1369,NO,service-hub,yes,no,OK
/บริการ/รับซื้อ-server-network,service-hub,321,NO,service-hub,yes,no,OK
/บริการ/รับซื้อ-ssd,service-hub,1135,NO,service-hub,yes,no,OK
/บริการ/รับซื้อ-storage-nas,service-hub,15,YES,service-hub,no,no,REVIEW
/บริการ/รับซื้อ-surface,service-hub,1011,NO,service-hub,yes,no,OK
/บริการ/รับซื้อ-ups,service-hub,1164,NO,service-hub,yes,no,OK
/บริการ/รับซื้อ-workstation,service-hub,767,NO,service-hub,yes,no,OK
/บริการ/รับซื้อกล้อง,service-hub,897,NO,service-hub,yes,no,OK
/บริการ/รับซื้อกล้อง-canon,service-hub,521,NO,service-hub,yes,no,OK
/บริการ/รับซื้อกล้อง-fujifilm,service-hub,522,NO,service-hub,yes,no,OK
/บริการ/รับซื้อกล้อง-mirrorless,service-hub,387,NO,service-hub,yes,no,OK
/บริการ/รับซื้อกล้อง-nikon,service-hub,396,NO,service-hub,yes,no,OK
/บริการ/รับซื้อกล้อง-sony,service-hub,532,NO,service-hub,yes,no,OK
/บริการ/รับซื้อกล้องฟิล์ม,service-hub,365,NO,service-hub,yes,no,OK
/บริการ/รับซื้อกล้องเสีย,service-hub,331,NO,service-hub,yes,no,OK
/บริการ/รับซื้อการ์ดจอ,service-hub,451,NO,service-hub,yes,no,OK
/บริการ/รับซื้อของสะสม,service-hub,731,NO,service-hub,yes,no,OK
/บริการ/รับซื้อของไอทีเสีย,service-hub,743,NO,service-hub,yes,no,OK
/บริการ/รับซื้อคอม-3d-render,service-hub,743,NO,service-hub,yes,no,OK
/บริการ/รับซื้อคอม-ai-deep-learning,service-hub,789,NO,service-hub,yes,no,OK
/บริการ/รับซื้อคอม-cad-engineer,service-hub,718,NO,service-hub,yes,no,OK
/บริการ/รับซื้อคอมตัดต่อวิดีโอ,service-hub,712,NO,service-hub,yes,no,OK
/บริการ/รับซื้อคอมทำงานกราฟิก,service-hub,682,NO,service-hub,yes,no,OK
/บริการ/รับซื้อคอมบริษัท,service-hub,973,NO,service-hub,yes,no,OK
/บริการ/รับซื้อคอมบริษัทปิดกิจการ,service-hub,664,NO,service-hub,yes,no,OK
/บริการ/รับซื้อคอมประกอบ,service-hub,782,NO,service-hub,yes,no,OK
/บริการ/รับซื้อคอมพิวเตอร์,service-hub,1076,NO,service-hub,yes,no,OK
/บริการ/รับซื้อคอมพิวเตอร์ตั้งโต๊ะ,service-hub,763,NO,service-hub,yes,no,OK
/บริการ/รับซื้อคอมยกล็อต,service-hub,664,NO,service-hub,yes,no,OK
/บริการ/รับซื้อคอมร้านเกม,service-hub,623,NO,service-hub,yes,no,OK
/บริการ/รับซื้อคอมสตรีมเกม,service-hub,657,NO,service-hub,yes,no,OK
/บริการ/รับซื้อคอมสำนักงาน,service-hub,712,NO,service-hub,yes,no,OK
/บริการ/รับซื้อคอมสเปกสูง,service-hub,883,NO,service-hub,yes,no,OK
/บริการ/รับซื้อคอมเกมมิ่ง,service-hub,428,NO,service-hub,yes,no,OK
/บริการ/รับซื้อคอมเล่นเกมสเปกแรง,service-hub,675,NO,service-hub,yes,no,OK
/บริการ/รับซื้อคอมเสีย,service-hub,262,NO,service-hub,yes,no,OK
/บริการ/รับซื้อจอคอม,service-hub,970,NO,service-hub,yes,no,OK
/บริการ/รับซื้อจอเกมมิ่ง,service-hub,605,NO,service-hub,yes,no,OK
/บริการ/รับซื้อซีพียู,service-hub,910,NO,service-hub,yes,no,OK
/บริการ/รับซื้อทีวี,service-hub,815,NO,service-hub,yes,no,OK
/บริการ/รับซื้อมือถือ,service-hub,464,NO,service-hub,yes,no,OK
/บริการ/รับซื้อลำโพงบลูทูธ,service-hub,597,NO,service-hub,yes,no,OK
/บริการ/รับซื้อสินค้าไอทีบริษัท,service-hub,660,NO,service-hub,yes,no,OK
/บริการ/รับซื้อหูฟัง,service-hub,1493,NO,service-hub,yes,no,OK
/บริการ/รับซื้ออุปกรณ์-network,service-hub,1467,NO,service-hub,yes,no,OK
/บริการ/รับซื้ออุปกรณ์คอมพิวเตอร์,service-hub,1682,NO,service-hub,yes,no,OK
/บริการ/รับซื้ออุปกรณ์สำนักงานมือสอง,service-hub,326,NO,service-hub,yes,no,OK
/บริการ/รับซื้ออุปกรณ์ไอที,service-hub,654,NO,service-hub,yes,no,OK
/บริการ/รับซื้ออุปกรณ์ไอทีบริษัท,service-hub,404,NO,service-hub,yes,no,OK
/บริการ/รับซื้อเครื่องเกม,service-hub,645,NO,service-hub,yes,no,OK
/บริการ/รับซื้อเครื่องใช้ไฟฟ้า,service-hub,749,NO,service-hub,yes,no,OK
/บริการ/รับซื้อเฟอร์นิเจอร์,service-hub,897,NO,service-hub,yes,no,OK
/บริการ/รับซื้อเมนบอร์ด,service-hub,883,NO,service-hub,yes,no,OK
/บริการ/รับซื้อเลนส์,service-hub,11,YES,service-hub,no,no,REVIEW
/บริการ/รับซื้อเลนส์กล้อง,service-hub,356,NO,service-hub,yes,no,OK
/บริการ/รับซื้อแท็บเล็ต,service-hub,686,NO,service-hub,yes,no,OK
/บริการ/รับซื้อแรม,service-hub,844,NO,service-hub,yes,no,OK
/บริการ/รับซื้อโดรน,service-hub,907,NO,service-hub,yes,no,OK
/บริการ/รับซื้อโทรศัพท์มือสอง,service-hub,580,NO,service-hub,yes,no,OK
/บริการ/รับซื้อโทรศัพท์เสีย,service-hub,449,NO,service-hub,yes,no,OK
/บริการ/รับซื้อโน๊ตบุ๊ค,service-hub,1124,NO,service-hub,yes,no,OK
/บริการ/รับซื้อโน๊ตบุ๊คจอแตก,service-hub,585,NO,service-hub,yes,no,OK
/บริการ/รับซื้อโน๊ตบุ๊คบริษัท,service-hub,596,NO,service-hub,yes,no,OK
/บริการ/รับซื้อโน๊ตบุ๊คยกล็อต,service-hub,575,NO,service-hub,yes,no,OK
/บริการ/รับซื้อโน๊ตบุ๊คเกมมิ่ง,service-hub,885,NO,service-hub,yes,no,OK
/บริการ/รับซื้อโน๊ตบุ๊คเปิดไม่ติด,service-hub,600,NO,service-hub,yes,no,OK
/บริการ/รับซื้อโน๊ตบุ๊คเสีย,service-hub,689,NO,service-hub,yes,no,OK
/บริการ/รับซื้อโน๊ตบุ๊คไม่มี-adapter,service-hub,589,NO,service-hub,yes,no,OK
/บริการ/รับประมูลคอมพิวเตอร์มือสอง,service-hub,623,NO,service-hub,yes,no,OK
/บริการ/รับเคลียร์อุปกรณ์ไอทีสำนักงาน,service-hub,911,NO,service-hub,yes,no,OK
/บริการ/รับเหมาประมูลอุปกรณ์ไอที,service-hub,991,NO,service-hub,yes,no,OK
/พื้นที่ให้บริการ,other,606,NO,other,yes,no,OK
/พื้นที่ให้บริการ/กาญจนบุรี,province,1353,NO,province,yes,no,OK
/พื้นที่ให้บริการ/กาฬสินธุ์,province,1311,NO,province,yes,no,OK
/พื้นที่ให้บริการ/ขอนแก่น,province,1486,NO,province,yes,no,OK
/พื้นที่ให้บริการ/จันทบุรี,province,1370,NO,province,yes,no,OK
/พื้นที่ให้บริการ/ชลบุรี,province,1671,NO,province,yes,no,OK
/พื้นที่ให้บริการ/ชัยภูมิ,province,2047,NO,province,yes,no,OK
/พื้นที่ให้บริการ/ตราด,province,1683,NO,province,yes,no,OK
/พื้นที่ให้บริการ/ตาก,province,1707,NO,province,yes,no,OK
/พื้นที่ให้บริการ/นครพนม,province,2043,NO,province,yes,no,OK
/พื้นที่ให้บริการ/นครราชสีมา,province,1527,NO,province,yes,no,OK
/พื้นที่ให้บริการ/นครสวรรค์,province,1707,NO,province,yes,no,OK
/พื้นที่ให้บริการ/บึงกาฬ,province,2039,NO,province,yes,no,OK
/พื้นที่ให้บริการ/บุรีรัมย์,province,1395,NO,province,yes,no,OK
/พื้นที่ให้บริการ/พัทลุง,province,1784,NO,province,yes,no,OK
/พื้นที่ให้บริการ/ภูเก็ต,province,1673,NO,province,yes,no,OK
/พื้นที่ให้บริการ/มหาสารคาม,province,2064,NO,province,yes,no,OK
/พื้นที่ให้บริการ/มุกดาหาร,province,2067,NO,province,yes,no,OK
/พื้นที่ให้บริการ/ยะลา,province,1809,NO,province,yes,no,OK
/พื้นที่ให้บริการ/ยโสธร,province,2168,NO,province,yes,no,OK
/พื้นที่ให้บริการ/ร้อยเอ็ด,province,2174,NO,province,yes,no,OK
/พื้นที่ให้บริการ/ศรีสะเกษ,province,2023,NO,province,yes,no,OK
/พื้นที่ให้บริการ/สกลนคร,province,2005,NO,province,yes,no,OK
/พื้นที่ให้บริการ/สุพรรณบุรี,province,1673,NO,province,yes,no,OK
/พื้นที่ให้บริการ/สุรินทร์,province,1300,NO,province,yes,no,OK
/พื้นที่ให้บริการ/หนองคาย,province,2113,NO,province,yes,no,OK
/พื้นที่ให้บริการ/หนองบัวลำภู,province,1283,NO,province,yes,no,OK
/พื้นที่ให้บริการ/หาดใหญ่,province,1628,NO,province,yes,no,OK
/พื้นที่ให้บริการ/อำนาจเจริญ,province,1285,NO,province,yes,no,OK
/พื้นที่ให้บริการ/อุดรธานี,province,1427,NO,province,yes,no,OK
/พื้นที่ให้บริการ/อุบลราชธานี,province,1339,NO,province,yes,no,OK
/พื้นที่ให้บริการ/เพชรบุรี,province,1676,NO,province,yes,no,OK
/พื้นที่ให้บริการ/เลย,province,1296,NO,province,yes,no,OK
/รับซื้อ/รับซื้อ-airpods-กาฬสินธุ์,service-x-location,320,NO,service-x-location,yes,no,OK
/รับซื้อ/รับซื้อ-airpods-ขอนแก่น,service-x-location,331,NO,service-x-location,yes,no,OK
/รับซื้อ/รับซื้อ-airpods-ชัยภูมิ,service-x-location,319,NO,service-x-location,yes,no,OK
/รับซื้อ/รับซื้อ-airpods-นครพนม,service-x-location,316,NO,service-x-location,yes,no,OK
/รับซื้อ/รับซื้อ-airpods-นครราชสีมา,service-x-location,338,NO,service-x-location,yes,no,OK
/รับซื้อ/รับซื้อ-airpods-บึงกาฬ,service-x-location,308,NO,service-x-location,yes,no,OK
/รับซื้อ/รับซื้อ-airpods-บุรีรัมย์,service-x-location,312,NO,service-x-location,yes,no,OK
/รับซื้อ/รับซื้อ-airpods-มหาสารคาม,service-x-location,312,NO,service-x-location,yes,no,OK
/รับซื้อ/รับซื้อ-airpods-มุกดาหาร,service-x-location,305,NO,service-x-location,yes,no,OK
/รับซื้อ/รับซื้อ-airpods-ยโสธร,service-x-location,309,NO,service-x-location,yes,no,OK
/รับซื้อ/รับซื้อ-airpods-ร้อยเอ็ด,service-x-location,323,NO,service-x-location,yes,no,OK
/รับซื้อ/รับซื้อ-airpods-ศรีสะเกษ,service-x-location,310,NO,service-x-location,yes,no,OK
/รับซื้อ/รับซื้อ-airpods-สกลนคร,service-x-location,324,NO,service-x-location,yes,no,OK
/รับซื้อ/รับซื้อ-airpods-สุรินทร์,service-x-location,309,NO,service-x-location,yes,no,OK
/รับซื้อ/รับซื้อ-airpods-หนองคาย,service-x-location,309,NO,service-x-location,yes,no,OK
/รับซื้อ/รับซื้อ-airpods-หนองบัวลำภู,service-x-location,301,NO,service-x-location,yes,no,OK
/รับซื้อ/รับซื้อ-airpods-อำนาจเจริญ,service-x-location,304,NO,service-x-location,yes,no,OK
/รับซื้อ/รับซื้อ-airpods-อุดรธานี,service-x-location,311,NO,service-x-location,yes,no,OK
/รับซื้อ/รับซื้อ-airpods-อุบลราชธานี,service-x-location,305,NO,service-x-location,yes,no,OK
/รับซื้อ/รับซื้อ-airpods-เลย,service-x-location,317,NO,service-x-location,yes,no,OK
/รับซื้อ/รับซื้อ-apple-watch-กาฬสินธุ์,service-x-location,333,NO,service-x-location,yes,no,OK
/รับซื้อ/รับซื้อ-apple-watch-ขอนแก่น,service-x-location,344,NO,service-x-location,yes,no,OK
/รับซื้อ/รับซื้อ-apple-watch-ชัยภูมิ,service-x-location,332,NO,service-x-location,yes,no,OK
/รับซื้อ/รับซื้อ-apple-watch-นครพนม,service-x-location,329,NO,service-x-location,yes,no,OK
/รับซื้อ/รับซื้อ-apple-watch-นครราชสีมา,service-x-location,351,NO,service-x-location,yes,no,OK
/รับซื้อ/รับซื้อ-apple-watch-บึงกาฬ,service-x-location,321,NO,service-x-location,yes,no,OK
/รับซื้อ/รับซื้อ-apple-watch-บุรีรัมย์,service-x-location,325,NO,service-x-location,yes,no,OK
/รับซื้อ/รับซื้อ-apple-watch-มหาสารคาม,service-x-location,325,NO,service-x-location,yes,no,OK
/รับซื้อ/รับซื้อ-apple-watch-มุกดาหาร,service-x-location,318,NO,service-x-location,yes,no,OK
/รับซื้อ/รับซื้อ-apple-watch-ยโสธร,service-x-location,322,NO,service-x-location,yes,no,OK
/รับซื้อ/รับซื้อ-apple-watch-ร้อยเอ็ด,service-x-location,336,NO,service-x-location,yes,no,OK
/รับซื้อ/รับซื้อ-apple-watch-ศรีสะเกษ,service-x-location,323,NO,service-x-location,yes,no,OK
/รับซื้อ/รับซื้อ-apple-watch-สกลนคร,service-x-location,337,NO,service-x-location,yes,no,OK
/รับซื้อ/รับซื้อ-apple-watch-สุรินทร์,service-x-location,322,NO,service-x-location,yes,no,OK
/รับซื้อ/รับซื้อ-apple-watch-หนองคาย,service-x-location,322,NO,service-x-location,yes,no,OK
/รับซื้อ/รับซื้อ-apple-watch-หนองบัวลำภู,service-x-location,314,NO,service-x-location,yes,no,OK
/รับซื้อ/รับซื้อ-apple-watch-อำนาจเจริญ,service-x-location,317,NO,service-x-location,yes,no,OK
/รับซื้อ/รับซื้อ-apple-watch-อุดรธานี,service-x-location,324,NO,service-x-location,yes,no,OK
/รับซื้อ/รับซื้อ-apple-watch-อุบลราชธานี,service-x-location,318,NO,service-x-location,yes,no,OK
/รับซื้อ/รับซื้อ-apple-watch-เลย,service-x-location,330,NO,service-x-location,yes,no,OK
/รับซื้อ/รับซื้อ-apple-กาฬสินธุ์,service-x-location,332,NO,service-x-location,yes,no,OK
/รับซื้อ/รับซื้อ-apple-ขอนแก่น,service-x-location,343,NO,service-x-location,yes,no,OK
/รับซื้อ/รับซื้อ-apple-ชัยภูมิ,service-x-location,331,NO,service-x-location,yes,no,OK
/รับซื้อ/รับซื้อ-apple-นครพนม,service-x-location,328,NO,service-x-location,yes,no,OK
/รับซื้อ/รับซื้อ-apple-นครราชสีมา,service-x-location,350,NO,service-x-location,yes,no,OK
/รับซื้อ/รับซื้อ-apple-บึงกาฬ,service-x-location,320,NO,service-x-location,yes,no,OK
/รับซื้อ/รับซื้อ-apple-บุรีรัมย์,service-x-location,324,NO,service-x-location,yes,no,OK
/รับซื้อ/รับซื้อ-apple-มหาสารคาม,service-x-location,324,NO,service-x-location,yes,no,OK
/รับซื้อ/รับซื้อ-apple-มุกดาหาร,service-x-location,317,NO,service-x-location,yes,no,OK
/รับซื้อ/รับซื้อ-apple-ยโสธร,service-x-location,321,NO,service-x-location,yes,no,OK
/รับซื้อ/รับซื้อ-apple-ร้อยเอ็ด,service-x-location,335,NO,service-x-location,yes,no,OK
/รับซื้อ/รับซื้อ-apple-ศรีสะเกษ,service-x-location,322,NO,service-x-location,yes,no,OK
/รับซื้อ/รับซื้อ-apple-สกลนคร,service-x-location,336,NO,service-x-location,yes,no,OK
/รับซื้อ/รับซื้อ-apple-สุรินทร์,service-x-location,321,NO,service-x-location,yes,no,OK
/รับซื้อ/รับซื้อ-apple-หนองคาย,service-x-location,321,NO,service-x-location,yes,no,OK
/รับซื้อ/รับซื้อ-apple-หนองบัวลำภู,service-x-location,313,NO,service-x-location,yes,no,OK
/รับซื้อ/รับซื้อ-apple-อำนาจเจริญ,service-x-location,316,NO,service-x-location,yes,no,OK
/รับซื้อ/รับซื้อ-apple-อุดรธานี,service-x-location,323,NO,service-x-location,yes,no,OK
/รับซื้อ/รับซื้อ-apple-อุบลราชธานี,service-x-location,317,NO,service-x-location,yes,no,OK
/รับซื้อ/รับซื้อ-apple-เลย,service-x-location,329,NO,service-x-location,yes,no,OK
/รับซื้อ/รับซื้อ-imac-กาฬสินธุ์,service-x-location,320,NO,service-x-location,yes,no,OK
/รับซื้อ/รับซื้อ-imac-ขอนแก่น,service-x-location,331,NO,service-x-location,yes,no,OK
/รับซื้อ/รับซื้อ-imac-ชัยภูมิ,service-x-location,319,NO,service-x-location,yes,no,OK
/รับซื้อ/รับซื้อ-imac-นครพนม,service-x-location,316,NO,service-x-location,yes,no,OK
/รับซื้อ/รับซื้อ-imac-นครราชสีมา,service-x-location,338,NO,service-x-location,yes,no,OK
/รับซื้อ/รับซื้อ-imac-บึงกาฬ,service-x-location,308,NO,service-x-location,yes,no,OK
/รับซื้อ/รับซื้อ-imac-บุรีรัมย์,service-x-location,312,NO,service-x-location,yes,no,OK
/รับซื้อ/รับซื้อ-imac-มหาสารคาม,service-x-location,312,NO,service-x-location,yes,no,OK
/รับซื้อ/รับซื้อ-imac-มุกดาหาร,service-x-location,305,NO,service-x-location,yes,no,OK
/รับซื้อ/รับซื้อ-imac-ยโสธร,service-x-location,309,NO,service-x-location,yes,no,OK
/รับซื้อ/รับซื้อ-imac-ร้อยเอ็ด,service-x-location,323,NO,service-x-location,yes,no,OK
/รับซื้อ/รับซื้อ-imac-ศรีสะเกษ,service-x-location,310,NO,service-x-location,yes,no,OK
/รับซื้อ/รับซื้อ-imac-สกลนคร,service-x-location,324,NO,service-x-location,yes,no,OK
/รับซื้อ/รับซื้อ-imac-สุรินทร์,service-x-location,309,NO,service-x-location,yes,no,OK
/รับซื้อ/รับซื้อ-imac-หนองคาย,service-x-location,309,NO,service-x-location,yes,no,OK
/รับซื้อ/รับซื้อ-imac-หนองบัวลำภู,service-x-location,301,NO,service-x-location,yes,no,OK
/รับซื้อ/รับซื้อ-imac-อำนาจเจริญ,service-x-location,304,NO,service-x-location,yes,no,OK
/รับซื้อ/รับซื้อ-imac-อุดรธานี,service-x-location,311,NO,service-x-location,yes,no,OK
/รับซื้อ/รับซื้อ-imac-อุบลราชธานี,service-x-location,305,NO,service-x-location,yes,no,OK
/รับซื้อ/รับซื้อ-imac-เลย,service-x-location,317,NO,service-x-location,yes,no,OK
/รับซื้อ/รับซื้อ-ipad-กาฬสินธุ์,service-x-location,323,NO,service-x-location,yes,no,OK
/รับซื้อ/รับซื้อ-ipad-ขอนแก่น,service-x-location,334,NO,service-x-location,yes,no,OK
/รับซื้อ/รับซื้อ-ipad-ชัยภูมิ,service-x-location,322,NO,service-x-location,yes,no,OK
/รับซื้อ/รับซื้อ-ipad-นครพนม,service-x-location,319,NO,service-x-location,yes,no,OK
/รับซื้อ/รับซื้อ-ipad-นครราชสีมา,service-x-location,341,NO,service-x-location,yes,no,OK
/รับซื้อ/รับซื้อ-ipad-บึงกาฬ,service-x-location,311,NO,service-x-location,yes,no,OK
/รับซื้อ/รับซื้อ-ipad-บุรีรัมย์,service-x-location,315,NO,service-x-location,yes,no,OK
/รับซื้อ/รับซื้อ-ipad-มหาสารคาม,service-x-location,315,NO,service-x-location,yes,no,OK
/รับซื้อ/รับซื้อ-ipad-มุกดาหาร,service-x-location,308,NO,service-x-location,yes,no,OK
/รับซื้อ/รับซื้อ-ipad-ยโสธร,service-x-location,312,NO,service-x-location,yes,no,OK
/รับซื้อ/รับซื้อ-ipad-ร้อยเอ็ด,service-x-location,326,NO,service-x-location,yes,no,OK
/รับซื้อ/รับซื้อ-ipad-ศรีสะเกษ,service-x-location,313,NO,service-x-location,yes,no,OK
/รับซื้อ/รับซื้อ-ipad-สกลนคร,service-x-location,327,NO,service-x-location,yes,no,OK
/รับซื้อ/รับซื้อ-ipad-สุรินทร์,service-x-location,312,NO,service-x-location,yes,no,OK
/รับซื้อ/รับซื้อ-ipad-หนองคาย,service-x-location,312,NO,service-x-location,yes,no,OK
/รับซื้อ/รับซื้อ-ipad-หนองบัวลำภู,service-x-location,304,NO,service-x-location,yes,no,OK
/รับซื้อ/รับซื้อ-ipad-อำนาจเจริญ,service-x-location,307,NO,service-x-location,yes,no,OK
/รับซื้อ/รับซื้อ-ipad-อุดรธานี,service-x-location,314,NO,service-x-location,yes,no,OK
/รับซื้อ/รับซื้อ-ipad-อุบลราชธานี,service-x-location,308,NO,service-x-location,yes,no,OK
/รับซื้อ/รับซื้อ-ipad-เลย,service-x-location,320,NO,service-x-location,yes,no,OK
/รับซื้อ/รับซื้อ-iphone-กาฬสินธุ์,service-x-location,320,NO,service-x-location,yes,no,OK
/รับซื้อ/รับซื้อ-iphone-ขอนแก่น,service-x-location,331,NO,service-x-location,yes,no,OK
/รับซื้อ/รับซื้อ-iphone-ชัยภูมิ,service-x-location,319,NO,service-x-location,yes,no,OK
/รับซื้อ/รับซื้อ-iphone-นครพนม,service-x-location,316,NO,service-x-location,yes,no,OK
/รับซื้อ/รับซื้อ-iphone-นครราชสีมา,service-x-location,338,NO,service-x-location,yes,no,OK
/รับซื้อ/รับซื้อ-iphone-บึงกาฬ,service-x-location,308,NO,service-x-location,yes,no,OK
/รับซื้อ/รับซื้อ-iphone-บุรีรัมย์,service-x-location,312,NO,service-x-location,yes,no,OK
/รับซื้อ/รับซื้อ-iphone-มหาสารคาม,service-x-location,312,NO,service-x-location,yes,no,OK
/รับซื้อ/รับซื้อ-iphone-มุกดาหาร,service-x-location,305,NO,service-x-location,yes,no,OK
/รับซื้อ/รับซื้อ-iphone-ยโสธร,service-x-location,309,NO,service-x-location,yes,no,OK
/รับซื้อ/รับซื้อ-iphone-ร้อยเอ็ด,service-x-location,323,NO,service-x-location,yes,no,OK
/รับซื้อ/รับซื้อ-iphone-ศรีสะเกษ,service-x-location,310,NO,service-x-location,yes,no,OK
/รับซื้อ/รับซื้อ-iphone-สกลนคร,service-x-location,324,NO,service-x-location,yes,no,OK
/รับซื้อ/รับซื้อ-iphone-สุรินทร์,service-x-location,309,NO,service-x-location,yes,no,OK
/รับซื้อ/รับซื้อ-iphone-หนองคาย,service-x-location,309,NO,service-x-location,yes,no,OK
/รับซื้อ/รับซื้อ-iphone-หนองบัวลำภู,service-x-location,301,NO,service-x-location,yes,no,OK
/รับซื้อ/รับซื้อ-iphone-อำนาจเจริญ,service-x-location,304,NO,service-x-location,yes,no,OK
/รับซื้อ/รับซื้อ-iphone-อุดรธานี,service-x-location,311,NO,service-x-location,yes,no,OK
/รับซื้อ/รับซื้อ-iphone-อุบลราชธานี,service-x-location,305,NO,service-x-location,yes,no,OK
/รับซื้อ/รับซื้อ-iphone-เลย,service-x-location,317,NO,service-x-location,yes,no,OK
/รับซื้อ/รับซื้อ-jbl-กาฬสินธุ์,service-x-location,304,NO,service-x-location,yes,no,OK
/รับซื้อ/รับซื้อ-jbl-ขอนแก่น,service-x-location,315,NO,service-x-location,yes,no,OK
/รับซื้อ/รับซื้อ-jbl-ชัยภูมิ,service-x-location,303,NO,service-x-location,yes,no,OK
/รับซื้อ/รับซื้อ-jbl-นครพนม,service-x-location,300,NO,service-x-location,yes,no,OK
/รับซื้อ/รับซื้อ-jbl-นครราชสีมา,service-x-location,322,NO,service-x-location,yes,no,OK
/รับซื้อ/รับซื้อ-jbl-บึงกาฬ,service-x-location,292,NO,service-x-location,yes,no,OK
/รับซื้อ/รับซื้อ-jbl-บุรีรัมย์,service-x-location,296,NO,service-x-location,yes,no,OK
/รับซื้อ/รับซื้อ-jbl-มหาสารคาม,service-x-location,296,NO,service-x-location,yes,no,OK
/รับซื้อ/รับซื้อ-jbl-มุกดาหาร,service-x-location,289,NO,service-x-location,yes,no,OK
/รับซื้อ/รับซื้อ-jbl-ยโสธร,service-x-location,293,NO,service-x-location,yes,no,OK
/รับซื้อ/รับซื้อ-jbl-ร้อยเอ็ด,service-x-location,307,NO,service-x-location,yes,no,OK
/รับซื้อ/รับซื้อ-jbl-ศรีสะเกษ,service-x-location,294,NO,service-x-location,yes,no,OK
/รับซื้อ/รับซื้อ-jbl-สกลนคร,service-x-location,308,NO,service-x-location,yes,no,OK
/รับซื้อ/รับซื้อ-jbl-สุรินทร์,service-x-location,293,NO,service-x-location,yes,no,OK
/รับซื้อ/รับซื้อ-jbl-หนองคาย,service-x-location,293,NO,service-x-location,yes,no,OK
/รับซื้อ/รับซื้อ-jbl-หนองบัวลำภู,service-x-location,285,NO,service-x-location,yes,no,OK
/รับซื้อ/รับซื้อ-jbl-อำนาจเจริญ,service-x-location,288,NO,service-x-location,yes,no,OK
/รับซื้อ/รับซื้อ-jbl-อุดรธานี,service-x-location,295,NO,service-x-location,yes,no,OK
/รับซื้อ/รับซื้อ-jbl-อุบลราชธานี,service-x-location,289,NO,service-x-location,yes,no,OK
/รับซื้อ/รับซื้อ-jbl-เลย,service-x-location,301,NO,service-x-location,yes,no,OK
/รับซื้อ/รับซื้อ-mac-mini-กาฬสินธุ์,service-x-location,336,NO,service-x-location,yes,no,OK
/รับซื้อ/รับซื้อ-mac-mini-ขอนแก่น,service-x-location,347,NO,service-x-location,yes,no,OK
/รับซื้อ/รับซื้อ-mac-mini-ชัยภูมิ,service-x-location,335,NO,service-x-location,yes,no,OK
/รับซื้อ/รับซื้อ-mac-mini-นครพนม,service-x-location,332,NO,service-x-location,yes,no,OK
/รับซื้อ/รับซื้อ-mac-mini-นครราชสีมา,service-x-location,354,NO,service-x-location,yes,no,OK
/รับซื้อ/รับซื้อ-mac-mini-บึงกาฬ,service-x-location,324,NO,service-x-location,yes,no,OK
/รับซื้อ/รับซื้อ-mac-mini-บุรีรัมย์,service-x-location,328,NO,service-x-location,yes,no,OK
/รับซื้อ/รับซื้อ-mac-mini-มหาสารคาม,service-x-location,328,NO,service-x-location,yes,no,OK
/รับซื้อ/รับซื้อ-mac-mini-มุกดาหาร,service-x-location,321,NO,service-x-location,yes,no,OK
/รับซื้อ/รับซื้อ-mac-mini-ยโสธร,service-x-location,325,NO,service-x-location,yes,no,OK
/รับซื้อ/รับซื้อ-mac-mini-ร้อยเอ็ด,service-x-location,339,NO,service-x-location,yes,no,OK
/รับซื้อ/รับซื้อ-mac-mini-ศรีสะเกษ,service-x-location,326,NO,service-x-location,yes,no,OK
/รับซื้อ/รับซื้อ-mac-mini-สกลนคร,service-x-location,340,NO,service-x-location,yes,no,OK
/รับซื้อ/รับซื้อ-mac-mini-สุรินทร์,service-x-location,325,NO,service-x-location,yes,no,OK
/รับซื้อ/รับซื้อ-mac-mini-หนองคาย,service-x-location,325,NO,service-x-location,yes,no,OK
/รับซื้อ/รับซื้อ-mac-mini-หนองบัวลำภู,service-x-location,317,NO,service-x-location,yes,no,OK
/รับซื้อ/รับซื้อ-mac-mini-อำนาจเจริญ,service-x-location,320,NO,service-x-location,yes,no,OK
/รับซื้อ/รับซื้อ-mac-mini-อุดรธานี,service-x-location,327,NO,service-x-location,yes,no,OK
/รับซื้อ/รับซื้อ-mac-mini-อุบลราชธานี,service-x-location,321,NO,service-x-location,yes,no,OK
/รับซื้อ/รับซื้อ-mac-mini-เลย,service-x-location,333,NO,service-x-location,yes,no,OK
/รับซื้อ/รับซื้อ-macbook-กาฬสินธุ์,service-x-location,223,NO,service-x-location,yes,no,OK
/รับซื้อ/รับซื้อ-macbook-ขอนแก่น,service-x-location,241,NO,service-x-location,yes,no,OK
/รับซื้อ/รับซื้อ-macbook-ชัยภูมิ,service-x-location,214,NO,service-x-location,yes,no,OK
/รับซื้อ/รับซื้อ-macbook-นครพนม,service-x-location,216,NO,service-x-location,yes,no,OK
/รับซื้อ/รับซื้อ-macbook-นครราชสีมา,service-x-location,208,NO,service-x-location,yes,no,OK
/รับซื้อ/รับซื้อ-macbook-บึงกาฬ,service-x-location,207,NO,service-x-location,yes,no,OK
/รับซื้อ/รับซื้อ-macbook-บุรีรัมย์,service-x-location,216,NO,service-x-location,yes,no,OK
/รับซื้อ/รับซื้อ-macbook-มหาสารคาม,service-x-location,213,NO,service-x-location,yes,no,OK
/รับซื้อ/รับซื้อ-macbook-มุกดาหาร,service-x-location,213,NO,service-x-location,yes,no,OK
/รับซื้อ/รับซื้อ-macbook-ยโสธร,service-x-location,203,NO,service-x-location,yes,no,OK
/รับซื้อ/รับซื้อ-macbook-ร้อยเอ็ด,service-x-location,217,NO,service-x-location,yes,no,OK
/รับซื้อ/รับซื้อ-macbook-ศรีสะเกษ,service-x-location,214,NO,service-x-location,yes,no,OK
/รับซื้อ/รับซื้อ-macbook-สกลนคร,service-x-location,224,NO,service-x-location,yes,no,OK
/รับซื้อ/รับซื้อ-macbook-สุรินทร์,service-x-location,232,NO,service-x-location,yes,no,OK
/รับซื้อ/รับซื้อ-macbook-หนองคาย,service-x-location,203,NO,service-x-location,yes,no,OK
/รับซื้อ/รับซื้อ-macbook-หนองบัวลำภู,service-x-location,216,NO,service-x-location,yes,no,OK
/รับซื้อ/รับซื้อ-macbook-อำนาจเจริญ,service-x-location,214,NO,service-x-location,yes,no,OK
/รับซื้อ/รับซื้อ-macbook-อุดรธานี,service-x-location,221,NO,service-x-location,yes,no,OK
/รับซื้อ/รับซื้อ-macbook-อุบลราชธานี,service-x-location,238,NO,service-x-location,yes,no,OK
/รับซื้อ/รับซื้อ-macbook-เลย,service-x-location,203,NO,service-x-location,yes,no,OK
/รับซื้อ/รับซื้อ-marshall-กาฬสินธุ์,service-x-location,304,NO,service-x-location,yes,no,OK
/รับซื้อ/รับซื้อ-marshall-ขอนแก่น,service-x-location,315,NO,service-x-location,yes,no,OK
/รับซื้อ/รับซื้อ-marshall-ชัยภูมิ,service-x-location,303,NO,service-x-location,yes,no,OK
/รับซื้อ/รับซื้อ-marshall-นครพนม,service-x-location,300,NO,service-x-location,yes,no,OK
/รับซื้อ/รับซื้อ-marshall-นครราชสีมา,service-x-location,322,NO,service-x-location,yes,no,OK
/รับซื้อ/รับซื้อ-marshall-บึงกาฬ,service-x-location,292,NO,service-x-location,yes,no,OK
/รับซื้อ/รับซื้อ-marshall-บุรีรัมย์,service-x-location,296,NO,service-x-location,yes,no,OK
/รับซื้อ/รับซื้อ-marshall-มหาสารคาม,service-x-location,296,NO,service-x-location,yes,no,OK
/รับซื้อ/รับซื้อ-marshall-มุกดาหาร,service-x-location,289,NO,service-x-location,yes,no,OK
/รับซื้อ/รับซื้อ-marshall-ยโสธร,service-x-location,293,NO,service-x-location,yes,no,OK
/รับซื้อ/รับซื้อ-marshall-ร้อยเอ็ด,service-x-location,307,NO,service-x-location,yes,no,OK
/รับซื้อ/รับซื้อ-marshall-ศรีสะเกษ,service-x-location,294,NO,service-x-location,yes,no,OK
/รับซื้อ/รับซื้อ-marshall-สกลนคร,service-x-location,308,NO,service-x-location,yes,no,OK
/รับซื้อ/รับซื้อ-marshall-สุรินทร์,service-x-location,293,NO,service-x-location,yes,no,OK
/รับซื้อ/รับซื้อ-marshall-หนองคาย,service-x-location,293,NO,service-x-location,yes,no,OK
/รับซื้อ/รับซื้อ-marshall-หนองบัวลำภู,service-x-location,285,NO,service-x-location,yes,no,OK
/รับซื้อ/รับซื้อ-marshall-อำนาจเจริญ,service-x-location,288,NO,service-x-location,yes,no,OK
/รับซื้อ/รับซื้อ-marshall-อุดรธานี,service-x-location,295,NO,service-x-location,yes,no,OK
/รับซื้อ/รับซื้อ-marshall-อุบลราชธานี,service-x-location,289,NO,service-x-location,yes,no,OK
/รับซื้อ/รับซื้อ-marshall-เลย,service-x-location,301,NO,service-x-location,yes,no,OK
/รับซื้อ/รับซื้อ-nintendo-switch-กาฬสินธุ์,service-x-location,322,NO,service-x-location,yes,no,OK
/รับซื้อ/รับซื้อ-nintendo-switch-ขอนแก่น,service-x-location,333,NO,service-x-location,yes,no,OK
/รับซื้อ/รับซื้อ-nintendo-switch-ชัยภูมิ,service-x-location,321,NO,service-x-location,yes,no,OK
/รับซื้อ/รับซื้อ-nintendo-switch-นครพนม,service-x-location,318,NO,service-x-location,yes,no,OK
/รับซื้อ/รับซื้อ-nintendo-switch-นครราชสีมา,service-x-location,340,NO,service-x-location,yes,no,OK
/รับซื้อ/รับซื้อ-nintendo-switch-บึงกาฬ,service-x-location,310,NO,service-x-location,yes,no,OK
/รับซื้อ/รับซื้อ-nintendo-switch-บุรีรัมย์,service-x-location,314,NO,service-x-location,yes,no,OK
/รับซื้อ/รับซื้อ-nintendo-switch-มหาสารคาม,service-x-location,314,NO,service-x-location,yes,no,OK
/รับซื้อ/รับซื้อ-nintendo-switch-มุกดาหาร,service-x-location,307,NO,service-x-location,yes,no,OK
/รับซื้อ/รับซื้อ-nintendo-switch-ยโสธร,service-x-location,311,NO,service-x-location,yes,no,OK
/รับซื้อ/รับซื้อ-nintendo-switch-ร้อยเอ็ด,service-x-location,325,NO,service-x-location,yes,no,OK
/รับซื้อ/รับซื้อ-nintendo-switch-ศรีสะเกษ,service-x-location,312,NO,service-x-location,yes,no,OK
/รับซื้อ/รับซื้อ-nintendo-switch-สกลนคร,service-x-location,326,NO,service-x-location,yes,no,OK
/รับซื้อ/รับซื้อ-nintendo-switch-สุรินทร์,service-x-location,311,NO,service-x-location,yes,no,OK
/รับซื้อ/รับซื้อ-nintendo-switch-หนองคาย,service-x-location,311,NO,service-x-location,yes,no,OK
/รับซื้อ/รับซื้อ-nintendo-switch-หนองบัวลำภู,service-x-location,303,NO,service-x-location,yes,no,OK
/รับซื้อ/รับซื้อ-nintendo-switch-อำนาจเจริญ,service-x-location,306,NO,service-x-location,yes,no,OK
/รับซื้อ/รับซื้อ-nintendo-switch-อุดรธานี,service-x-location,313,NO,service-x-location,yes,no,OK
/รับซื้อ/รับซื้อ-nintendo-switch-อุบลราชธานี,service-x-location,307,NO,service-x-location,yes,no,OK
/รับซื้อ/รับซื้อ-nintendo-switch-เลย,service-x-location,319,NO,service-x-location,yes,no,OK
/รับซื้อ/รับซื้อ-playstation-กาฬสินธุ์,service-x-location,306,NO,service-x-location,yes,no,OK
/รับซื้อ/รับซื้อ-playstation-ขอนแก่น,service-x-location,317,NO,service-x-location,yes,no,OK
/รับซื้อ/รับซื้อ-playstation-ชัยภูมิ,service-x-location,305,NO,service-x-location,yes,no,OK
/รับซื้อ/รับซื้อ-playstation-นครพนม,service-x-location,302,NO,service-x-location,yes,no,OK
/รับซื้อ/รับซื้อ-playstation-นครราชสีมา,service-x-location,324,NO,service-x-location,yes,no,OK
/รับซื้อ/รับซื้อ-playstation-บึงกาฬ,service-x-location,294,NO,service-x-location,yes,no,OK
/รับซื้อ/รับซื้อ-playstation-บุรีรัมย์,service-x-location,298,NO,service-x-location,yes,no,OK
/รับซื้อ/รับซื้อ-playstation-มหาสารคาม,service-x-location,298,NO,service-x-location,yes,no,OK
/รับซื้อ/รับซื้อ-playstation-มุกดาหาร,service-x-location,291,NO,service-x-location,yes,no,OK
/รับซื้อ/รับซื้อ-playstation-ยโสธร,service-x-location,295,NO,service-x-location,yes,no,OK
/รับซื้อ/รับซื้อ-playstation-ร้อยเอ็ด,service-x-location,309,NO,service-x-location,yes,no,OK
/รับซื้อ/รับซื้อ-playstation-ศรีสะเกษ,service-x-location,296,NO,service-x-location,yes,no,OK
/รับซื้อ/รับซื้อ-playstation-สกลนคร,service-x-location,310,NO,service-x-location,yes,no,OK
/รับซื้อ/รับซื้อ-playstation-สุรินทร์,service-x-location,295,NO,service-x-location,yes,no,OK
/รับซื้อ/รับซื้อ-playstation-หนองคาย,service-x-location,295,NO,service-x-location,yes,no,OK
/รับซื้อ/รับซื้อ-playstation-หนองบัวลำภู,service-x-location,287,NO,service-x-location,yes,no,OK
/รับซื้อ/รับซื้อ-playstation-อำนาจเจริญ,service-x-location,290,NO,service-x-location,yes,no,OK
/รับซื้อ/รับซื้อ-playstation-อุดรธานี,service-x-location,297,NO,service-x-location,yes,no,OK
/รับซื้อ/รับซื้อ-playstation-อุบลราชธานี,service-x-location,291,NO,service-x-location,yes,no,OK
/รับซื้อ/รับซื้อ-playstation-เลย,service-x-location,303,NO,service-x-location,yes,no,OK
/รับซื้อ/รับซื้อ-server-กาฬสินธุ์,service-x-location,133,YES,service-x-location,yes,no,OK
/รับซื้อ/รับซื้อ-server-ขอนแก่น,service-x-location,133,YES,service-x-location,yes,no,OK
/รับซื้อ/รับซื้อ-server-ชัยภูมิ,service-x-location,134,YES,service-x-location,yes,no,OK
/รับซื้อ/รับซื้อ-server-นครพนม,service-x-location,134,YES,service-x-location,yes,no,OK
/รับซื้อ/รับซื้อ-server-นครราชสีมา,service-x-location,134,YES,service-x-location,yes,no,OK
/รับซื้อ/รับซื้อ-server-บึงกาฬ,service-x-location,133,YES,service-x-location,yes,no,OK
/รับซื้อ/รับซื้อ-server-บุรีรัมย์,service-x-location,133,YES,service-x-location,yes,no,OK
/รับซื้อ/รับซื้อ-server-มหาสารคาม,service-x-location,134,YES,service-x-location,yes,no,OK
/รับซื้อ/รับซื้อ-server-มุกดาหาร,service-x-location,133,YES,service-x-location,yes,no,OK
/รับซื้อ/รับซื้อ-server-ยโสธร,service-x-location,133,YES,service-x-location,yes,no,OK
/รับซื้อ/รับซื้อ-server-ร้อยเอ็ด,service-x-location,134,YES,service-x-location,yes,no,OK
/รับซื้อ/รับซื้อ-server-ศรีสะเกษ,service-x-location,134,YES,service-x-location,yes,no,OK
/รับซื้อ/รับซื้อ-server-สกลนคร,service-x-location,134,YES,service-x-location,yes,no,OK
/รับซื้อ/รับซื้อ-server-สุรินทร์,service-x-location,132,YES,service-x-location,yes,no,OK
/รับซื้อ/รับซื้อ-server-หนองคาย,service-x-location,134,YES,service-x-location,yes,no,OK
/รับซื้อ/รับซื้อ-server-หนองบัวลำภู,service-x-location,132,YES,service-x-location,yes,no,OK
/รับซื้อ/รับซื้อ-server-อำนาจเจริญ,service-x-location,132,YES,service-x-location,yes,no,OK
/รับซื้อ/รับซื้อ-server-อุดรธานี,service-x-location,133,YES,service-x-location,yes,no,OK
/รับซื้อ/รับซื้อ-server-อุบลราชธานี,service-x-location,216,NO,service-x-location,yes,no,OK
/รับซื้อ/รับซื้อ-server-เลย,service-x-location,132,YES,service-x-location,yes,no,OK
/รับซื้อ/รับซื้อ-ssd-กาฬสินธุ์,service-x-location,315,NO,service-x-location,yes,no,OK
/รับซื้อ/รับซื้อ-ssd-ขอนแก่น,service-x-location,326,NO,service-x-location,yes,no,OK
/รับซื้อ/รับซื้อ-ssd-ชัยภูมิ,service-x-location,314,NO,service-x-location,yes,no,OK
/รับซื้อ/รับซื้อ-ssd-นครพนม,service-x-location,311,NO,service-x-location,yes,no,OK
/รับซื้อ/รับซื้อ-ssd-นครราชสีมา,service-x-location,333,NO,service-x-location,yes,no,OK
/รับซื้อ/รับซื้อ-ssd-บึงกาฬ,service-x-location,303,NO,service-x-location,yes,no,OK
/รับซื้อ/รับซื้อ-ssd-บุรีรัมย์,service-x-location,307,NO,service-x-location,yes,no,OK
/รับซื้อ/รับซื้อ-ssd-มหาสารคาม,service-x-location,307,NO,service-x-location,yes,no,OK
/รับซื้อ/รับซื้อ-ssd-มุกดาหาร,service-x-location,300,NO,service-x-location,yes,no,OK
/รับซื้อ/รับซื้อ-ssd-ยโสธร,service-x-location,304,NO,service-x-location,yes,no,OK
/รับซื้อ/รับซื้อ-ssd-ร้อยเอ็ด,service-x-location,318,NO,service-x-location,yes,no,OK
/รับซื้อ/รับซื้อ-ssd-ศรีสะเกษ,service-x-location,305,NO,service-x-location,yes,no,OK
/รับซื้อ/รับซื้อ-ssd-สกลนคร,service-x-location,319,NO,service-x-location,yes,no,OK
/รับซื้อ/รับซื้อ-ssd-สุรินทร์,service-x-location,304,NO,service-x-location,yes,no,OK
/รับซื้อ/รับซื้อ-ssd-หนองคาย,service-x-location,304,NO,service-x-location,yes,no,OK
/รับซื้อ/รับซื้อ-ssd-หนองบัวลำภู,service-x-location,296,NO,service-x-location,yes,no,OK
/รับซื้อ/รับซื้อ-ssd-อำนาจเจริญ,service-x-location,299,NO,service-x-location,yes,no,OK
/รับซื้อ/รับซื้อ-ssd-อุดรธานี,service-x-location,306,NO,service-x-location,yes,no,OK
/รับซื้อ/รับซื้อ-ssd-อุบลราชธานี,service-x-location,300,NO,service-x-location,yes,no,OK
/รับซื้อ/รับซื้อ-ssd-เลย,service-x-location,312,NO,service-x-location,yes,no,OK
/รับซื้อ/รับซื้อ-surface-กาฬสินธุ์,service-x-location,313,NO,service-x-location,yes,no,OK
/รับซื้อ/รับซื้อ-surface-ขอนแก่น,service-x-location,324,NO,service-x-location,yes,no,OK
/รับซื้อ/รับซื้อ-surface-ชัยภูมิ,service-x-location,312,NO,service-x-location,yes,no,OK
/รับซื้อ/รับซื้อ-surface-นครพนม,service-x-location,309,NO,service-x-location,yes,no,OK
/รับซื้อ/รับซื้อ-surface-นครราชสีมา,service-x-location,331,NO,service-x-location,yes,no,OK
/รับซื้อ/รับซื้อ-surface-บึงกาฬ,service-x-location,301,NO,service-x-location,yes,no,OK
/รับซื้อ/รับซื้อ-surface-บุรีรัมย์,service-x-location,305,NO,service-x-location,yes,no,OK
/รับซื้อ/รับซื้อ-surface-มหาสารคาม,service-x-location,305,NO,service-x-location,yes,no,OK
/รับซื้อ/รับซื้อ-surface-มุกดาหาร,service-x-location,298,NO,service-x-location,yes,no,OK
/รับซื้อ/รับซื้อ-surface-ยโสธร,service-x-location,302,NO,service-x-location,yes,no,OK
/รับซื้อ/รับซื้อ-surface-ร้อยเอ็ด,service-x-location,316,NO,service-x-location,yes,no,OK
/รับซื้อ/รับซื้อ-surface-ศรีสะเกษ,service-x-location,303,NO,service-x-location,yes,no,OK
/รับซื้อ/รับซื้อ-surface-สกลนคร,service-x-location,317,NO,service-x-location,yes,no,OK
/รับซื้อ/รับซื้อ-surface-สุรินทร์,service-x-location,302,NO,service-x-location,yes,no,OK
/รับซื้อ/รับซื้อ-surface-หนองคาย,service-x-location,302,NO,service-x-location,yes,no,OK
/รับซื้อ/รับซื้อ-surface-หนองบัวลำภู,service-x-location,294,NO,service-x-location,yes,no,OK
/รับซื้อ/รับซื้อ-surface-อำนาจเจริญ,service-x-location,297,NO,service-x-location,yes,no,OK
/รับซื้อ/รับซื้อ-surface-อุดรธานี,service-x-location,304,NO,service-x-location,yes,no,OK
/รับซื้อ/รับซื้อ-surface-อุบลราชธานี,service-x-location,298,NO,service-x-location,yes,no,OK
/รับซื้อ/รับซื้อ-surface-เลย,service-x-location,310,NO,service-x-location,yes,no,OK
/รับซื้อ/รับซื้อ-ups-กาฬสินธุ์,service-x-location,128,YES,service-x-location,yes,no,OK
/รับซื้อ/รับซื้อ-ups-ขอนแก่น,service-x-location,128,YES,service-x-location,yes,no,OK
/รับซื้อ/รับซื้อ-ups-ชัยภูมิ,service-x-location,129,YES,service-x-location,yes,no,OK
/รับซื้อ/รับซื้อ-ups-นครพนม,service-x-location,129,YES,service-x-location,yes,no,OK
/รับซื้อ/รับซื้อ-ups-นครราชสีมา,service-x-location,129,YES,service-x-location,yes,no,OK
/รับซื้อ/รับซื้อ-ups-บึงกาฬ,service-x-location,128,YES,service-x-location,yes,no,OK
/รับซื้อ/รับซื้อ-ups-บุรีรัมย์,service-x-location,128,YES,service-x-location,yes,no,OK
/รับซื้อ/รับซื้อ-ups-มหาสารคาม,service-x-location,129,YES,service-x-location,yes,no,OK
/รับซื้อ/รับซื้อ-ups-มุกดาหาร,service-x-location,128,YES,service-x-location,yes,no,OK
/รับซื้อ/รับซื้อ-ups-ยโสธร,service-x-location,128,YES,service-x-location,yes,no,OK
/รับซื้อ/รับซื้อ-ups-ร้อยเอ็ด,service-x-location,129,YES,service-x-location,yes,no,OK
/รับซื้อ/รับซื้อ-ups-ศรีสะเกษ,service-x-location,129,YES,service-x-location,yes,no,OK
/รับซื้อ/รับซื้อ-ups-สกลนคร,service-x-location,129,YES,service-x-location,yes,no,OK
/รับซื้อ/รับซื้อ-ups-สุรินทร์,service-x-location,127,YES,service-x-location,yes,no,OK
/รับซื้อ/รับซื้อ-ups-หนองคาย,service-x-location,129,YES,service-x-location,yes,no,OK
/รับซื้อ/รับซื้อ-ups-หนองบัวลำภู,service-x-location,127,YES,service-x-location,yes,no,OK
/รับซื้อ/รับซื้อ-ups-อำนาจเจริญ,service-x-location,127,YES,service-x-location,yes,no,OK
/รับซื้อ/รับซื้อ-ups-อุดรธานี,service-x-location,128,YES,service-x-location,yes,no,OK
/รับซื้อ/รับซื้อ-ups-อุบลราชธานี,service-x-location,194,NO,service-x-location,yes,no,OK
/รับซื้อ/รับซื้อ-ups-เลย,service-x-location,127,YES,service-x-location,yes,no,OK
/รับซื้อ/รับซื้อกล้อง-canon-กาฬสินธุ์,service-x-location,319,NO,service-x-location,yes,no,OK
/รับซื้อ/รับซื้อกล้อง-canon-ขอนแก่น,service-x-location,330,NO,service-x-location,yes,no,OK
/รับซื้อ/รับซื้อกล้อง-canon-ชัยภูมิ,service-x-location,318,NO,service-x-location,yes,no,OK
/รับซื้อ/รับซื้อกล้อง-canon-นครพนม,service-x-location,315,NO,service-x-location,yes,no,OK
/รับซื้อ/รับซื้อกล้อง-canon-นครราชสีมา,service-x-location,337,NO,service-x-location,yes,no,OK
/รับซื้อ/รับซื้อกล้อง-canon-บึงกาฬ,service-x-location,307,NO,service-x-location,yes,no,OK
/รับซื้อ/รับซื้อกล้อง-canon-บุรีรัมย์,service-x-location,311,NO,service-x-location,yes,no,OK
/รับซื้อ/รับซื้อกล้อง-canon-มหาสารคาม,service-x-location,311,NO,service-x-location,yes,no,OK
/รับซื้อ/รับซื้อกล้อง-canon-มุกดาหาร,service-x-location,304,NO,service-x-location,yes,no,OK
/รับซื้อ/รับซื้อกล้อง-canon-ยโสธร,service-x-location,308,NO,service-x-location,yes,no,OK
/รับซื้อ/รับซื้อกล้อง-canon-ร้อยเอ็ด,service-x-location,322,NO,service-x-location,yes,no,OK
/รับซื้อ/รับซื้อกล้อง-canon-ศรีสะเกษ,service-x-location,309,NO,service-x-location,yes,no,OK
/รับซื้อ/รับซื้อกล้อง-canon-สกลนคร,service-x-location,323,NO,service-x-location,yes,no,OK
/รับซื้อ/รับซื้อกล้อง-canon-สุรินทร์,service-x-location,308,NO,service-x-location,yes,no,OK
/รับซื้อ/รับซื้อกล้อง-canon-หนองคาย,service-x-location,308,NO,service-x-location,yes,no,OK
/รับซื้อ/รับซื้อกล้อง-canon-หนองบัวลำภู,service-x-location,300,NO,service-x-location,yes,no,OK
/รับซื้อ/รับซื้อกล้อง-canon-อำนาจเจริญ,service-x-location,303,NO,service-x-location,yes,no,OK
/รับซื้อ/รับซื้อกล้อง-canon-อุดรธานี,service-x-location,310,NO,service-x-location,yes,no,OK
/รับซื้อ/รับซื้อกล้อง-canon-อุบลราชธานี,service-x-location,304,NO,service-x-location,yes,no,OK
/รับซื้อ/รับซื้อกล้อง-canon-เลย,service-x-location,316,NO,service-x-location,yes,no,OK
/รับซื้อ/รับซื้อกล้อง-fujifilm-กาฬสินธุ์,service-x-location,320,NO,service-x-location,yes,no,OK
/รับซื้อ/รับซื้อกล้อง-fujifilm-ขอนแก่น,service-x-location,331,NO,service-x-location,yes,no,OK
/รับซื้อ/รับซื้อกล้อง-fujifilm-ชัยภูมิ,service-x-location,319,NO,service-x-location,yes,no,OK
/รับซื้อ/รับซื้อกล้อง-fujifilm-นครพนม,service-x-location,316,NO,service-x-location,yes,no,OK
/รับซื้อ/รับซื้อกล้อง-fujifilm-นครราชสีมา,service-x-location,338,NO,service-x-location,yes,no,OK
/รับซื้อ/รับซื้อกล้อง-fujifilm-บึงกาฬ,service-x-location,308,NO,service-x-location,yes,no,OK
/รับซื้อ/รับซื้อกล้อง-fujifilm-บุรีรัมย์,service-x-location,312,NO,service-x-location,yes,no,OK
/รับซื้อ/รับซื้อกล้อง-fujifilm-มหาสารคาม,service-x-location,312,NO,service-x-location,yes,no,OK
/รับซื้อ/รับซื้อกล้อง-fujifilm-มุกดาหาร,service-x-location,305,NO,service-x-location,yes,no,OK
/รับซื้อ/รับซื้อกล้อง-fujifilm-ยโสธร,service-x-location,309,NO,service-x-location,yes,no,OK
/รับซื้อ/รับซื้อกล้อง-fujifilm-ร้อยเอ็ด,service-x-location,323,NO,service-x-location,yes,no,OK
/รับซื้อ/รับซื้อกล้อง-fujifilm-ศรีสะเกษ,service-x-location,310,NO,service-x-location,yes,no,OK
/รับซื้อ/รับซื้อกล้อง-fujifilm-สกลนคร,service-x-location,324,NO,service-x-location,yes,no,OK
/รับซื้อ/รับซื้อกล้อง-fujifilm-สุรินทร์,service-x-location,309,NO,service-x-location,yes,no,OK
/รับซื้อ/รับซื้อกล้อง-fujifilm-หนองคาย,service-x-location,309,NO,service-x-location,yes,no,OK
/รับซื้อ/รับซื้อกล้อง-fujifilm-หนองบัวลำภู,service-x-location,301,NO,service-x-location,yes,no,OK
/รับซื้อ/รับซื้อกล้อง-fujifilm-อำนาจเจริญ,service-x-location,304,NO,service-x-location,yes,no,OK
/รับซื้อ/รับซื้อกล้อง-fujifilm-อุดรธานี,service-x-location,311,NO,service-x-location,yes,no,OK
/รับซื้อ/รับซื้อกล้อง-fujifilm-อุบลราชธานี,service-x-location,305,NO,service-x-location,yes,no,OK
/รับซื้อ/รับซื้อกล้อง-fujifilm-เลย,service-x-location,317,NO,service-x-location,yes,no,OK
/รับซื้อ/รับซื้อกล้อง-sony-กาฬสินธุ์,service-x-location,320,NO,service-x-location,yes,no,OK
/รับซื้อ/รับซื้อกล้อง-sony-ขอนแก่น,service-x-location,331,NO,service-x-location,yes,no,OK
/รับซื้อ/รับซื้อกล้อง-sony-ชัยภูมิ,service-x-location,319,NO,service-x-location,yes,no,OK
/รับซื้อ/รับซื้อกล้อง-sony-นครพนม,service-x-location,316,NO,service-x-location,yes,no,OK
/รับซื้อ/รับซื้อกล้อง-sony-นครราชสีมา,service-x-location,338,NO,service-x-location,yes,no,OK
/รับซื้อ/รับซื้อกล้อง-sony-บึงกาฬ,service-x-location,308,NO,service-x-location,yes,no,OK
/รับซื้อ/รับซื้อกล้อง-sony-บุรีรัมย์,service-x-location,312,NO,service-x-location,yes,no,OK
/รับซื้อ/รับซื้อกล้อง-sony-มหาสารคาม,service-x-location,312,NO,service-x-location,yes,no,OK
/รับซื้อ/รับซื้อกล้อง-sony-มุกดาหาร,service-x-location,305,NO,service-x-location,yes,no,OK
/รับซื้อ/รับซื้อกล้อง-sony-ยโสธร,service-x-location,309,NO,service-x-location,yes,no,OK
/รับซื้อ/รับซื้อกล้อง-sony-ร้อยเอ็ด,service-x-location,323,NO,service-x-location,yes,no,OK
/รับซื้อ/รับซื้อกล้อง-sony-ศรีสะเกษ,service-x-location,310,NO,service-x-location,yes,no,OK
/รับซื้อ/รับซื้อกล้อง-sony-สกลนคร,service-x-location,324,NO,service-x-location,yes,no,OK
/รับซื้อ/รับซื้อกล้อง-sony-สุรินทร์,service-x-location,309,NO,service-x-location,yes,no,OK
/รับซื้อ/รับซื้อกล้อง-sony-หนองคาย,service-x-location,309,NO,service-x-location,yes,no,OK
/รับซื้อ/รับซื้อกล้อง-sony-หนองบัวลำภู,service-x-location,301,NO,service-x-location,yes,no,OK
/รับซื้อ/รับซื้อกล้อง-sony-อำนาจเจริญ,service-x-location,304,NO,service-x-location,yes,no,OK
/รับซื้อ/รับซื้อกล้อง-sony-อุดรธานี,service-x-location,311,NO,service-x-location,yes,no,OK
/รับซื้อ/รับซื้อกล้อง-sony-อุบลราชธานี,service-x-location,305,NO,service-x-location,yes,no,OK
/รับซื้อ/รับซื้อกล้อง-sony-เลย,service-x-location,317,NO,service-x-location,yes,no,OK
/รับซื้อ/รับซื้อกล้อง-กาฬสินธุ์,service-x-location,306,NO,service-x-location,yes,no,OK
/รับซื้อ/รับซื้อกล้อง-ขอนแก่น,service-x-location,317,NO,service-x-location,yes,no,OK
/รับซื้อ/รับซื้อกล้อง-ชัยภูมิ,service-x-location,305,NO,service-x-location,yes,no,OK
/รับซื้อ/รับซื้อกล้อง-นครพนม,service-x-location,302,NO,service-x-location,yes,no,OK
/รับซื้อ/รับซื้อกล้อง-นครราชสีมา,service-x-location,324,NO,service-x-location,yes,no,OK
/รับซื้อ/รับซื้อกล้อง-บึงกาฬ,service-x-location,294,NO,service-x-location,yes,no,OK
/รับซื้อ/รับซื้อกล้อง-บุรีรัมย์,service-x-location,298,NO,service-x-location,yes,no,OK
/รับซื้อ/รับซื้อกล้อง-มหาสารคาม,service-x-location,298,NO,service-x-location,yes,no,OK
/รับซื้อ/รับซื้อกล้อง-มุกดาหาร,service-x-location,291,NO,service-x-location,yes,no,OK
/รับซื้อ/รับซื้อกล้อง-ยโสธร,service-x-location,295,NO,service-x-location,yes,no,OK
/รับซื้อ/รับซื้อกล้อง-ร้อยเอ็ด,service-x-location,309,NO,service-x-location,yes,no,OK
/รับซื้อ/รับซื้อกล้อง-ศรีสะเกษ,service-x-location,296,NO,service-x-location,yes,no,OK
/รับซื้อ/รับซื้อกล้อง-สกลนคร,service-x-location,310,NO,service-x-location,yes,no,OK
/รับซื้อ/รับซื้อกล้อง-สุรินทร์,service-x-location,295,NO,service-x-location,yes,no,OK
/รับซื้อ/รับซื้อกล้อง-หนองคาย,service-x-location,295,NO,service-x-location,yes,no,OK
/รับซื้อ/รับซื้อกล้อง-หนองบัวลำภู,service-x-location,287,NO,service-x-location,yes,no,OK
/รับซื้อ/รับซื้อกล้อง-อำนาจเจริญ,service-x-location,290,NO,service-x-location,yes,no,OK
/รับซื้อ/รับซื้อกล้อง-อุดรธานี,service-x-location,297,NO,service-x-location,yes,no,OK
/รับซื้อ/รับซื้อกล้อง-อุบลราชธานี,service-x-location,291,NO,service-x-location,yes,no,OK
/รับซื้อ/รับซื้อกล้อง-เลย,service-x-location,303,NO,service-x-location,yes,no,OK
/รับซื้อ/รับซื้อการ์ดจอ-กาฬสินธุ์,service-x-location,308,NO,service-x-location,yes,no,OK
/รับซื้อ/รับซื้อการ์ดจอ-ขอนแก่น,service-x-location,319,NO,service-x-location,yes,no,OK
/รับซื้อ/รับซื้อการ์ดจอ-ชัยภูมิ,service-x-location,307,NO,service-x-location,yes,no,OK
/รับซื้อ/รับซื้อการ์ดจอ-นครพนม,service-x-location,304,NO,service-x-location,yes,no,OK
/รับซื้อ/รับซื้อการ์ดจอ-นครราชสีมา,service-x-location,326,NO,service-x-location,yes,no,OK
/รับซื้อ/รับซื้อการ์ดจอ-บึงกาฬ,service-x-location,296,NO,service-x-location,yes,no,OK
/รับซื้อ/รับซื้อการ์ดจอ-บุรีรัมย์,service-x-location,300,NO,service-x-location,yes,no,OK
/รับซื้อ/รับซื้อการ์ดจอ-มหาสารคาม,service-x-location,300,NO,service-x-location,yes,no,OK
/รับซื้อ/รับซื้อการ์ดจอ-มุกดาหาร,service-x-location,293,NO,service-x-location,yes,no,OK
/รับซื้อ/รับซื้อการ์ดจอ-ยโสธร,service-x-location,297,NO,service-x-location,yes,no,OK
/รับซื้อ/รับซื้อการ์ดจอ-ร้อยเอ็ด,service-x-location,311,NO,service-x-location,yes,no,OK
/รับซื้อ/รับซื้อการ์ดจอ-ศรีสะเกษ,service-x-location,298,NO,service-x-location,yes,no,OK
/รับซื้อ/รับซื้อการ์ดจอ-สกลนคร,service-x-location,312,NO,service-x-location,yes,no,OK
/รับซื้อ/รับซื้อการ์ดจอ-สุรินทร์,service-x-location,297,NO,service-x-location,yes,no,OK
/รับซื้อ/รับซื้อการ์ดจอ-หนองคาย,service-x-location,297,NO,service-x-location,yes,no,OK
/รับซื้อ/รับซื้อการ์ดจอ-หนองบัวลำภู,service-x-location,289,NO,service-x-location,yes,no,OK
/รับซื้อ/รับซื้อการ์ดจอ-อำนาจเจริญ,service-x-location,292,NO,service-x-location,yes,no,OK
/รับซื้อ/รับซื้อการ์ดจอ-อุดรธานี,service-x-location,299,NO,service-x-location,yes,no,OK
/รับซื้อ/รับซื้อการ์ดจอ-อุบลราชธานี,service-x-location,293,NO,service-x-location,yes,no,OK
/รับซื้อ/รับซื้อการ์ดจอ-เลย,service-x-location,305,NO,service-x-location,yes,no,OK
/รับซื้อ/รับซื้อของสะสม-อุบลราชธานี,service-x-location,194,NO,service-x-location,yes,no,OK
/รับซื้อ/รับซื้อของไอทีเสีย-กาฬสินธุ์,service-x-location,305,NO,service-x-location,yes,no,OK
/รับซื้อ/รับซื้อของไอทีเสีย-ขอนแก่น,service-x-location,316,NO,service-x-location,yes,no,OK
/รับซื้อ/รับซื้อของไอทีเสีย-ชัยภูมิ,service-x-location,304,NO,service-x-location,yes,no,OK
/รับซื้อ/รับซื้อของไอทีเสีย-นครพนม,service-x-location,301,NO,service-x-location,yes,no,OK
/รับซื้อ/รับซื้อของไอทีเสีย-นครราชสีมา,service-x-location,323,NO,service-x-location,yes,no,OK
/รับซื้อ/รับซื้อของไอทีเสีย-บึงกาฬ,service-x-location,293,NO,service-x-location,yes,no,OK
/รับซื้อ/รับซื้อของไอทีเสีย-บุรีรัมย์,service-x-location,297,NO,service-x-location,yes,no,OK
/รับซื้อ/รับซื้อของไอทีเสีย-มหาสารคาม,service-x-location,297,NO,service-x-location,yes,no,OK
/รับซื้อ/รับซื้อของไอทีเสีย-มุกดาหาร,service-x-location,290,NO,service-x-location,yes,no,OK
/รับซื้อ/รับซื้อของไอทีเสีย-ยโสธร,service-x-location,294,NO,service-x-location,yes,no,OK
/รับซื้อ/รับซื้อของไอทีเสีย-ร้อยเอ็ด,service-x-location,308,NO,service-x-location,yes,no,OK
/รับซื้อ/รับซื้อของไอทีเสีย-ศรีสะเกษ,service-x-location,295,NO,service-x-location,yes,no,OK
/รับซื้อ/รับซื้อของไอทีเสีย-สกลนคร,service-x-location,309,NO,service-x-location,yes,no,OK
/รับซื้อ/รับซื้อของไอทีเสีย-สุรินทร์,service-x-location,294,NO,service-x-location,yes,no,OK
/รับซื้อ/รับซื้อของไอทีเสีย-หนองคาย,service-x-location,294,NO,service-x-location,yes,no,OK
/รับซื้อ/รับซื้อของไอทีเสีย-หนองบัวลำภู,service-x-location,286,NO,service-x-location,yes,no,OK
/รับซื้อ/รับซื้อของไอทีเสีย-อำนาจเจริญ,service-x-location,289,NO,service-x-location,yes,no,OK
/รับซื้อ/รับซื้อของไอทีเสีย-อุดรธานี,service-x-location,296,NO,service-x-location,yes,no,OK
/รับซื้อ/รับซื้อของไอทีเสีย-อุบลราชธานี,service-x-location,290,NO,service-x-location,yes,no,OK
/รับซื้อ/รับซื้อของไอทีเสีย-เลย,service-x-location,302,NO,service-x-location,yes,no,OK
/รับซื้อ/รับซื้อคอมบริษัท-กาฬสินธุ์,service-x-location,303,NO,service-x-location,yes,no,OK
/รับซื้อ/รับซื้อคอมบริษัท-ขอนแก่น,service-x-location,314,NO,service-x-location,yes,no,OK
/รับซื้อ/รับซื้อคอมบริษัท-ชัยภูมิ,service-x-location,302,NO,service-x-location,yes,no,OK
/รับซื้อ/รับซื้อคอมบริษัท-นครพนม,service-x-location,299,NO,service-x-location,yes,no,OK
/รับซื้อ/รับซื้อคอมบริษัท-นครราชสีมา,service-x-location,321,NO,service-x-location,yes,no,OK
/รับซื้อ/รับซื้อคอมบริษัท-บึงกาฬ,service-x-location,291,NO,service-x-location,yes,no,OK
/รับซื้อ/รับซื้อคอมบริษัท-บุรีรัมย์,service-x-location,295,NO,service-x-location,yes,no,OK
/รับซื้อ/รับซื้อคอมบริษัท-มหาสารคาม,service-x-location,295,NO,service-x-location,yes,no,OK
/รับซื้อ/รับซื้อคอมบริษัท-มุกดาหาร,service-x-location,288,NO,service-x-location,yes,no,OK
/รับซื้อ/รับซื้อคอมบริษัท-ยโสธร,service-x-location,292,NO,service-x-location,yes,no,OK
/รับซื้อ/รับซื้อคอมบริษัท-ร้อยเอ็ด,service-x-location,306,NO,service-x-location,yes,no,OK
/รับซื้อ/รับซื้อคอมบริษัท-ศรีสะเกษ,service-x-location,293,NO,service-x-location,yes,no,OK
/รับซื้อ/รับซื้อคอมบริษัท-สกลนคร,service-x-location,307,NO,service-x-location,yes,no,OK
/รับซื้อ/รับซื้อคอมบริษัท-สุรินทร์,service-x-location,292,NO,service-x-location,yes,no,OK
/รับซื้อ/รับซื้อคอมบริษัท-หนองคาย,service-x-location,292,NO,service-x-location,yes,no,OK
/รับซื้อ/รับซื้อคอมบริษัท-หนองบัวลำภู,service-x-location,284,NO,service-x-location,yes,no,OK
/รับซื้อ/รับซื้อคอมบริษัท-อำนาจเจริญ,service-x-location,287,NO,service-x-location,yes,no,OK
/รับซื้อ/รับซื้อคอมบริษัท-อุดรธานี,service-x-location,294,NO,service-x-location,yes,no,OK
/รับซื้อ/รับซื้อคอมบริษัท-อุบลราชธานี,service-x-location,288,NO,service-x-location,yes,no,OK
/รับซื้อ/รับซื้อคอมบริษัท-เลย,service-x-location,300,NO,service-x-location,yes,no,OK
/รับซื้อ/รับซื้อคอมพิวเตอร์-กาฬสินธุ์,service-x-location,310,NO,service-x-location,yes,no,OK
/รับซื้อ/รับซื้อคอมพิวเตอร์-ขอนแก่น,service-x-location,321,NO,service-x-location,yes,no,OK
/รับซื้อ/รับซื้อคอมพิวเตอร์-ชัยภูมิ,service-x-location,309,NO,service-x-location,yes,no,OK
/รับซื้อ/รับซื้อคอมพิวเตอร์-นครพนม,service-x-location,306,NO,service-x-location,yes,no,OK
/รับซื้อ/รับซื้อคอมพิวเตอร์-นครราชสีมา,service-x-location,328,NO,service-x-location,yes,no,OK
/รับซื้อ/รับซื้อคอมพิวเตอร์-บึงกาฬ,service-x-location,298,NO,service-x-location,yes,no,OK
/รับซื้อ/รับซื้อคอมพิวเตอร์-บุรีรัมย์,service-x-location,302,NO,service-x-location,yes,no,OK
/รับซื้อ/รับซื้อคอมพิวเตอร์-มหาสารคาม,service-x-location,302,NO,service-x-location,yes,no,OK
/รับซื้อ/รับซื้อคอมพิวเตอร์-มุกดาหาร,service-x-location,295,NO,service-x-location,yes,no,OK
/รับซื้อ/รับซื้อคอมพิวเตอร์-ยโสธร,service-x-location,299,NO,service-x-location,yes,no,OK
/รับซื้อ/รับซื้อคอมพิวเตอร์-ร้อยเอ็ด,service-x-location,313,NO,service-x-location,yes,no,OK
/รับซื้อ/รับซื้อคอมพิวเตอร์-ศรีสะเกษ,service-x-location,300,NO,service-x-location,yes,no,OK
/รับซื้อ/รับซื้อคอมพิวเตอร์-สกลนคร,service-x-location,314,NO,service-x-location,yes,no,OK
/รับซื้อ/รับซื้อคอมพิวเตอร์-สุรินทร์,service-x-location,299,NO,service-x-location,yes,no,OK
/รับซื้อ/รับซื้อคอมพิวเตอร์-หนองคาย,service-x-location,299,NO,service-x-location,yes,no,OK
/รับซื้อ/รับซื้อคอมพิวเตอร์-หนองบัวลำภู,service-x-location,291,NO,service-x-location,yes,no,OK
/รับซื้อ/รับซื้อคอมพิวเตอร์-อำนาจเจริญ,service-x-location,294,NO,service-x-location,yes,no,OK
/รับซื้อ/รับซื้อคอมพิวเตอร์-อุดรธานี,service-x-location,301,NO,service-x-location,yes,no,OK
/รับซื้อ/รับซื้อคอมพิวเตอร์-อุบลราชธานี,service-x-location,213,NO,service-x-location,yes,no,OK
/รับซื้อ/รับซื้อคอมพิวเตอร์-เลย,service-x-location,307,NO,service-x-location,yes,no,OK
/รับซื้อ/รับซื้อคอมเกมมิ่ง-กาฬสินธุ์,service-x-location,302,NO,service-x-location,yes,no,OK
/รับซื้อ/รับซื้อคอมเกมมิ่ง-ขอนแก่น,service-x-location,313,NO,service-x-location,yes,no,OK
/รับซื้อ/รับซื้อคอมเกมมิ่ง-ชัยภูมิ,service-x-location,301,NO,service-x-location,yes,no,OK
/รับซื้อ/รับซื้อคอมเกมมิ่ง-นครพนม,service-x-location,298,NO,service-x-location,yes,no,OK
/รับซื้อ/รับซื้อคอมเกมมิ่ง-นครราชสีมา,service-x-location,320,NO,service-x-location,yes,no,OK
/รับซื้อ/รับซื้อคอมเกมมิ่ง-บึงกาฬ,service-x-location,290,NO,service-x-location,yes,no,OK
/รับซื้อ/รับซื้อคอมเกมมิ่ง-บุรีรัมย์,service-x-location,294,NO,service-x-location,yes,no,OK
/รับซื้อ/รับซื้อคอมเกมมิ่ง-มหาสารคาม,service-x-location,294,NO,service-x-location,yes,no,OK
/รับซื้อ/รับซื้อคอมเกมมิ่ง-มุกดาหาร,service-x-location,287,NO,service-x-location,yes,no,OK
/รับซื้อ/รับซื้อคอมเกมมิ่ง-ยโสธร,service-x-location,291,NO,service-x-location,yes,no,OK
/รับซื้อ/รับซื้อคอมเกมมิ่ง-ร้อยเอ็ด,service-x-location,305,NO,service-x-location,yes,no,OK
/รับซื้อ/รับซื้อคอมเกมมิ่ง-ศรีสะเกษ,service-x-location,292,NO,service-x-location,yes,no,OK
/รับซื้อ/รับซื้อคอมเกมมิ่ง-สกลนคร,service-x-location,306,NO,service-x-location,yes,no,OK
/รับซื้อ/รับซื้อคอมเกมมิ่ง-สุรินทร์,service-x-location,291,NO,service-x-location,yes,no,OK
/รับซื้อ/รับซื้อคอมเกมมิ่ง-หนองคาย,service-x-location,291,NO,service-x-location,yes,no,OK
/รับซื้อ/รับซื้อคอมเกมมิ่ง-หนองบัวลำภู,service-x-location,283,NO,service-x-location,yes,no,OK
/รับซื้อ/รับซื้อคอมเกมมิ่ง-อำนาจเจริญ,service-x-location,286,NO,service-x-location,yes,no,OK
/รับซื้อ/รับซื้อคอมเกมมิ่ง-อุดรธานี,service-x-location,293,NO,service-x-location,yes,no,OK
/รับซื้อ/รับซื้อคอมเกมมิ่ง-อุบลราชธานี,service-x-location,287,NO,service-x-location,yes,no,OK
/รับซื้อ/รับซื้อคอมเกมมิ่ง-เลย,service-x-location,299,NO,service-x-location,yes,no,OK
/รับซื้อ/รับซื้อจอคอม-กาฬสินธุ์,service-x-location,303,NO,service-x-location,yes,no,OK
/รับซื้อ/รับซื้อจอคอม-ขอนแก่น,service-x-location,314,NO,service-x-location,yes,no,OK
/รับซื้อ/รับซื้อจอคอม-ชัยภูมิ,service-x-location,302,NO,service-x-location,yes,no,OK
/รับซื้อ/รับซื้อจอคอม-นครพนม,service-x-location,299,NO,service-x-location,yes,no,OK
/รับซื้อ/รับซื้อจอคอม-นครราชสีมา,service-x-location,321,NO,service-x-location,yes,no,OK
/รับซื้อ/รับซื้อจอคอม-บึงกาฬ,service-x-location,291,NO,service-x-location,yes,no,OK
/รับซื้อ/รับซื้อจอคอม-บุรีรัมย์,service-x-location,295,NO,service-x-location,yes,no,OK
/รับซื้อ/รับซื้อจอคอม-มหาสารคาม,service-x-location,295,NO,service-x-location,yes,no,OK
/รับซื้อ/รับซื้อจอคอม-มุกดาหาร,service-x-location,288,NO,service-x-location,yes,no,OK
/รับซื้อ/รับซื้อจอคอม-ยโสธร,service-x-location,292,NO,service-x-location,yes,no,OK
/รับซื้อ/รับซื้อจอคอม-ร้อยเอ็ด,service-x-location,306,NO,service-x-location,yes,no,OK
/รับซื้อ/รับซื้อจอคอม-ศรีสะเกษ,service-x-location,293,NO,service-x-location,yes,no,OK
/รับซื้อ/รับซื้อจอคอม-สกลนคร,service-x-location,307,NO,service-x-location,yes,no,OK
/รับซื้อ/รับซื้อจอคอม-สุรินทร์,service-x-location,292,NO,service-x-location,yes,no,OK
/รับซื้อ/รับซื้อจอคอม-หนองคาย,service-x-location,292,NO,service-x-location,yes,no,OK
/รับซื้อ/รับซื้อจอคอม-หนองบัวลำภู,service-x-location,284,NO,service-x-location,yes,no,OK
/รับซื้อ/รับซื้อจอคอม-อำนาจเจริญ,service-x-location,287,NO,service-x-location,yes,no,OK
/รับซื้อ/รับซื้อจอคอม-อุดรธานี,service-x-location,294,NO,service-x-location,yes,no,OK
/รับซื้อ/รับซื้อจอคอม-อุบลราชธานี,service-x-location,288,NO,service-x-location,yes,no,OK
/รับซื้อ/รับซื้อจอคอม-เลย,service-x-location,300,NO,service-x-location,yes,no,OK
/รับซื้อ/รับซื้อจอเกมมิ่ง-กาฬสินธุ์,service-x-location,307,NO,service-x-location,yes,no,OK
/รับซื้อ/รับซื้อจอเกมมิ่ง-ขอนแก่น,service-x-location,318,NO,service-x-location,yes,no,OK
/รับซื้อ/รับซื้อจอเกมมิ่ง-ชัยภูมิ,service-x-location,306,NO,service-x-location,yes,no,OK
/รับซื้อ/รับซื้อจอเกมมิ่ง-นครพนม,service-x-location,303,NO,service-x-location,yes,no,OK
/รับซื้อ/รับซื้อจอเกมมิ่ง-นครราชสีมา,service-x-location,325,NO,service-x-location,yes,no,OK
/รับซื้อ/รับซื้อจอเกมมิ่ง-บึงกาฬ,service-x-location,295,NO,service-x-location,yes,no,OK
/รับซื้อ/รับซื้อจอเกมมิ่ง-บุรีรัมย์,service-x-location,299,NO,service-x-location,yes,no,OK
/รับซื้อ/รับซื้อจอเกมมิ่ง-มหาสารคาม,service-x-location,299,NO,service-x-location,yes,no,OK
/รับซื้อ/รับซื้อจอเกมมิ่ง-มุกดาหาร,service-x-location,292,NO,service-x-location,yes,no,OK
/รับซื้อ/รับซื้อจอเกมมิ่ง-ยโสธร,service-x-location,296,NO,service-x-location,yes,no,OK
/รับซื้อ/รับซื้อจอเกมมิ่ง-ร้อยเอ็ด,service-x-location,310,NO,service-x-location,yes,no,OK
/รับซื้อ/รับซื้อจอเกมมิ่ง-ศรีสะเกษ,service-x-location,297,NO,service-x-location,yes,no,OK
/รับซื้อ/รับซื้อจอเกมมิ่ง-สกลนคร,service-x-location,311,NO,service-x-location,yes,no,OK
/รับซื้อ/รับซื้อจอเกมมิ่ง-สุรินทร์,service-x-location,296,NO,service-x-location,yes,no,OK
/รับซื้อ/รับซื้อจอเกมมิ่ง-หนองคาย,service-x-location,296,NO,service-x-location,yes,no,OK
/รับซื้อ/รับซื้อจอเกมมิ่ง-หนองบัวลำภู,service-x-location,288,NO,service-x-location,yes,no,OK
/รับซื้อ/รับซื้อจอเกมมิ่ง-อำนาจเจริญ,service-x-location,291,NO,service-x-location,yes,no,OK
/รับซื้อ/รับซื้อจอเกมมิ่ง-อุดรธานี,service-x-location,298,NO,service-x-location,yes,no,OK
/รับซื้อ/รับซื้อจอเกมมิ่ง-อุบลราชธานี,service-x-location,292,NO,service-x-location,yes,no,OK
/รับซื้อ/รับซื้อจอเกมมิ่ง-เลย,service-x-location,304,NO,service-x-location,yes,no,OK
/รับซื้อ/รับซื้อซีพียู-กาฬสินธุ์,service-x-location,312,NO,service-x-location,yes,no,OK
/รับซื้อ/รับซื้อซีพียู-ขอนแก่น,service-x-location,323,NO,service-x-location,yes,no,OK
/รับซื้อ/รับซื้อซีพียู-ชัยภูมิ,service-x-location,311,NO,service-x-location,yes,no,OK
/รับซื้อ/รับซื้อซีพียู-นครพนม,service-x-location,308,NO,service-x-location,yes,no,OK
/รับซื้อ/รับซื้อซีพียู-นครราชสีมา,service-x-location,330,NO,service-x-location,yes,no,OK
/รับซื้อ/รับซื้อซีพียู-บึงกาฬ,service-x-location,300,NO,service-x-location,yes,no,OK
/รับซื้อ/รับซื้อซีพียู-บุรีรัมย์,service-x-location,304,NO,service-x-location,yes,no,OK
/รับซื้อ/รับซื้อซีพียู-มหาสารคาม,service-x-location,304,NO,service-x-location,yes,no,OK
/รับซื้อ/รับซื้อซีพียู-มุกดาหาร,service-x-location,297,NO,service-x-location,yes,no,OK
/รับซื้อ/รับซื้อซีพียู-ยโสธร,service-x-location,301,NO,service-x-location,yes,no,OK
/รับซื้อ/รับซื้อซีพียู-ร้อยเอ็ด,service-x-location,315,NO,service-x-location,yes,no,OK
/รับซื้อ/รับซื้อซีพียู-ศรีสะเกษ,service-x-location,302,NO,service-x-location,yes,no,OK
/รับซื้อ/รับซื้อซีพียู-สกลนคร,service-x-location,316,NO,service-x-location,yes,no,OK
/รับซื้อ/รับซื้อซีพียู-สุรินทร์,service-x-location,301,NO,service-x-location,yes,no,OK
/รับซื้อ/รับซื้อซีพียู-หนองคาย,service-x-location,301,NO,service-x-location,yes,no,OK
/รับซื้อ/รับซื้อซีพียู-หนองบัวลำภู,service-x-location,293,NO,service-x-location,yes,no,OK
/รับซื้อ/รับซื้อซีพียู-อำนาจเจริญ,service-x-location,296,NO,service-x-location,yes,no,OK
/รับซื้อ/รับซื้อซีพียู-อุดรธานี,service-x-location,303,NO,service-x-location,yes,no,OK
/รับซื้อ/รับซื้อซีพียู-อุบลราชธานี,service-x-location,297,NO,service-x-location,yes,no,OK
/รับซื้อ/รับซื้อซีพียู-เลย,service-x-location,309,NO,service-x-location,yes,no,OK
/รับซื้อ/รับซื้อทีวี-กาฬสินธุ์,service-x-location,122,YES,service-x-location,yes,no,OK
/รับซื้อ/รับซื้อทีวี-ขอนแก่น,service-x-location,122,YES,service-x-location,yes,no,OK
/รับซื้อ/รับซื้อทีวี-ชัยภูมิ,service-x-location,123,YES,service-x-location,yes,no,OK
/รับซื้อ/รับซื้อทีวี-นครพนม,service-x-location,123,YES,service-x-location,yes,no,OK
/รับซื้อ/รับซื้อทีวี-นครราชสีมา,service-x-location,123,YES,service-x-location,yes,no,OK
/รับซื้อ/รับซื้อทีวี-บึงกาฬ,service-x-location,122,YES,service-x-location,yes,no,OK
/รับซื้อ/รับซื้อทีวี-บุรีรัมย์,service-x-location,122,YES,service-x-location,yes,no,OK
/รับซื้อ/รับซื้อทีวี-มหาสารคาม,service-x-location,123,YES,service-x-location,yes,no,OK
/รับซื้อ/รับซื้อทีวี-มุกดาหาร,service-x-location,122,YES,service-x-location,yes,no,OK
/รับซื้อ/รับซื้อทีวี-ยโสธร,service-x-location,122,YES,service-x-location,yes,no,OK
/รับซื้อ/รับซื้อทีวี-ร้อยเอ็ด,service-x-location,123,YES,service-x-location,yes,no,OK
/รับซื้อ/รับซื้อทีวี-ศรีสะเกษ,service-x-location,123,YES,service-x-location,yes,no,OK
/รับซื้อ/รับซื้อทีวี-สกลนคร,service-x-location,123,YES,service-x-location,yes,no,OK
/รับซื้อ/รับซื้อทีวี-สุรินทร์,service-x-location,121,YES,service-x-location,yes,no,OK
/รับซื้อ/รับซื้อทีวี-หนองคาย,service-x-location,123,YES,service-x-location,yes,no,OK
/รับซื้อ/รับซื้อทีวี-หนองบัวลำภู,service-x-location,121,YES,service-x-location,yes,no,OK
/รับซื้อ/รับซื้อทีวี-อำนาจเจริญ,service-x-location,121,YES,service-x-location,yes,no,OK
/รับซื้อ/รับซื้อทีวี-อุดรธานี,service-x-location,122,YES,service-x-location,yes,no,OK
/รับซื้อ/รับซื้อทีวี-อุบลราชธานี,service-x-location,174,YES,service-x-location,yes,no,OK
/รับซื้อ/รับซื้อทีวี-เลย,service-x-location,121,YES,service-x-location,yes,no,OK
/รับซื้อ/รับซื้อลำโพงบลูทูธ-กาฬสินธุ์,service-x-location,305,NO,service-x-location,yes,no,OK
/รับซื้อ/รับซื้อลำโพงบลูทูธ-ขอนแก่น,service-x-location,316,NO,service-x-location,yes,no,OK
/รับซื้อ/รับซื้อลำโพงบลูทูธ-ชัยภูมิ,service-x-location,304,NO,service-x-location,yes,no,OK
/รับซื้อ/รับซื้อลำโพงบลูทูธ-นครพนม,service-x-location,301,NO,service-x-location,yes,no,OK
/รับซื้อ/รับซื้อลำโพงบลูทูธ-นครราชสีมา,service-x-location,323,NO,service-x-location,yes,no,OK
/รับซื้อ/รับซื้อลำโพงบลูทูธ-บึงกาฬ,service-x-location,293,NO,service-x-location,yes,no,OK
/รับซื้อ/รับซื้อลำโพงบลูทูธ-บุรีรัมย์,service-x-location,297,NO,service-x-location,yes,no,OK
/รับซื้อ/รับซื้อลำโพงบลูทูธ-มหาสารคาม,service-x-location,297,NO,service-x-location,yes,no,OK
/รับซื้อ/รับซื้อลำโพงบลูทูธ-มุกดาหาร,service-x-location,290,NO,service-x-location,yes,no,OK
/รับซื้อ/รับซื้อลำโพงบลูทูธ-ยโสธร,service-x-location,294,NO,service-x-location,yes,no,OK
/รับซื้อ/รับซื้อลำโพงบลูทูธ-ร้อยเอ็ด,service-x-location,308,NO,service-x-location,yes,no,OK
/รับซื้อ/รับซื้อลำโพงบลูทูธ-ศรีสะเกษ,service-x-location,295,NO,service-x-location,yes,no,OK
/รับซื้อ/รับซื้อลำโพงบลูทูธ-สกลนคร,service-x-location,309,NO,service-x-location,yes,no,OK
/รับซื้อ/รับซื้อลำโพงบลูทูธ-สุรินทร์,service-x-location,294,NO,service-x-location,yes,no,OK
/รับซื้อ/รับซื้อลำโพงบลูทูธ-หนองคาย,service-x-location,294,NO,service-x-location,yes,no,OK
/รับซื้อ/รับซื้อลำโพงบลูทูธ-หนองบัวลำภู,service-x-location,286,NO,service-x-location,yes,no,OK
/รับซื้อ/รับซื้อลำโพงบลูทูธ-อำนาจเจริญ,service-x-location,289,NO,service-x-location,yes,no,OK
/รับซื้อ/รับซื้อลำโพงบลูทูธ-อุดรธานี,service-x-location,296,NO,service-x-location,yes,no,OK
/รับซื้อ/รับซื้อลำโพงบลูทูธ-อุบลราชธานี,service-x-location,290,NO,service-x-location,yes,no,OK
/รับซื้อ/รับซื้อลำโพงบลูทูธ-เลย,service-x-location,302,NO,service-x-location,yes,no,OK
/รับซื้อ/รับซื้อสินค้าไอที-กาฬสินธุ์,service-x-location,304,NO,service-x-location,yes,no,OK
/รับซื้อ/รับซื้อสินค้าไอที-ขอนแก่น,service-x-location,315,NO,service-x-location,yes,no,OK
/รับซื้อ/รับซื้อสินค้าไอที-ชัยภูมิ,service-x-location,303,NO,service-x-location,yes,no,OK
/รับซื้อ/รับซื้อสินค้าไอที-นครพนม,service-x-location,300,NO,service-x-location,yes,no,OK
/รับซื้อ/รับซื้อสินค้าไอที-นครราชสีมา,service-x-location,322,NO,service-x-location,yes,no,OK
/รับซื้อ/รับซื้อสินค้าไอที-บึงกาฬ,service-x-location,292,NO,service-x-location,yes,no,OK
/รับซื้อ/รับซื้อสินค้าไอที-บุรีรัมย์,service-x-location,296,NO,service-x-location,yes,no,OK
/รับซื้อ/รับซื้อสินค้าไอที-มหาสารคาม,service-x-location,296,NO,service-x-location,yes,no,OK
/รับซื้อ/รับซื้อสินค้าไอที-มุกดาหาร,service-x-location,289,NO,service-x-location,yes,no,OK
/รับซื้อ/รับซื้อสินค้าไอที-ยโสธร,service-x-location,293,NO,service-x-location,yes,no,OK
/รับซื้อ/รับซื้อสินค้าไอที-ร้อยเอ็ด,service-x-location,307,NO,service-x-location,yes,no,OK
/รับซื้อ/รับซื้อสินค้าไอที-ศรีสะเกษ,service-x-location,294,NO,service-x-location,yes,no,OK
/รับซื้อ/รับซื้อสินค้าไอที-สกลนคร,service-x-location,308,NO,service-x-location,yes,no,OK
/รับซื้อ/รับซื้อสินค้าไอที-สุรินทร์,service-x-location,293,NO,service-x-location,yes,no,OK
/รับซื้อ/รับซื้อสินค้าไอที-หนองคาย,service-x-location,293,NO,service-x-location,yes,no,OK
/รับซื้อ/รับซื้อสินค้าไอที-หนองบัวลำภู,service-x-location,285,NO,service-x-location,yes,no,OK
/รับซื้อ/รับซื้อสินค้าไอที-อำนาจเจริญ,service-x-location,288,NO,service-x-location,yes,no,OK
/รับซื้อ/รับซื้อสินค้าไอที-อุดรธานี,service-x-location,295,NO,service-x-location,yes,no,OK
/รับซื้อ/รับซื้อสินค้าไอที-อุบลราชธานี,service-x-location,289,NO,service-x-location,yes,no,OK
/รับซื้อ/รับซื้อสินค้าไอที-เลย,service-x-location,301,NO,service-x-location,yes,no,OK
/รับซื้อ/รับซื้อหูฟัง-กาฬสินธุ์,service-x-location,304,NO,service-x-location,yes,no,OK
/รับซื้อ/รับซื้อหูฟัง-ขอนแก่น,service-x-location,315,NO,service-x-location,yes,no,OK
/รับซื้อ/รับซื้อหูฟัง-ชัยภูมิ,service-x-location,303,NO,service-x-location,yes,no,OK
/รับซื้อ/รับซื้อหูฟัง-นครพนม,service-x-location,300,NO,service-x-location,yes,no,OK
/รับซื้อ/รับซื้อหูฟัง-นครราชสีมา,service-x-location,322,NO,service-x-location,yes,no,OK
/รับซื้อ/รับซื้อหูฟัง-บึงกาฬ,service-x-location,292,NO,service-x-location,yes,no,OK
/รับซื้อ/รับซื้อหูฟัง-บุรีรัมย์,service-x-location,296,NO,service-x-location,yes,no,OK
/รับซื้อ/รับซื้อหูฟัง-มหาสารคาม,service-x-location,296,NO,service-x-location,yes,no,OK
/รับซื้อ/รับซื้อหูฟัง-มุกดาหาร,service-x-location,289,NO,service-x-location,yes,no,OK
/รับซื้อ/รับซื้อหูฟัง-ยโสธร,service-x-location,293,NO,service-x-location,yes,no,OK
/รับซื้อ/รับซื้อหูฟัง-ร้อยเอ็ด,service-x-location,307,NO,service-x-location,yes,no,OK
/รับซื้อ/รับซื้อหูฟัง-ศรีสะเกษ,service-x-location,294,NO,service-x-location,yes,no,OK
/รับซื้อ/รับซื้อหูฟัง-สกลนคร,service-x-location,308,NO,service-x-location,yes,no,OK
/รับซื้อ/รับซื้อหูฟัง-สุรินทร์,service-x-location,293,NO,service-x-location,yes,no,OK
/รับซื้อ/รับซื้อหูฟัง-หนองคาย,service-x-location,293,NO,service-x-location,yes,no,OK
/รับซื้อ/รับซื้อหูฟัง-หนองบัวลำภู,service-x-location,285,NO,service-x-location,yes,no,OK
/รับซื้อ/รับซื้อหูฟัง-อำนาจเจริญ,service-x-location,288,NO,service-x-location,yes,no,OK
/รับซื้อ/รับซื้อหูฟัง-อุดรธานี,service-x-location,295,NO,service-x-location,yes,no,OK
/รับซื้อ/รับซื้อหูฟัง-อุบลราชธานี,service-x-location,289,NO,service-x-location,yes,no,OK
/รับซื้อ/รับซื้อหูฟัง-เลย,service-x-location,301,NO,service-x-location,yes,no,OK
/รับซื้อ/รับซื้ออุปกรณ์-network-กาฬสินธุ์,service-x-location,137,YES,service-x-location,yes,no,OK
/รับซื้อ/รับซื้ออุปกรณ์-network-ขอนแก่น,service-x-location,137,YES,service-x-location,yes,no,OK
/รับซื้อ/รับซื้ออุปกรณ์-network-ชัยภูมิ,service-x-location,138,YES,service-x-location,yes,no,OK
/รับซื้อ/รับซื้ออุปกรณ์-network-นครพนม,service-x-location,138,YES,service-x-location,yes,no,OK
/รับซื้อ/รับซื้ออุปกรณ์-network-นครราชสีมา,service-x-location,138,YES,service-x-location,yes,no,OK
/รับซื้อ/รับซื้ออุปกรณ์-network-บึงกาฬ,service-x-location,137,YES,service-x-location,yes,no,OK
/รับซื้อ/รับซื้ออุปกรณ์-network-บุรีรัมย์,service-x-location,137,YES,service-x-location,yes,no,OK
/รับซื้อ/รับซื้ออุปกรณ์-network-มหาสารคาม,service-x-location,138,YES,service-x-location,yes,no,OK
/รับซื้อ/รับซื้ออุปกรณ์-network-มุกดาหาร,service-x-location,137,YES,service-x-location,yes,no,OK
/รับซื้อ/รับซื้ออุปกรณ์-network-ยโสธร,service-x-location,137,YES,service-x-location,yes,no,OK
/รับซื้อ/รับซื้ออุปกรณ์-network-ร้อยเอ็ด,service-x-location,138,YES,service-x-location,yes,no,OK
/รับซื้อ/รับซื้ออุปกรณ์-network-ศรีสะเกษ,service-x-location,138,YES,service-x-location,yes,no,OK
/รับซื้อ/รับซื้ออุปกรณ์-network-สกลนคร,service-x-location,138,YES,service-x-location,yes,no,OK
/รับซื้อ/รับซื้ออุปกรณ์-network-สุรินทร์,service-x-location,136,YES,service-x-location,yes,no,OK
/รับซื้อ/รับซื้ออุปกรณ์-network-หนองคาย,service-x-location,138,YES,service-x-location,yes,no,OK
/รับซื้อ/รับซื้ออุปกรณ์-network-หนองบัวลำภู,service-x-location,136,YES,service-x-location,yes,no,OK
/รับซื้อ/รับซื้ออุปกรณ์-network-อำนาจเจริญ,service-x-location,136,YES,service-x-location,yes,no,OK
/รับซื้อ/รับซื้ออุปกรณ์-network-อุดรธานี,service-x-location,137,YES,service-x-location,yes,no,OK
/รับซื้อ/รับซื้ออุปกรณ์-network-อุบลราชธานี,service-x-location,207,NO,service-x-location,yes,no,OK
/รับซื้อ/รับซื้ออุปกรณ์-network-เลย,service-x-location,136,YES,service-x-location,yes,no,OK
/รับซื้อ/รับซื้ออุปกรณ์คอมพิวเตอร์-กาฬสินธุ์,service-x-location,310,NO,service-x-location,yes,no,OK
/รับซื้อ/รับซื้ออุปกรณ์คอมพิวเตอร์-ขอนแก่น,service-x-location,321,NO,service-x-location,yes,no,OK
/รับซื้อ/รับซื้ออุปกรณ์คอมพิวเตอร์-ชัยภูมิ,service-x-location,309,NO,service-x-location,yes,no,OK
/รับซื้อ/รับซื้ออุปกรณ์คอมพิวเตอร์-นครพนม,service-x-location,306,NO,service-x-location,yes,no,OK
/รับซื้อ/รับซื้ออุปกรณ์คอมพิวเตอร์-นครราชสีมา,service-x-location,328,NO,service-x-location,yes,no,OK
/รับซื้อ/รับซื้ออุปกรณ์คอมพิวเตอร์-บึงกาฬ,service-x-location,298,NO,service-x-location,yes,no,OK
/รับซื้อ/รับซื้ออุปกรณ์คอมพิวเตอร์-บุรีรัมย์,service-x-location,302,NO,service-x-location,yes,no,OK
/รับซื้อ/รับซื้ออุปกรณ์คอมพิวเตอร์-มหาสารคาม,service-x-location,302,NO,service-x-location,yes,no,OK
/รับซื้อ/รับซื้ออุปกรณ์คอมพิวเตอร์-มุกดาหาร,service-x-location,295,NO,service-x-location,yes,no,OK
/รับซื้อ/รับซื้ออุปกรณ์คอมพิวเตอร์-ยโสธร,service-x-location,299,NO,service-x-location,yes,no,OK
/รับซื้อ/รับซื้ออุปกรณ์คอมพิวเตอร์-ร้อยเอ็ด,service-x-location,313,NO,service-x-location,yes,no,OK
/รับซื้อ/รับซื้ออุปกรณ์คอมพิวเตอร์-ศรีสะเกษ,service-x-location,300,NO,service-x-location,yes,no,OK
/รับซื้อ/รับซื้ออุปกรณ์คอมพิวเตอร์-สกลนคร,service-x-location,314,NO,service-x-location,yes,no,OK
/รับซื้อ/รับซื้ออุปกรณ์คอมพิวเตอร์-สุรินทร์,service-x-location,299,NO,service-x-location,yes,no,OK
/รับซื้อ/รับซื้ออุปกรณ์คอมพิวเตอร์-หนองคาย,service-x-location,299,NO,service-x-location,yes,no,OK
/รับซื้อ/รับซื้ออุปกรณ์คอมพิวเตอร์-หนองบัวลำภู,service-x-location,291,NO,service-x-location,yes,no,OK
/รับซื้อ/รับซื้ออุปกรณ์คอมพิวเตอร์-อำนาจเจริญ,service-x-location,294,NO,service-x-location,yes,no,OK
/รับซื้อ/รับซื้ออุปกรณ์คอมพิวเตอร์-อุดรธานี,service-x-location,301,NO,service-x-location,yes,no,OK
/รับซื้อ/รับซื้ออุปกรณ์คอมพิวเตอร์-อุบลราชธานี,service-x-location,295,NO,service-x-location,yes,no,OK
/รับซื้อ/รับซื้ออุปกรณ์คอมพิวเตอร์-เลย,service-x-location,307,NO,service-x-location,yes,no,OK
/รับซื้อ/รับซื้ออุปกรณ์ไอที-กาฬสินธุ์,service-x-location,306,NO,service-x-location,yes,no,OK
/รับซื้อ/รับซื้ออุปกรณ์ไอที-ขอนแก่น,service-x-location,317,NO,service-x-location,yes,no,OK
/รับซื้อ/รับซื้ออุปกรณ์ไอที-ชัยภูมิ,service-x-location,305,NO,service-x-location,yes,no,OK
/รับซื้อ/รับซื้ออุปกรณ์ไอที-นครพนม,service-x-location,302,NO,service-x-location,yes,no,OK
/รับซื้อ/รับซื้ออุปกรณ์ไอที-นครราชสีมา,service-x-location,324,NO,service-x-location,yes,no,OK
/รับซื้อ/รับซื้ออุปกรณ์ไอที-บึงกาฬ,service-x-location,294,NO,service-x-location,yes,no,OK
/รับซื้อ/รับซื้ออุปกรณ์ไอที-บุรีรัมย์,service-x-location,298,NO,service-x-location,yes,no,OK
/รับซื้อ/รับซื้ออุปกรณ์ไอที-มหาสารคาม,service-x-location,298,NO,service-x-location,yes,no,OK
/รับซื้อ/รับซื้ออุปกรณ์ไอที-มุกดาหาร,service-x-location,291,NO,service-x-location,yes,no,OK
/รับซื้อ/รับซื้ออุปกรณ์ไอที-ยโสธร,service-x-location,295,NO,service-x-location,yes,no,OK
/รับซื้อ/รับซื้ออุปกรณ์ไอที-ร้อยเอ็ด,service-x-location,309,NO,service-x-location,yes,no,OK
/รับซื้อ/รับซื้ออุปกรณ์ไอที-ศรีสะเกษ,service-x-location,296,NO,service-x-location,yes,no,OK
/รับซื้อ/รับซื้ออุปกรณ์ไอที-สกลนคร,service-x-location,310,NO,service-x-location,yes,no,OK
/รับซื้อ/รับซื้ออุปกรณ์ไอที-สุรินทร์,service-x-location,295,NO,service-x-location,yes,no,OK
/รับซื้อ/รับซื้ออุปกรณ์ไอที-หนองคาย,service-x-location,295,NO,service-x-location,yes,no,OK
/รับซื้อ/รับซื้ออุปกรณ์ไอที-หนองบัวลำภู,service-x-location,287,NO,service-x-location,yes,no,OK
/รับซื้อ/รับซื้ออุปกรณ์ไอที-อำนาจเจริญ,service-x-location,290,NO,service-x-location,yes,no,OK
/รับซื้อ/รับซื้ออุปกรณ์ไอที-อุดรธานี,service-x-location,297,NO,service-x-location,yes,no,OK
/รับซื้อ/รับซื้ออุปกรณ์ไอที-อุบลราชธานี,service-x-location,291,NO,service-x-location,yes,no,OK
/รับซื้อ/รับซื้ออุปกรณ์ไอที-เลย,service-x-location,303,NO,service-x-location,yes,no,OK
/รับซื้อ/รับซื้อเครื่องเกม-กาฬสินธุ์,service-x-location,306,NO,service-x-location,yes,no,OK
/รับซื้อ/รับซื้อเครื่องเกม-ขอนแก่น,service-x-location,317,NO,service-x-location,yes,no,OK
/รับซื้อ/รับซื้อเครื่องเกม-ชัยภูมิ,service-x-location,305,NO,service-x-location,yes,no,OK
/รับซื้อ/รับซื้อเครื่องเกม-นครพนม,service-x-location,302,NO,service-x-location,yes,no,OK
/รับซื้อ/รับซื้อเครื่องเกม-นครราชสีมา,service-x-location,324,NO,service-x-location,yes,no,OK
/รับซื้อ/รับซื้อเครื่องเกม-บึงกาฬ,service-x-location,294,NO,service-x-location,yes,no,OK
/รับซื้อ/รับซื้อเครื่องเกม-บุรีรัมย์,service-x-location,298,NO,service-x-location,yes,no,OK
/รับซื้อ/รับซื้อเครื่องเกม-มหาสารคาม,service-x-location,298,NO,service-x-location,yes,no,OK
/รับซื้อ/รับซื้อเครื่องเกม-มุกดาหาร,service-x-location,291,NO,service-x-location,yes,no,OK
/รับซื้อ/รับซื้อเครื่องเกม-ยโสธร,service-x-location,295,NO,service-x-location,yes,no,OK
/รับซื้อ/รับซื้อเครื่องเกม-ร้อยเอ็ด,service-x-location,309,NO,service-x-location,yes,no,OK
/รับซื้อ/รับซื้อเครื่องเกม-ศรีสะเกษ,service-x-location,296,NO,service-x-location,yes,no,OK
/รับซื้อ/รับซื้อเครื่องเกม-สกลนคร,service-x-location,310,NO,service-x-location,yes,no,OK
/รับซื้อ/รับซื้อเครื่องเกม-สุรินทร์,service-x-location,295,NO,service-x-location,yes,no,OK
/รับซื้อ/รับซื้อเครื่องเกม-หนองคาย,service-x-location,295,NO,service-x-location,yes,no,OK
/รับซื้อ/รับซื้อเครื่องเกม-หนองบัวลำภู,service-x-location,287,NO,service-x-location,yes,no,OK
/รับซื้อ/รับซื้อเครื่องเกม-อำนาจเจริญ,service-x-location,290,NO,service-x-location,yes,no,OK
/รับซื้อ/รับซื้อเครื่องเกม-อุดรธานี,service-x-location,297,NO,service-x-location,yes,no,OK
/รับซื้อ/รับซื้อเครื่องเกม-อุบลราชธานี,service-x-location,291,NO,service-x-location,yes,no,OK
/รับซื้อ/รับซื้อเครื่องเกม-เลย,service-x-location,303,NO,service-x-location,yes,no,OK
/รับซื้อ/รับซื้อเครื่องใช้ไฟฟ้า-กาฬสินธุ์,service-x-location,223,NO,service-x-location,yes,yes,OK
/รับซื้อ/รับซื้อเครื่องใช้ไฟฟ้า-ขอนแก่น,service-x-location,189,NO,service-x-location,yes,yes,OK
/รับซื้อ/รับซื้อเครื่องใช้ไฟฟ้า-ชัยภูมิ,service-x-location,190,NO,service-x-location,yes,yes,OK
/รับซื้อ/รับซื้อเครื่องใช้ไฟฟ้า-นครพนม,service-x-location,218,NO,service-x-location,yes,yes,OK
/รับซื้อ/รับซื้อเครื่องใช้ไฟฟ้า-นครราชสีมา,service-x-location,193,NO,service-x-location,yes,yes,OK
/รับซื้อ/รับซื้อเครื่องใช้ไฟฟ้า-บึงกาฬ,service-x-location,197,NO,service-x-location,yes,yes,OK
/รับซื้อ/รับซื้อเครื่องใช้ไฟฟ้า-บุรีรัมย์,service-x-location,226,NO,service-x-location,yes,yes,OK
/รับซื้อ/รับซื้อเครื่องใช้ไฟฟ้า-มหาสารคาม,service-x-location,183,NO,service-x-location,yes,yes,OK
/รับซื้อ/รับซื้อเครื่องใช้ไฟฟ้า-มุกดาหาร,service-x-location,198,NO,service-x-location,yes,yes,OK
/รับซื้อ/รับซื้อเครื่องใช้ไฟฟ้า-ยโสธร,service-x-location,221,NO,service-x-location,yes,yes,OK
/รับซื้อ/รับซื้อเครื่องใช้ไฟฟ้า-ร้อยเอ็ด,service-x-location,189,NO,service-x-location,yes,yes,OK
/รับซื้อ/รับซื้อเครื่องใช้ไฟฟ้า-ศรีสะเกษ,service-x-location,221,NO,service-x-location,yes,yes,OK
/รับซื้อ/รับซื้อเครื่องใช้ไฟฟ้า-สกลนคร,service-x-location,187,NO,service-x-location,yes,yes,OK
/รับซื้อ/รับซื้อเครื่องใช้ไฟฟ้า-สุรินทร์,service-x-location,197,NO,service-x-location,yes,yes,OK
/รับซื้อ/รับซื้อเครื่องใช้ไฟฟ้า-หนองคาย,service-x-location,223,NO,service-x-location,yes,yes,OK
/รับซื้อ/รับซื้อเครื่องใช้ไฟฟ้า-หนองบัวลำภู,service-x-location,181,NO,service-x-location,yes,yes,OK
/รับซื้อ/รับซื้อเครื่องใช้ไฟฟ้า-อำนาจเจริญ,service-x-location,182,NO,service-x-location,yes,yes,OK
/รับซื้อ/รับซื้อเครื่องใช้ไฟฟ้า-อุดรธานี,service-x-location,221,NO,service-x-location,yes,yes,OK
/รับซื้อ/รับซื้อเครื่องใช้ไฟฟ้า-อุบลราชธานี,service-x-location,181,NO,service-x-location,yes,no,OK
/รับซื้อ/รับซื้อเครื่องใช้ไฟฟ้า-เลย,service-x-location,188,NO,service-x-location,yes,yes,OK
/รับซื้อ/รับซื้อเฟอร์นิเจอร์-กาฬสินธุ์,service-x-location,121,YES,service-x-location,yes,no,OK
/รับซื้อ/รับซื้อเฟอร์นิเจอร์-ขอนแก่น,service-x-location,121,YES,service-x-location,yes,no,OK
/รับซื้อ/รับซื้อเฟอร์นิเจอร์-ชัยภูมิ,service-x-location,122,YES,service-x-location,yes,no,OK
/รับซื้อ/รับซื้อเฟอร์นิเจอร์-นครพนม,service-x-location,122,YES,service-x-location,yes,no,OK
/รับซื้อ/รับซื้อเฟอร์นิเจอร์-นครราชสีมา,service-x-location,122,YES,service-x-location,yes,no,OK
/รับซื้อ/รับซื้อเฟอร์นิเจอร์-บึงกาฬ,service-x-location,121,YES,service-x-location,yes,no,OK
/รับซื้อ/รับซื้อเฟอร์นิเจอร์-บุรีรัมย์,service-x-location,121,YES,service-x-location,yes,no,OK
/รับซื้อ/รับซื้อเฟอร์นิเจอร์-มหาสารคาม,service-x-location,122,YES,service-x-location,yes,no,OK
/รับซื้อ/รับซื้อเฟอร์นิเจอร์-มุกดาหาร,service-x-location,121,YES,service-x-location,yes,no,OK
/รับซื้อ/รับซื้อเฟอร์นิเจอร์-ยโสธร,service-x-location,121,YES,service-x-location,yes,no,OK
/รับซื้อ/รับซื้อเฟอร์นิเจอร์-ร้อยเอ็ด,service-x-location,122,YES,service-x-location,yes,no,OK
/รับซื้อ/รับซื้อเฟอร์นิเจอร์-ศรีสะเกษ,service-x-location,122,YES,service-x-location,yes,no,OK
/รับซื้อ/รับซื้อเฟอร์นิเจอร์-สกลนคร,service-x-location,122,YES,service-x-location,yes,no,OK
/รับซื้อ/รับซื้อเฟอร์นิเจอร์-สุรินทร์,service-x-location,120,YES,service-x-location,yes,no,OK
/รับซื้อ/รับซื้อเฟอร์นิเจอร์-หนองคาย,service-x-location,122,YES,service-x-location,yes,no,OK
/รับซื้อ/รับซื้อเฟอร์นิเจอร์-หนองบัวลำภู,service-x-location,120,YES,service-x-location,yes,no,OK
/รับซื้อ/รับซื้อเฟอร์นิเจอร์-อำนาจเจริญ,service-x-location,120,YES,service-x-location,yes,no,OK
/รับซื้อ/รับซื้อเฟอร์นิเจอร์-อุดรธานี,service-x-location,121,YES,service-x-location,yes,no,OK
/รับซื้อ/รับซื้อเฟอร์นิเจอร์-อุบลราชธานี,service-x-location,176,YES,service-x-location,yes,no,OK
/รับซื้อ/รับซื้อเฟอร์นิเจอร์-เลย,service-x-location,120,YES,service-x-location,yes,no,OK
/รับซื้อ/รับซื้อเมนบอร์ด-กาฬสินธุ์,service-x-location,304,NO,service-x-location,yes,no,OK
/รับซื้อ/รับซื้อเมนบอร์ด-ขอนแก่น,service-x-location,315,NO,service-x-location,yes,no,OK
/รับซื้อ/รับซื้อเมนบอร์ด-ชัยภูมิ,service-x-location,303,NO,service-x-location,yes,no,OK
/รับซื้อ/รับซื้อเมนบอร์ด-นครพนม,service-x-location,300,NO,service-x-location,yes,no,OK
/รับซื้อ/รับซื้อเมนบอร์ด-นครราชสีมา,service-x-location,322,NO,service-x-location,yes,no,OK
/รับซื้อ/รับซื้อเมนบอร์ด-บึงกาฬ,service-x-location,292,NO,service-x-location,yes,no,OK
/รับซื้อ/รับซื้อเมนบอร์ด-บุรีรัมย์,service-x-location,296,NO,service-x-location,yes,no,OK
/รับซื้อ/รับซื้อเมนบอร์ด-มหาสารคาม,service-x-location,296,NO,service-x-location,yes,no,OK
/รับซื้อ/รับซื้อเมนบอร์ด-มุกดาหาร,service-x-location,289,NO,service-x-location,yes,no,OK
/รับซื้อ/รับซื้อเมนบอร์ด-ยโสธร,service-x-location,293,NO,service-x-location,yes,no,OK
/รับซื้อ/รับซื้อเมนบอร์ด-ร้อยเอ็ด,service-x-location,307,NO,service-x-location,yes,no,OK
/รับซื้อ/รับซื้อเมนบอร์ด-ศรีสะเกษ,service-x-location,294,NO,service-x-location,yes,no,OK
/รับซื้อ/รับซื้อเมนบอร์ด-สกลนคร,service-x-location,308,NO,service-x-location,yes,no,OK
/รับซื้อ/รับซื้อเมนบอร์ด-สุรินทร์,service-x-location,293,NO,service-x-location,yes,no,OK
/รับซื้อ/รับซื้อเมนบอร์ด-หนองคาย,service-x-location,293,NO,service-x-location,yes,no,OK
/รับซื้อ/รับซื้อเมนบอร์ด-หนองบัวลำภู,service-x-location,285,NO,service-x-location,yes,no,OK
/รับซื้อ/รับซื้อเมนบอร์ด-อำนาจเจริญ,service-x-location,288,NO,service-x-location,yes,no,OK
/รับซื้อ/รับซื้อเมนบอร์ด-อุดรธานี,service-x-location,295,NO,service-x-location,yes,no,OK
/รับซื้อ/รับซื้อเมนบอร์ด-อุบลราชธานี,service-x-location,289,NO,service-x-location,yes,no,OK
/รับซื้อ/รับซื้อเมนบอร์ด-เลย,service-x-location,301,NO,service-x-location,yes,no,OK
/รับซื้อ/รับซื้อแท็บเล็ต-กาฬสินธุ์,service-x-location,305,NO,service-x-location,yes,no,OK
/รับซื้อ/รับซื้อแท็บเล็ต-ขอนแก่น,service-x-location,316,NO,service-x-location,yes,no,OK
/รับซื้อ/รับซื้อแท็บเล็ต-ชัยภูมิ,service-x-location,304,NO,service-x-location,yes,no,OK
/รับซื้อ/รับซื้อแท็บเล็ต-นครพนม,service-x-location,301,NO,service-x-location,yes,no,OK
/รับซื้อ/รับซื้อแท็บเล็ต-นครราชสีมา,service-x-location,323,NO,service-x-location,yes,no,OK
/รับซื้อ/รับซื้อแท็บเล็ต-บึงกาฬ,service-x-location,293,NO,service-x-location,yes,no,OK
/รับซื้อ/รับซื้อแท็บเล็ต-บุรีรัมย์,service-x-location,297,NO,service-x-location,yes,no,OK
/รับซื้อ/รับซื้อแท็บเล็ต-มหาสารคาม,service-x-location,297,NO,service-x-location,yes,no,OK
/รับซื้อ/รับซื้อแท็บเล็ต-มุกดาหาร,service-x-location,290,NO,service-x-location,yes,no,OK
/รับซื้อ/รับซื้อแท็บเล็ต-ยโสธร,service-x-location,294,NO,service-x-location,yes,no,OK
/รับซื้อ/รับซื้อแท็บเล็ต-ร้อยเอ็ด,service-x-location,308,NO,service-x-location,yes,no,OK
/รับซื้อ/รับซื้อแท็บเล็ต-ศรีสะเกษ,service-x-location,295,NO,service-x-location,yes,no,OK
/รับซื้อ/รับซื้อแท็บเล็ต-สกลนคร,service-x-location,309,NO,service-x-location,yes,no,OK
/รับซื้อ/รับซื้อแท็บเล็ต-สุรินทร์,service-x-location,294,NO,service-x-location,yes,no,OK
/รับซื้อ/รับซื้อแท็บเล็ต-หนองคาย,service-x-location,294,NO,service-x-location,yes,no,OK
/รับซื้อ/รับซื้อแท็บเล็ต-หนองบัวลำภู,service-x-location,286,NO,service-x-location,yes,no,OK
/รับซื้อ/รับซื้อแท็บเล็ต-อำนาจเจริญ,service-x-location,289,NO,service-x-location,yes,no,OK
/รับซื้อ/รับซื้อแท็บเล็ต-อุดรธานี,service-x-location,296,NO,service-x-location,yes,no,OK
/รับซื้อ/รับซื้อแท็บเล็ต-อุบลราชธานี,service-x-location,290,NO,service-x-location,yes,no,OK
/รับซื้อ/รับซื้อแท็บเล็ต-เลย,service-x-location,302,NO,service-x-location,yes,no,OK
/รับซื้อ/รับซื้อแรม-กาฬสินธุ์,service-x-location,307,NO,service-x-location,yes,no,OK
/รับซื้อ/รับซื้อแรม-ขอนแก่น,service-x-location,318,NO,service-x-location,yes,no,OK
/รับซื้อ/รับซื้อแรม-ชัยภูมิ,service-x-location,306,NO,service-x-location,yes,no,OK
/รับซื้อ/รับซื้อแรม-นครพนม,service-x-location,303,NO,service-x-location,yes,no,OK
/รับซื้อ/รับซื้อแรม-นครราชสีมา,service-x-location,325,NO,service-x-location,yes,no,OK
/รับซื้อ/รับซื้อแรม-บึงกาฬ,service-x-location,295,NO,service-x-location,yes,no,OK
/รับซื้อ/รับซื้อแรม-บุรีรัมย์,service-x-location,299,NO,service-x-location,yes,no,OK
/รับซื้อ/รับซื้อแรม-มหาสารคาม,service-x-location,299,NO,service-x-location,yes,no,OK
/รับซื้อ/รับซื้อแรม-มุกดาหาร,service-x-location,292,NO,service-x-location,yes,no,OK
/รับซื้อ/รับซื้อแรม-ยโสธร,service-x-location,296,NO,service-x-location,yes,no,OK
/รับซื้อ/รับซื้อแรม-ร้อยเอ็ด,service-x-location,310,NO,service-x-location,yes,no,OK
/รับซื้อ/รับซื้อแรม-ศรีสะเกษ,service-x-location,297,NO,service-x-location,yes,no,OK
/รับซื้อ/รับซื้อแรม-สกลนคร,service-x-location,311,NO,service-x-location,yes,no,OK
/รับซื้อ/รับซื้อแรม-สุรินทร์,service-x-location,296,NO,service-x-location,yes,no,OK
/รับซื้อ/รับซื้อแรม-หนองคาย,service-x-location,296,NO,service-x-location,yes,no,OK
/รับซื้อ/รับซื้อแรม-หนองบัวลำภู,service-x-location,288,NO,service-x-location,yes,no,OK
/รับซื้อ/รับซื้อแรม-อำนาจเจริญ,service-x-location,291,NO,service-x-location,yes,no,OK
/รับซื้อ/รับซื้อแรม-อุดรธานี,service-x-location,298,NO,service-x-location,yes,no,OK
/รับซื้อ/รับซื้อแรม-อุบลราชธานี,service-x-location,292,NO,service-x-location,yes,no,OK
/รับซื้อ/รับซื้อแรม-เลย,service-x-location,304,NO,service-x-location,yes,no,OK
/รับซื้อ/รับซื้อโดรน-กาฬสินธุ์,service-x-location,134,YES,service-x-location,yes,no,OK
/รับซื้อ/รับซื้อโดรน-ขอนแก่น,service-x-location,134,YES,service-x-location,yes,no,OK
/รับซื้อ/รับซื้อโดรน-ชัยภูมิ,service-x-location,135,YES,service-x-location,yes,no,OK
/รับซื้อ/รับซื้อโดรน-นครพนม,service-x-location,135,YES,service-x-location,yes,no,OK
/รับซื้อ/รับซื้อโดรน-นครราชสีมา,service-x-location,135,YES,service-x-location,yes,no,OK
/รับซื้อ/รับซื้อโดรน-บึงกาฬ,service-x-location,134,YES,service-x-location,yes,no,OK
/รับซื้อ/รับซื้อโดรน-บุรีรัมย์,service-x-location,134,YES,service-x-location,yes,no,OK
/รับซื้อ/รับซื้อโดรน-มหาสารคาม,service-x-location,135,YES,service-x-location,yes,no,OK
/รับซื้อ/รับซื้อโดรน-มุกดาหาร,service-x-location,134,YES,service-x-location,yes,no,OK
/รับซื้อ/รับซื้อโดรน-ยโสธร,service-x-location,134,YES,service-x-location,yes,no,OK
/รับซื้อ/รับซื้อโดรน-ร้อยเอ็ด,service-x-location,135,YES,service-x-location,yes,no,OK
/รับซื้อ/รับซื้อโดรน-ศรีสะเกษ,service-x-location,135,YES,service-x-location,yes,no,OK
/รับซื้อ/รับซื้อโดรน-สกลนคร,service-x-location,135,YES,service-x-location,yes,no,OK
/รับซื้อ/รับซื้อโดรน-สุรินทร์,service-x-location,133,YES,service-x-location,yes,no,OK
/รับซื้อ/รับซื้อโดรน-หนองคาย,service-x-location,135,YES,service-x-location,yes,no,OK
/รับซื้อ/รับซื้อโดรน-หนองบัวลำภู,service-x-location,133,YES,service-x-location,yes,no,OK
/รับซื้อ/รับซื้อโดรน-อำนาจเจริญ,service-x-location,133,YES,service-x-location,yes,no,OK
/รับซื้อ/รับซื้อโดรน-อุดรธานี,service-x-location,134,YES,service-x-location,yes,no,OK
/รับซื้อ/รับซื้อโดรน-อุบลราชธานี,service-x-location,170,YES,service-x-location,yes,no,OK
/รับซื้อ/รับซื้อโดรน-เลย,service-x-location,133,YES,service-x-location,yes,no,OK
/รับซื้อ/รับซื้อโน๊ตบุ๊ค-กาฬสินธุ์,service-x-location,309,NO,service-x-location,yes,no,OK
/รับซื้อ/รับซื้อโน๊ตบุ๊ค-ขอนแก่น,service-x-location,320,NO,service-x-location,yes,no,OK
/รับซื้อ/รับซื้อโน๊ตบุ๊ค-ชัยภูมิ,service-x-location,308,NO,service-x-location,yes,no,OK
/รับซื้อ/รับซื้อโน๊ตบุ๊ค-นครพนม,service-x-location,305,NO,service-x-location,yes,no,OK
/รับซื้อ/รับซื้อโน๊ตบุ๊ค-นครราชสีมา,service-x-location,327,NO,service-x-location,yes,no,OK
/รับซื้อ/รับซื้อโน๊ตบุ๊ค-บึงกาฬ,service-x-location,297,NO,service-x-location,yes,no,OK
/รับซื้อ/รับซื้อโน๊ตบุ๊ค-บุรีรัมย์,service-x-location,301,NO,service-x-location,yes,no,OK
/รับซื้อ/รับซื้อโน๊ตบุ๊ค-มหาสารคาม,service-x-location,301,NO,service-x-location,yes,no,OK
/รับซื้อ/รับซื้อโน๊ตบุ๊ค-มุกดาหาร,service-x-location,294,NO,service-x-location,yes,no,OK
/รับซื้อ/รับซื้อโน๊ตบุ๊ค-ยโสธร,service-x-location,298,NO,service-x-location,yes,no,OK
/รับซื้อ/รับซื้อโน๊ตบุ๊ค-ร้อยเอ็ด,service-x-location,312,NO,service-x-location,yes,no,OK
/รับซื้อ/รับซื้อโน๊ตบุ๊ค-ศรีสะเกษ,service-x-location,299,NO,service-x-location,yes,no,OK
/รับซื้อ/รับซื้อโน๊ตบุ๊ค-สกลนคร,service-x-location,313,NO,service-x-location,yes,no,OK
/รับซื้อ/รับซื้อโน๊ตบุ๊ค-สุรินทร์,service-x-location,298,NO,service-x-location,yes,no,OK
/รับซื้อ/รับซื้อโน๊ตบุ๊ค-หนองคาย,service-x-location,298,NO,service-x-location,yes,no,OK
/รับซื้อ/รับซื้อโน๊ตบุ๊ค-หนองบัวลำภู,service-x-location,290,NO,service-x-location,yes,no,OK
/รับซื้อ/รับซื้อโน๊ตบุ๊ค-อำนาจเจริญ,service-x-location,293,NO,service-x-location,yes,no,OK
/รับซื้อ/รับซื้อโน๊ตบุ๊ค-อุดรธานี,service-x-location,300,NO,service-x-location,yes,no,OK
/รับซื้อ/รับซื้อโน๊ตบุ๊ค-อุบลราชธานี,service-x-location,261,NO,service-x-location,yes,no,OK
/รับซื้อ/รับซื้อโน๊ตบุ๊ค-เลย,service-x-location,306,NO,service-x-location,yes,no,OK
/รับซื้อ/รับซื้อโน๊ตบุ๊คเกมมิ่ง-กาฬสินธุ์,service-x-location,310,NO,service-x-location,yes,no,OK
/รับซื้อ/รับซื้อโน๊ตบุ๊คเกมมิ่ง-ขอนแก่น,service-x-location,321,NO,service-x-location,yes,no,OK
/รับซื้อ/รับซื้อโน๊ตบุ๊คเกมมิ่ง-ชัยภูมิ,service-x-location,309,NO,service-x-location,yes,no,OK
/รับซื้อ/รับซื้อโน๊ตบุ๊คเกมมิ่ง-นครพนม,service-x-location,306,NO,service-x-location,yes,no,OK
/รับซื้อ/รับซื้อโน๊ตบุ๊คเกมมิ่ง-นครราชสีมา,service-x-location,328,NO,service-x-location,yes,no,OK
/รับซื้อ/รับซื้อโน๊ตบุ๊คเกมมิ่ง-บึงกาฬ,service-x-location,298,NO,service-x-location,yes,no,OK
/รับซื้อ/รับซื้อโน๊ตบุ๊คเกมมิ่ง-บุรีรัมย์,service-x-location,302,NO,service-x-location,yes,no,OK
/รับซื้อ/รับซื้อโน๊ตบุ๊คเกมมิ่ง-มหาสารคาม,service-x-location,302,NO,service-x-location,yes,no,OK
/รับซื้อ/รับซื้อโน๊ตบุ๊คเกมมิ่ง-มุกดาหาร,service-x-location,295,NO,service-x-location,yes,no,OK
/รับซื้อ/รับซื้อโน๊ตบุ๊คเกมมิ่ง-ยโสธร,service-x-location,299,NO,service-x-location,yes,no,OK
/รับซื้อ/รับซื้อโน๊ตบุ๊คเกมมิ่ง-ร้อยเอ็ด,service-x-location,313,NO,service-x-location,yes,no,OK
/รับซื้อ/รับซื้อโน๊ตบุ๊คเกมมิ่ง-ศรีสะเกษ,service-x-location,300,NO,service-x-location,yes,no,OK
/รับซื้อ/รับซื้อโน๊ตบุ๊คเกมมิ่ง-สกลนคร,service-x-location,314,NO,service-x-location,yes,no,OK
/รับซื้อ/รับซื้อโน๊ตบุ๊คเกมมิ่ง-สุรินทร์,service-x-location,299,NO,service-x-location,yes,no,OK
/รับซื้อ/รับซื้อโน๊ตบุ๊คเกมมิ่ง-หนองคาย,service-x-location,299,NO,service-x-location,yes,no,OK
/รับซื้อ/รับซื้อโน๊ตบุ๊คเกมมิ่ง-หนองบัวลำภู,service-x-location,291,NO,service-x-location,yes,no,OK
/รับซื้อ/รับซื้อโน๊ตบุ๊คเกมมิ่ง-อำนาจเจริญ,service-x-location,294,NO,service-x-location,yes,no,OK
/รับซื้อ/รับซื้อโน๊ตบุ๊คเกมมิ่ง-อุดรธานี,service-x-location,301,NO,service-x-location,yes,no,OK
/รับซื้อ/รับซื้อโน๊ตบุ๊คเกมมิ่ง-อุบลราชธานี,service-x-location,295,NO,service-x-location,yes,no,OK
/รับซื้อ/รับซื้อโน๊ตบุ๊คเกมมิ่ง-เลย,service-x-location,307,NO,service-x-location,yes,no,OK
/รับซื้อ/รับซื้อโน๊ตบุ๊คเสีย-กาฬสินธุ์,service-x-location,308,NO,service-x-location,yes,no,OK
/รับซื้อ/รับซื้อโน๊ตบุ๊คเสีย-ขอนแก่น,service-x-location,319,NO,service-x-location,yes,no,OK
/รับซื้อ/รับซื้อโน๊ตบุ๊คเสีย-ชัยภูมิ,service-x-location,307,NO,service-x-location,yes,no,OK
/รับซื้อ/รับซื้อโน๊ตบุ๊คเสีย-นครพนม,service-x-location,304,NO,service-x-location,yes,no,OK
/รับซื้อ/รับซื้อโน๊ตบุ๊คเสีย-นครราชสีมา,service-x-location,326,NO,service-x-location,yes,no,OK
/รับซื้อ/รับซื้อโน๊ตบุ๊คเสีย-บึงกาฬ,service-x-location,296,NO,service-x-location,yes,no,OK
/รับซื้อ/รับซื้อโน๊ตบุ๊คเสีย-บุรีรัมย์,service-x-location,300,NO,service-x-location,yes,no,OK
/รับซื้อ/รับซื้อโน๊ตบุ๊คเสีย-มหาสารคาม,service-x-location,300,NO,service-x-location,yes,no,OK
/รับซื้อ/รับซื้อโน๊ตบุ๊คเสีย-มุกดาหาร,service-x-location,293,NO,service-x-location,yes,no,OK
/รับซื้อ/รับซื้อโน๊ตบุ๊คเสีย-ยโสธร,service-x-location,297,NO,service-x-location,yes,no,OK
/รับซื้อ/รับซื้อโน๊ตบุ๊คเสีย-ร้อยเอ็ด,service-x-location,311,NO,service-x-location,yes,no,OK
/รับซื้อ/รับซื้อโน๊ตบุ๊คเสีย-ศรีสะเกษ,service-x-location,298,NO,service-x-location,yes,no,OK
/รับซื้อ/รับซื้อโน๊ตบุ๊คเสีย-สกลนคร,service-x-location,312,NO,service-x-location,yes,no,OK
/รับซื้อ/รับซื้อโน๊ตบุ๊คเสีย-สุรินทร์,service-x-location,297,NO,service-x-location,yes,no,OK
/รับซื้อ/รับซื้อโน๊ตบุ๊คเสีย-หนองคาย,service-x-location,297,NO,service-x-location,yes,no,OK
/รับซื้อ/รับซื้อโน๊ตบุ๊คเสีย-หนองบัวลำภู,service-x-location,289,NO,service-x-location,yes,no,OK
/รับซื้อ/รับซื้อโน๊ตบุ๊คเสีย-อำนาจเจริญ,service-x-location,292,NO,service-x-location,yes,no,OK
/รับซื้อ/รับซื้อโน๊ตบุ๊คเสีย-อุดรธานี,service-x-location,299,NO,service-x-location,yes,no,OK
/รับซื้อ/รับซื้อโน๊ตบุ๊คเสีย-อุบลราชธานี,service-x-location,293,NO,service-x-location,yes,no,OK
/รับซื้อ/รับซื้อโน๊ตบุ๊คเสีย-เลย,service-x-location,305,NO,service-x-location,yes,no,OK
/รับซื้อ/รับเหมาประมูลอุปกรณ์ไอที-กาฬสินธุ์,service-x-location,122,YES,service-x-location,yes,no,OK
/รับซื้อ/รับเหมาประมูลอุปกรณ์ไอที-ขอนแก่น,service-x-location,122,YES,service-x-location,yes,no,OK
/รับซื้อ/รับเหมาประมูลอุปกรณ์ไอที-ชัยภูมิ,service-x-location,123,YES,service-x-location,yes,no,OK
/รับซื้อ/รับเหมาประมูลอุปกรณ์ไอที-นครพนม,service-x-location,123,YES,service-x-location,yes,no,OK
/รับซื้อ/รับเหมาประมูลอุปกรณ์ไอที-นครราชสีมา,service-x-location,123,YES,service-x-location,yes,no,OK
/รับซื้อ/รับเหมาประมูลอุปกรณ์ไอที-บึงกาฬ,service-x-location,122,YES,service-x-location,yes,no,OK
/รับซื้อ/รับเหมาประมูลอุปกรณ์ไอที-บุรีรัมย์,service-x-location,122,YES,service-x-location,yes,no,OK
/รับซื้อ/รับเหมาประมูลอุปกรณ์ไอที-มหาสารคาม,service-x-location,123,YES,service-x-location,yes,no,OK
/รับซื้อ/รับเหมาประมูลอุปกรณ์ไอที-มุกดาหาร,service-x-location,122,YES,service-x-location,yes,no,OK
/รับซื้อ/รับเหมาประมูลอุปกรณ์ไอที-ยโสธร,service-x-location,122,YES,service-x-location,yes,no,OK
/รับซื้อ/รับเหมาประมูลอุปกรณ์ไอที-ร้อยเอ็ด,service-x-location,123,YES,service-x-location,yes,no,OK
/รับซื้อ/รับเหมาประมูลอุปกรณ์ไอที-ศรีสะเกษ,service-x-location,123,YES,service-x-location,yes,no,OK
/รับซื้อ/รับเหมาประมูลอุปกรณ์ไอที-สกลนคร,service-x-location,123,YES,service-x-location,yes,no,OK
/รับซื้อ/รับเหมาประมูลอุปกรณ์ไอที-สุรินทร์,service-x-location,121,YES,service-x-location,yes,no,OK
/รับซื้อ/รับเหมาประมูลอุปกรณ์ไอที-หนองคาย,service-x-location,123,YES,service-x-location,yes,no,OK
/รับซื้อ/รับเหมาประมูลอุปกรณ์ไอที-หนองบัวลำภู,service-x-location,121,YES,service-x-location,yes,no,OK
/รับซื้อ/รับเหมาประมูลอุปกรณ์ไอที-อำนาจเจริญ,service-x-location,121,YES,service-x-location,yes,no,OK
/รับซื้อ/รับเหมาประมูลอุปกรณ์ไอที-อุดรธานี,service-x-location,122,YES,service-x-location,yes,no,OK
/รับซื้อ/รับเหมาประมูลอุปกรณ์ไอที-อุบลราชธานี,service-x-location,119,YES,service-x-location,yes,no,REVIEW
/รับซื้อ/รับเหมาประมูลอุปกรณ์ไอที-เลย,service-x-location,121,YES,service-x-location,yes,no,OK
/รับซื้อสินค้าไอที,other,2588,NO,other,yes,no,OK
/วิธีการรับซื้อ,other,202,NO,other,yes,no,OK
