url,province,region,existing_province_data_source,verified_district_names,existing_location_context,safe_local_facts,facts_not_verified,allowed_in_content
/รับซื้อ/รับซื้อเครื่องใช้ไฟฟ้า-กาฬสินธุ์,กาฬสินธุ์,อีสาน,scripts/data/province-districts.json,เมืองกาฬสินธุ์|กมลาไสย|กุฉินารายณ์,areaSlug + location hub page,ชื่อจังหวัด; อำเภอตัวอย่างจาก dataset; ลิงก์ /พื้นที่ให้บริการ/กาฬสินธุ์,ระยะทาง;จุดนัดรับ;ทีมพื้นที่;ความถี่เข้าพื้นที่,yes — districts as notify-examples only
/รับซื้อ/รับซื้อเครื่องใช้ไฟฟ้า-ขอนแก่น,ขอนแก่น,อีสาน,scripts/data/province-districts.json,เมืองขอนแก่น|พระยืน|ชุมแพ,areaSlug + location hub page,ชื่อจังหวัด; อำเภอตัวอย่างจาก dataset; ลิงก์ /พื้นที่ให้บริการ/ขอนแก่น,ระยะทาง;จุดนัดรับ;ทีมพื้นที่;ความถี่เข้าพื้นที่,yes — districts as notify-examples only
/รับซื้อ/รับซื้อเครื่องใช้ไฟฟ้า-ชัยภูมิ,ชัยภูมิ,อีสาน,scripts/data/province-districts.json,เมืองชัยภูมิ|คอนสวรรค์|หนองบัวแดง,areaSlug + location hub page,ชื่อจังหวัด; อำเภอตัวอย่างจาก dataset; ลิงก์ /พื้นที่ให้บริการ/ชัยภูมิ,ระยะทาง;จุดนัดรับ;ทีมพื้นที่;ความถี่เข้าพื้นที่,yes — districts as notify-examples only
/รับซื้อ/รับซื้อเครื่องใช้ไฟฟ้า-นครพนม,นครพนม,อีสาน,scripts/data/province-districts.json,เมืองนครพนม|ท่าอุเทน|ธาตุพนม,areaSlug + location hub page,ชื่อจังหวัด; อำเภอตัวอย่างจาก dataset; ลิงก์ /พื้นที่ให้บริการ/นครพนม,ระยะทาง;จุดนัดรับ;ทีมพื้นที่;ความถี่เข้าพื้นที่,yes — districts as notify-examples only
/รับซื้อ/รับซื้อเครื่องใช้ไฟฟ้า-นครราชสีมา,นครราชสีมา,อีสาน,scripts/data/province-districts.json,เมืองนครราชสีมา|เสิงสาง|บ้านเหลื่อม,areaSlug + location hub page,ชื่อจังหวัด; อำเภอตัวอย่างจาก dataset; ลิงก์ /พื้นที่ให้บริการ/นครราชสีมา,ระยะทาง;จุดนัดรับ;ทีมพื้นที่;ความถี่เข้าพื้นที่,yes — districts as notify-examples only
/รับซื้อ/รับซื้อเครื่องใช้ไฟฟ้า-บึงกาฬ,บึงกาฬ,อีสาน,scripts/data/province-districts.json,เมืองบึงกาฬ|โซ่พิสัย|ปากคาด,areaSlug + location hub page,ชื่อจังหวัด; อำเภอตัวอย่างจาก dataset; ลิงก์ /พื้นที่ให้บริการ/บึงกาฬ,ระยะทาง;จุดนัดรับ;ทีมพื้นที่;ความถี่เข้าพื้นที่,yes — districts as notify-examples only
/รับซื้อ/รับซื้อเครื่องใช้ไฟฟ้า-บุรีรัมย์,บุรีรัมย์,อีสาน,scripts/data/province-districts.json,เมืองบุรีรัมย์|กระสัง|หนองกี่,areaSlug + location hub page,ชื่อจังหวัด; อำเภอตัวอย่างจาก dataset; ลิงก์ /พื้นที่ให้บริการ/บุรีรัมย์,ระยะทาง;จุดนัดรับ;ทีมพื้นที่;ความถี่เข้าพื้นที่,yes — districts as notify-examples only
/รับซื้อ/รับซื้อเครื่องใช้ไฟฟ้า-มหาสารคาม,มหาสารคาม,อีสาน,scripts/data/province-districts.json,เมืองมหาสารคาม|โกสุมพิสัย|เชียงยืน,areaSlug + location hub page,ชื่อจังหวัด; อำเภอตัวอย่างจาก dataset; ลิงก์ /พื้นที่ให้บริการ/มหาสารคาม,ระยะทาง;จุดนัดรับ;ทีมพื้นที่;ความถี่เข้าพื้นที่,yes — districts as notify-examples only
/รับซื้อ/รับซื้อเครื่องใช้ไฟฟ้า-มุกดาหาร,มุกดาหาร,อีสาน,scripts/data/province-districts.json,เมืองมุกดาหาร|ดอนตาล|คำชะอี,areaSlug + location hub page,ชื่อจังหวัด; อำเภอตัวอย่างจาก dataset; ลิงก์ /พื้นที่ให้บริการ/มุกดาหาร,ระยะทาง;จุดนัดรับ;ทีมพื้นที่;ความถี่เข้าพื้นที่,yes — districts as notify-examples only
/รับซื้อ/รับซื้อเครื่องใช้ไฟฟ้า-ยโสธร,ยโสธร,อีสาน,scripts/data/province-districts.json,เมืองยโสธร|กุดชุม|ป่าติ้ว,areaSlug + location hub page,ชื่อจังหวัด; อำเภอตัวอย่างจาก dataset; ลิงก์ /พื้นที่ให้บริการ/ยโสธร,ระยะทาง;จุดนัดรับ;ทีมพื้นที่;ความถี่เข้าพื้นที่,yes — districts as notify-examples only
/รับซื้อ/รับซื้อเครื่องใช้ไฟฟ้า-ร้อยเอ็ด,ร้อยเอ็ด,อีสาน,scripts/data/province-districts.json,เมืองร้อยเอ็ด|ปทุมรัตต์|ธวัชบุรี,areaSlug + location hub page,ชื่อจังหวัด; อำเภอตัวอย่างจาก dataset; ลิงก์ /พื้นที่ให้บริการ/ร้อยเอ็ด,ระยะทาง;จุดนัดรับ;ทีมพื้นที่;ความถี่เข้าพื้นที่,yes — districts as notify-examples only
/รับซื้อ/รับซื้อเครื่องใช้ไฟฟ้า-เลย,เลย,อีสาน,scripts/data/province-districts.json,เมืองเลย|เชียงคาน|ด่านซ้าย,areaSlug + location hub page,ชื่อจังหวัด; อำเภอตัวอย่างจาก dataset; ลิงก์ /พื้นที่ให้บริการ/เลย,ระยะทาง;จุดนัดรับ;ทีมพื้นที่;ความถี่เข้าพื้นที่,yes — districts as notify-examples only
/รับซื้อ/รับซื้อเครื่องใช้ไฟฟ้า-ศรีสะเกษ,ศรีสะเกษ,อีสาน,scripts/data/province-districts.json,เมืองศรีสะเกษ|กันทรารมย์|ปรางค์กู่,areaSlug + location hub page,ชื่อจังหวัด; อำเภอตัวอย่างจาก dataset; ลิงก์ /พื้นที่ให้บริการ/ศรีสะเกษ,ระยะทาง;จุดนัดรับ;ทีมพื้นที่;ความถี่เข้าพื้นที่,yes — districts as notify-examples only
/รับซื้อ/รับซื้อเครื่องใช้ไฟฟ้า-สกลนคร,สกลนคร,อีสาน,scripts/data/province-districts.json,เมืองสกลนคร|กุดบาก|พังโคน,areaSlug + location hub page,ชื่อจังหวัด; อำเภอตัวอย่างจาก dataset; ลิงก์ /พื้นที่ให้บริการ/สกลนคร,ระยะทาง;จุดนัดรับ;ทีมพื้นที่;ความถี่เข้าพื้นที่,yes — districts as notify-examples only
/รับซื้อ/รับซื้อเครื่องใช้ไฟฟ้า-สุรินทร์,สุรินทร์,อีสาน,scripts/data/province-districts.json,เมืองสุรินทร์|ท่าตูม|ปราสาท,areaSlug + location hub page,ชื่อจังหวัด; อำเภอตัวอย่างจาก dataset; ลิงก์ /พื้นที่ให้บริการ/สุรินทร์,ระยะทาง;จุดนัดรับ;ทีมพื้นที่;ความถี่เข้าพื้นที่,yes — districts as notify-examples only
/รับซื้อ/รับซื้อเครื่องใช้ไฟฟ้า-หนองคาย,หนองคาย,อีสาน,scripts/data/province-districts.json,เมืองหนองคาย|โพนพิสัย|สังคม,areaSlug + location hub page,ชื่อจังหวัด; อำเภอตัวอย่างจาก dataset; ลิงก์ /พื้นที่ให้บริการ/หนองคาย,ระยะทาง;จุดนัดรับ;ทีมพื้นที่;ความถี่เข้าพื้นที่,yes — districts as notify-examples only
/รับซื้อ/รับซื้อเครื่องใช้ไฟฟ้า-หนองบัวลำภู,หนองบัวลำภู,อีสาน,scripts/data/province-districts.json,เมืองหนองบัวลำภู|โนนสัง|สุวรรณคูหา,areaSlug + location hub page,ชื่อจังหวัด; อำเภอตัวอย่างจาก dataset; ลิงก์ /พื้นที่ให้บริการ/หนองบัวลำภู,ระยะทาง;จุดนัดรับ;ทีมพื้นที่;ความถี่เข้าพื้นที่,yes — districts as notify-examples only
/รับซื้อ/รับซื้อเครื่องใช้ไฟฟ้า-อำนาจเจริญ,อำนาจเจริญ,อีสาน,scripts/data/province-districts.json,เมืองอำนาจเจริญ|ปทุมราชวงศา|เสนางคนิคม,areaSlug + location hub page,ชื่อจังหวัด; อำเภอตัวอย่างจาก dataset; ลิงก์ /พื้นที่ให้บริการ/อำนาจเจริญ,ระยะทาง;จุดนัดรับ;ทีมพื้นที่;ความถี่เข้าพื้นที่,yes — districts as notify-examples only
/รับซื้อ/รับซื้อเครื่องใช้ไฟฟ้า-อุดรธานี,อุดรธานี,อีสาน,scripts/data/province-districts.json,เมืองอุดรธานี|หนองหาน|บ้านผือ,areaSlug + location hub page,ชื่อจังหวัด; อำเภอตัวอย่างจาก dataset; ลิงก์ /พื้นที่ให้บริการ/อุดรธานี,ระยะทาง;จุดนัดรับ;ทีมพื้นที่;ความถี่เข้าพื้นที่,yes — districts as notify-examples only
