rule_index,source,destination_before,destination_after,logical_before,logical_after,contains_raw_unicode_before,contains_raw_unicode_after,double_encoded,status_code_before,status_code_after,rule_order_before,rule_order_after,query_preserved,result
0,/บริการ/รับซื้อ-gopro,/บริการ/รับซื้อ-gopro-action-camera,/%E0%B8%9A%E0%B8%A3%E0%B8%B4%E0%B8%81%E0%B8%B2%E0%B8%A3/%E0%B8%A3%E0%B8%B1%E0%B8%9A%E0%B8%8B%E0%B8%B7%E0%B9%89%E0%B8%AD-gopro-action-camera,/บริการ/รับซื้อ-gopro-action-camera,/บริการ/รับซื้อ-gopro-action-camera,yes,no,no,308,308,0,0,yes,PASS
1,/%E0%B8%9A%E0%B8%A3%E0%B8%B4%E0%B8%81%E0%B8%B2%E0%B8%A3/%E0%B8%A3%E0%B8%B1%E0%B8%9A%E0%B8%8B%E0%B8%B7%E0%B9%89%E0%B8%AD-gopro,/บริการ/รับซื้อ-gopro-action-camera,/%E0%B8%9A%E0%B8%A3%E0%B8%B4%E0%B8%81%E0%B8%B2%E0%B8%A3/%E0%B8%A3%E0%B8%B1%E0%B8%9A%E0%B8%8B%E0%B8%B7%E0%B9%89%E0%B8%AD-gopro-action-camera,/บริการ/รับซื้อ-gopro-action-camera,/บริการ/รับซื้อ-gopro-action-camera,yes,no,no,308,308,1,1,yes,PASS
2,/blog/how-to-reset-playstation,/blog,/blog,/blog,/blog,no,no,no,308,308,2,2,yes,PASS
3,/blog/check-nintendo-joycon,/blog,/blog,/blog,/blog,no,no,no,308,308,3,3,yes,PASS
4,/บริการ/รับซื้อโน๊ตบุ๊คเปิดไม่ติด/,/บริการ/รับซื้อโน๊ตบุ๊คเปิดไม่ติด,/%E0%B8%9A%E0%B8%A3%E0%B8%B4%E0%B8%81%E0%B8%B2%E0%B8%A3/%E0%B8%A3%E0%B8%B1%E0%B8%9A%E0%B8%8B%E0%B8%B7%E0%B9%89%E0%B8%AD%E0%B9%82%E0%B8%99%E0%B9%8A%E0%B8%95%E0%B8%9A%E0%B8%B8%E0%B9%8A%E0%B8%84%E0%B9%80%E0%B8%9B%E0%B8%B4%E0%B8%94%E0%B9%84%E0%B8%A1%E0%B9%88%E0%B8%95%E0%B8%B4%E0%B8%94,/บริการ/รับซื้อโน๊ตบุ๊คเปิดไม่ติด,/บริการ/รับซื้อโน๊ตบุ๊คเปิดไม่ติด,yes,no,no,308,308,4,4,yes,PASS
5,/บริการ/รับซื้อเลนส์,/บริการ/รับซื้อเลนส์กล้อง,/%E0%B8%9A%E0%B8%A3%E0%B8%B4%E0%B8%81%E0%B8%B2%E0%B8%A3/%E0%B8%A3%E0%B8%B1%E0%B8%9A%E0%B8%8B%E0%B8%B7%E0%B9%89%E0%B8%AD%E0%B9%80%E0%B8%A5%E0%B8%99%E0%B8%AA%E0%B9%8C%E0%B8%81%E0%B8%A5%E0%B9%89%E0%B8%AD%E0%B8%87,/บริการ/รับซื้อเลนส์กล้อง,/บริการ/รับซื้อเลนส์กล้อง,yes,no,no,308,308,5,5,yes,PASS
6,/%E0%B8%9A%E0%B8%A3%E0%B8%B4%E0%B8%81%E0%B8%B2%E0%B8%A3/%E0%B8%A3%E0%B8%B1%E0%B8%9A%E0%B8%8B%E0%B8%B7%E0%B9%89%E0%B8%AD%E0%B9%80%E0%B8%A5%E0%B8%99%E0%B8%AA%E0%B9%8C,/บริการ/รับซื้อเลนส์กล้อง,/%E0%B8%9A%E0%B8%A3%E0%B8%B4%E0%B8%81%E0%B8%B2%E0%B8%A3/%E0%B8%A3%E0%B8%B1%E0%B8%9A%E0%B8%8B%E0%B8%B7%E0%B9%89%E0%B8%AD%E0%B9%80%E0%B8%A5%E0%B8%99%E0%B8%AA%E0%B9%8C%E0%B8%81%E0%B8%A5%E0%B9%89%E0%B8%AD%E0%B8%87,/บริการ/รับซื้อเลนส์กล้อง,/บริการ/รับซื้อเลนส์กล้อง,yes,no,no,308,308,6,6,yes,PASS
7,/บริการ/รับซื้อ-hdd,/บริการ/รับซื้อ-ssd,/%E0%B8%9A%E0%B8%A3%E0%B8%B4%E0%B8%81%E0%B8%B2%E0%B8%A3/%E0%B8%A3%E0%B8%B1%E0%B8%9A%E0%B8%8B%E0%B8%B7%E0%B9%89%E0%B8%AD-ssd,/บริการ/รับซื้อ-ssd,/บริการ/รับซื้อ-ssd,yes,no,no,308,308,7,7,yes,PASS
8,/%E0%B8%9A%E0%B8%A3%E0%B8%B4%E0%B8%81%E0%B8%B2%E0%B8%A3/%E0%B8%A3%E0%B8%B1%E0%B8%9A%E0%B8%8B%E0%B8%B7%E0%B9%89%E0%B8%AD-hdd,/บริการ/รับซื้อ-ssd,/%E0%B8%9A%E0%B8%A3%E0%B8%B4%E0%B8%81%E0%B8%B2%E0%B8%A3/%E0%B8%A3%E0%B8%B1%E0%B8%9A%E0%B8%8B%E0%B8%B7%E0%B9%89%E0%B8%AD-ssd,/บริการ/รับซื้อ-ssd,/บริการ/รับซื้อ-ssd,yes,no,no,308,308,8,8,yes,PASS
9,/บริการ/รับซื้อ-storage-nas,/บริการ/รับซื้อ-nas,/%E0%B8%9A%E0%B8%A3%E0%B8%B4%E0%B8%81%E0%B8%B2%E0%B8%A3/%E0%B8%A3%E0%B8%B1%E0%B8%9A%E0%B8%8B%E0%B8%B7%E0%B9%89%E0%B8%AD-nas,/บริการ/รับซื้อ-nas,/บริการ/รับซื้อ-nas,yes,no,no,308,308,9,9,yes,PASS
10,/%E0%B8%9A%E0%B8%A3%E0%B8%B4%E0%B8%81%E0%B8%B2%E0%B8%A3/%E0%B8%A3%E0%B8%B1%E0%B8%9A%E0%B8%8B%E0%B8%B7%E0%B9%89%E0%B8%AD-storage-nas,/บริการ/รับซื้อ-nas,/%E0%B8%9A%E0%B8%A3%E0%B8%B4%E0%B8%81%E0%B8%B2%E0%B8%A3/%E0%B8%A3%E0%B8%B1%E0%B8%9A%E0%B8%8B%E0%B8%B7%E0%B9%89%E0%B8%AD-nas,/บริการ/รับซื้อ-nas,/บริการ/รับซื้อ-nas,yes,no,no,308,308,10,10,yes,PASS
11,/รับซื้อ/รับซื้อ-hdd,/บริการ/รับซื้อ-ssd,/%E0%B8%9A%E0%B8%A3%E0%B8%B4%E0%B8%81%E0%B8%B2%E0%B8%A3/%E0%B8%A3%E0%B8%B1%E0%B8%9A%E0%B8%8B%E0%B8%B7%E0%B9%89%E0%B8%AD-ssd,/บริการ/รับซื้อ-ssd,/บริการ/รับซื้อ-ssd,yes,no,no,308,308,11,11,yes,PASS
12,/%E0%B8%A3%E0%B8%B1%E0%B8%9A%E0%B8%8B%E0%B8%B7%E0%B9%89%E0%B8%AD/%E0%B8%A3%E0%B8%B1%E0%B8%9A%E0%B8%8B%E0%B8%B7%E0%B9%89%E0%B8%AD-hdd,/บริการ/รับซื้อ-ssd,/%E0%B8%9A%E0%B8%A3%E0%B8%B4%E0%B8%81%E0%B8%B2%E0%B8%A3/%E0%B8%A3%E0%B8%B1%E0%B8%9A%E0%B8%8B%E0%B8%B7%E0%B9%89%E0%B8%AD-ssd,/บริการ/รับซื้อ-ssd,/บริการ/รับซื้อ-ssd,yes,no,no,308,308,12,12,yes,PASS
13,/รับซื้อ/รับซื้อ-gopro,/บริการ/รับซื้อ-gopro-action-camera,/%E0%B8%9A%E0%B8%A3%E0%B8%B4%E0%B8%81%E0%B8%B2%E0%B8%A3/%E0%B8%A3%E0%B8%B1%E0%B8%9A%E0%B8%8B%E0%B8%B7%E0%B9%89%E0%B8%AD-gopro-action-camera,/บริการ/รับซื้อ-gopro-action-camera,/บริการ/รับซื้อ-gopro-action-camera,yes,no,no,308,308,13,13,yes,PASS
14,/%E0%B8%A3%E0%B8%B1%E0%B8%9A%E0%B8%8B%E0%B8%B7%E0%B9%89%E0%B8%AD/%E0%B8%A3%E0%B8%B1%E0%B8%9A%E0%B8%8B%E0%B8%B7%E0%B9%89%E0%B8%AD-gopro,/บริการ/รับซื้อ-gopro-action-camera,/%E0%B8%9A%E0%B8%A3%E0%B8%B4%E0%B8%81%E0%B8%B2%E0%B8%A3/%E0%B8%A3%E0%B8%B1%E0%B8%9A%E0%B8%8B%E0%B8%B7%E0%B9%89%E0%B8%AD-gopro-action-camera,/บริการ/รับซื้อ-gopro-action-camera,/บริการ/รับซื้อ-gopro-action-camera,yes,no,no,308,308,14,14,yes,PASS
15,/รับซื้อ/รับซื้อเลนส์,/บริการ/รับซื้อเลนส์กล้อง,/%E0%B8%9A%E0%B8%A3%E0%B8%B4%E0%B8%81%E0%B8%B2%E0%B8%A3/%E0%B8%A3%E0%B8%B1%E0%B8%9A%E0%B8%8B%E0%B8%B7%E0%B9%89%E0%B8%AD%E0%B9%80%E0%B8%A5%E0%B8%99%E0%B8%AA%E0%B9%8C%E0%B8%81%E0%B8%A5%E0%B9%89%E0%B8%AD%E0%B8%87,/บริการ/รับซื้อเลนส์กล้อง,/บริการ/รับซื้อเลนส์กล้อง,yes,no,no,308,308,15,15,yes,PASS
16,/%E0%B8%A3%E0%B8%B1%E0%B8%9A%E0%B8%8B%E0%B8%B7%E0%B9%89%E0%B8%AD/%E0%B8%A3%E0%B8%B1%E0%B8%9A%E0%B8%8B%E0%B8%B7%E0%B9%89%E0%B8%AD%E0%B9%80%E0%B8%A5%E0%B8%99%E0%B8%AA%E0%B9%8C,/บริการ/รับซื้อเลนส์กล้อง,/%E0%B8%9A%E0%B8%A3%E0%B8%B4%E0%B8%81%E0%B8%B2%E0%B8%A3/%E0%B8%A3%E0%B8%B1%E0%B8%9A%E0%B8%8B%E0%B8%B7%E0%B9%89%E0%B8%AD%E0%B9%80%E0%B8%A5%E0%B8%99%E0%B8%AA%E0%B9%8C%E0%B8%81%E0%B8%A5%E0%B9%89%E0%B8%AD%E0%B8%87,/บริการ/รับซื้อเลนส์กล้อง,/บริการ/รับซื้อเลนส์กล้อง,yes,no,no,308,308,16,16,yes,PASS
17,/รับซื้อ/รับซื้อ-storage-nas,/บริการ/รับซื้อ-nas,/%E0%B8%9A%E0%B8%A3%E0%B8%B4%E0%B8%81%E0%B8%B2%E0%B8%A3/%E0%B8%A3%E0%B8%B1%E0%B8%9A%E0%B8%8B%E0%B8%B7%E0%B9%89%E0%B8%AD-nas,/บริการ/รับซื้อ-nas,/บริการ/รับซื้อ-nas,yes,no,no,308,308,17,17,yes,PASS
18,/%E0%B8%A3%E0%B8%B1%E0%B8%9A%E0%B8%8B%E0%B8%B7%E0%B9%89%E0%B8%AD/%E0%B8%A3%E0%B8%B1%E0%B8%9A%E0%B8%8B%E0%B8%B7%E0%B9%89%E0%B8%AD-storage-nas,/บริการ/รับซื้อ-nas,/%E0%B8%9A%E0%B8%A3%E0%B8%B4%E0%B8%81%E0%B8%B2%E0%B8%A3/%E0%B8%A3%E0%B8%B1%E0%B8%9A%E0%B8%8B%E0%B8%B7%E0%B9%89%E0%B8%AD-nas,/บริการ/รับซื้อ-nas,/บริการ/รับซื้อ-nas,yes,no,no,308,308,18,18,yes,PASS
19,/รับซื้อ,/รับซื้อสินค้าไอที,/%E0%B8%A3%E0%B8%B1%E0%B8%9A%E0%B8%8B%E0%B8%B7%E0%B9%89%E0%B8%AD%E0%B8%AA%E0%B8%B4%E0%B8%99%E0%B8%84%E0%B9%89%E0%B8%B2%E0%B9%84%E0%B8%AD%E0%B8%97%E0%B8%B5,/รับซื้อสินค้าไอที,/รับซื้อสินค้าไอที,yes,no,no,308,308,19,19,yes,PASS
20,/%E0%B8%A3%E0%B8%B1%E0%B8%9A%E0%B8%8B%E0%B8%B7%E0%B9%89%E0%B8%AD,/รับซื้อสินค้าไอที,/%E0%B8%A3%E0%B8%B1%E0%B8%9A%E0%B8%8B%E0%B8%B7%E0%B9%89%E0%B8%AD%E0%B8%AA%E0%B8%B4%E0%B8%99%E0%B8%84%E0%B9%89%E0%B8%B2%E0%B9%84%E0%B8%AD%E0%B8%97%E0%B8%B5,/รับซื้อสินค้าไอที,/รับซื้อสินค้าไอที,yes,no,no,308,308,20,20,yes,PASS
21,/บริการ/รับซื้อสินค้าไอที,/รับซื้อสินค้าไอที,/%E0%B8%A3%E0%B8%B1%E0%B8%9A%E0%B8%8B%E0%B8%B7%E0%B9%89%E0%B8%AD%E0%B8%AA%E0%B8%B4%E0%B8%99%E0%B8%84%E0%B9%89%E0%B8%B2%E0%B9%84%E0%B8%AD%E0%B8%97%E0%B8%B5,/รับซื้อสินค้าไอที,/รับซื้อสินค้าไอที,yes,no,no,308,308,21,21,yes,PASS
22,/%E0%B8%9A%E0%B8%A3%E0%B8%B4%E0%B8%81%E0%B8%B2%E0%B8%A3/%E0%B8%A3%E0%B8%B1%E0%B8%9A%E0%B8%8B%E0%B8%B7%E0%B9%89%E0%B8%AD%E0%B8%AA%E0%B8%B4%E0%B8%99%E0%B8%84%E0%B9%89%E0%B8%B2%E0%B9%84%E0%B8%AD%E0%B8%97%E0%B8%B5,/รับซื้อสินค้าไอที,/%E0%B8%A3%E0%B8%B1%E0%B8%9A%E0%B8%8B%E0%B8%B7%E0%B9%89%E0%B8%AD%E0%B8%AA%E0%B8%B4%E0%B8%99%E0%B8%84%E0%B9%89%E0%B8%B2%E0%B9%84%E0%B8%AD%E0%B8%97%E0%B8%B5,/รับซื้อสินค้าไอที,/รับซื้อสินค้าไอที,yes,no,no,308,308,22,22,yes,PASS
23,/รับซื้อ/รับซื้อ-hdd-กาฬสินธุ์,/รับซื้อ/รับซื้อ-ssd-กาฬสินธุ์,/%E0%B8%A3%E0%B8%B1%E0%B8%9A%E0%B8%8B%E0%B8%B7%E0%B9%89%E0%B8%AD/%E0%B8%A3%E0%B8%B1%E0%B8%9A%E0%B8%8B%E0%B8%B7%E0%B9%89%E0%B8%AD-ssd-%E0%B8%81%E0%B8%B2%E0%B8%AC%E0%B8%AA%E0%B8%B4%E0%B8%99%E0%B8%98%E0%B8%B8%E0%B9%8C,/รับซื้อ/รับซื้อ-ssd-กาฬสินธุ์,/รับซื้อ/รับซื้อ-ssd-กาฬสินธุ์,yes,no,no,308,308,23,23,yes,PASS
24,/%E0%B8%A3%E0%B8%B1%E0%B8%9A%E0%B8%8B%E0%B8%B7%E0%B9%89%E0%B8%AD/%E0%B8%A3%E0%B8%B1%E0%B8%9A%E0%B8%8B%E0%B8%B7%E0%B9%89%E0%B8%AD-hdd-%E0%B8%81%E0%B8%B2%E0%B8%AC%E0%B8%AA%E0%B8%B4%E0%B8%99%E0%B8%98%E0%B8%B8%E0%B9%8C,/รับซื้อ/รับซื้อ-ssd-กาฬสินธุ์,/%E0%B8%A3%E0%B8%B1%E0%B8%9A%E0%B8%8B%E0%B8%B7%E0%B9%89%E0%B8%AD/%E0%B8%A3%E0%B8%B1%E0%B8%9A%E0%B8%8B%E0%B8%B7%E0%B9%89%E0%B8%AD-ssd-%E0%B8%81%E0%B8%B2%E0%B8%AC%E0%B8%AA%E0%B8%B4%E0%B8%99%E0%B8%98%E0%B8%B8%E0%B9%8C,/รับซื้อ/รับซื้อ-ssd-กาฬสินธุ์,/รับซื้อ/รับซื้อ-ssd-กาฬสินธุ์,yes,no,no,308,308,24,24,yes,PASS
25,/รับซื้อ/รับซื้อ-gopro-กาฬสินธุ์,/บริการ/รับซื้อ-gopro-action-camera,/%E0%B8%9A%E0%B8%A3%E0%B8%B4%E0%B8%81%E0%B8%B2%E0%B8%A3/%E0%B8%A3%E0%B8%B1%E0%B8%9A%E0%B8%8B%E0%B8%B7%E0%B9%89%E0%B8%AD-gopro-action-camera,/บริการ/รับซื้อ-gopro-action-camera,/บริการ/รับซื้อ-gopro-action-camera,yes,no,no,308,308,25,25,yes,PASS
26,/%E0%B8%A3%E0%B8%B1%E0%B8%9A%E0%B8%8B%E0%B8%B7%E0%B9%89%E0%B8%AD/%E0%B8%A3%E0%B8%B1%E0%B8%9A%E0%B8%8B%E0%B8%B7%E0%B9%89%E0%B8%AD-gopro-%E0%B8%81%E0%B8%B2%E0%B8%AC%E0%B8%AA%E0%B8%B4%E0%B8%99%E0%B8%98%E0%B8%B8%E0%B9%8C,/บริการ/รับซื้อ-gopro-action-camera,/%E0%B8%9A%E0%B8%A3%E0%B8%B4%E0%B8%81%E0%B8%B2%E0%B8%A3/%E0%B8%A3%E0%B8%B1%E0%B8%9A%E0%B8%8B%E0%B8%B7%E0%B9%89%E0%B8%AD-gopro-action-camera,/บริการ/รับซื้อ-gopro-action-camera,/บริการ/รับซื้อ-gopro-action-camera,yes,no,no,308,308,26,26,yes,PASS
27,/รับซื้อ/รับซื้อเลนส์-กาฬสินธุ์,/บริการ/รับซื้อเลนส์กล้อง,/%E0%B8%9A%E0%B8%A3%E0%B8%B4%E0%B8%81%E0%B8%B2%E0%B8%A3/%E0%B8%A3%E0%B8%B1%E0%B8%9A%E0%B8%8B%E0%B8%B7%E0%B9%89%E0%B8%AD%E0%B9%80%E0%B8%A5%E0%B8%99%E0%B8%AA%E0%B9%8C%E0%B8%81%E0%B8%A5%E0%B9%89%E0%B8%AD%E0%B8%87,/บริการ/รับซื้อเลนส์กล้อง,/บริการ/รับซื้อเลนส์กล้อง,yes,no,no,308,308,27,27,yes,PASS
28,/%E0%B8%A3%E0%B8%B1%E0%B8%9A%E0%B8%8B%E0%B8%B7%E0%B9%89%E0%B8%AD/%E0%B8%A3%E0%B8%B1%E0%B8%9A%E0%B8%8B%E0%B8%B7%E0%B9%89%E0%B8%AD%E0%B9%80%E0%B8%A5%E0%B8%99%E0%B8%AA%E0%B9%8C-%E0%B8%81%E0%B8%B2%E0%B8%AC%E0%B8%AA%E0%B8%B4%E0%B8%99%E0%B8%98%E0%B8%B8%E0%B9%8C,/บริการ/รับซื้อเลนส์กล้อง,/%E0%B8%9A%E0%B8%A3%E0%B8%B4%E0%B8%81%E0%B8%B2%E0%B8%A3/%E0%B8%A3%E0%B8%B1%E0%B8%9A%E0%B8%8B%E0%B8%B7%E0%B9%89%E0%B8%AD%E0%B9%80%E0%B8%A5%E0%B8%99%E0%B8%AA%E0%B9%8C%E0%B8%81%E0%B8%A5%E0%B9%89%E0%B8%AD%E0%B8%87,/บริการ/รับซื้อเลนส์กล้อง,/บริการ/รับซื้อเลนส์กล้อง,yes,no,no,308,308,28,28,yes,PASS
29,/รับซื้อ/รับซื้อ-storage-nas-กาฬสินธุ์,/บริการ/รับซื้อ-nas,/%E0%B8%9A%E0%B8%A3%E0%B8%B4%E0%B8%81%E0%B8%B2%E0%B8%A3/%E0%B8%A3%E0%B8%B1%E0%B8%9A%E0%B8%8B%E0%B8%B7%E0%B9%89%E0%B8%AD-nas,/บริการ/รับซื้อ-nas,/บริการ/รับซื้อ-nas,yes,no,no,308,308,29,29,yes,PASS
30,/%E0%B8%A3%E0%B8%B1%E0%B8%9A%E0%B8%8B%E0%B8%B7%E0%B9%89%E0%B8%AD/%E0%B8%A3%E0%B8%B1%E0%B8%9A%E0%B8%8B%E0%B8%B7%E0%B9%89%E0%B8%AD-storage-nas-%E0%B8%81%E0%B8%B2%E0%B8%AC%E0%B8%AA%E0%B8%B4%E0%B8%99%E0%B8%98%E0%B8%B8%E0%B9%8C,/บริการ/รับซื้อ-nas,/%E0%B8%9A%E0%B8%A3%E0%B8%B4%E0%B8%81%E0%B8%B2%E0%B8%A3/%E0%B8%A3%E0%B8%B1%E0%B8%9A%E0%B8%8B%E0%B8%B7%E0%B9%89%E0%B8%AD-nas,/บริการ/รับซื้อ-nas,/บริการ/รับซื้อ-nas,yes,no,no,308,308,30,30,yes,PASS
31,/รับซื้อ/รับซื้อ-hdd-ขอนแก่น,/รับซื้อ/รับซื้อ-ssd-ขอนแก่น,/%E0%B8%A3%E0%B8%B1%E0%B8%9A%E0%B8%8B%E0%B8%B7%E0%B9%89%E0%B8%AD/%E0%B8%A3%E0%B8%B1%E0%B8%9A%E0%B8%8B%E0%B8%B7%E0%B9%89%E0%B8%AD-ssd-%E0%B8%82%E0%B8%AD%E0%B8%99%E0%B9%81%E0%B8%81%E0%B9%88%E0%B8%99,/รับซื้อ/รับซื้อ-ssd-ขอนแก่น,/รับซื้อ/รับซื้อ-ssd-ขอนแก่น,yes,no,no,308,308,31,31,yes,PASS
32,/%E0%B8%A3%E0%B8%B1%E0%B8%9A%E0%B8%8B%E0%B8%B7%E0%B9%89%E0%B8%AD/%E0%B8%A3%E0%B8%B1%E0%B8%9A%E0%B8%8B%E0%B8%B7%E0%B9%89%E0%B8%AD-hdd-%E0%B8%82%E0%B8%AD%E0%B8%99%E0%B9%81%E0%B8%81%E0%B9%88%E0%B8%99,/รับซื้อ/รับซื้อ-ssd-ขอนแก่น,/%E0%B8%A3%E0%B8%B1%E0%B8%9A%E0%B8%8B%E0%B8%B7%E0%B9%89%E0%B8%AD/%E0%B8%A3%E0%B8%B1%E0%B8%9A%E0%B8%8B%E0%B8%B7%E0%B9%89%E0%B8%AD-ssd-%E0%B8%82%E0%B8%AD%E0%B8%99%E0%B9%81%E0%B8%81%E0%B9%88%E0%B8%99,/รับซื้อ/รับซื้อ-ssd-ขอนแก่น,/รับซื้อ/รับซื้อ-ssd-ขอนแก่น,yes,no,no,308,308,32,32,yes,PASS
33,/รับซื้อ/รับซื้อ-gopro-ขอนแก่น,/บริการ/รับซื้อ-gopro-action-camera,/%E0%B8%9A%E0%B8%A3%E0%B8%B4%E0%B8%81%E0%B8%B2%E0%B8%A3/%E0%B8%A3%E0%B8%B1%E0%B8%9A%E0%B8%8B%E0%B8%B7%E0%B9%89%E0%B8%AD-gopro-action-camera,/บริการ/รับซื้อ-gopro-action-camera,/บริการ/รับซื้อ-gopro-action-camera,yes,no,no,308,308,33,33,yes,PASS
34,/%E0%B8%A3%E0%B8%B1%E0%B8%9A%E0%B8%8B%E0%B8%B7%E0%B9%89%E0%B8%AD/%E0%B8%A3%E0%B8%B1%E0%B8%9A%E0%B8%8B%E0%B8%B7%E0%B9%89%E0%B8%AD-gopro-%E0%B8%82%E0%B8%AD%E0%B8%99%E0%B9%81%E0%B8%81%E0%B9%88%E0%B8%99,/บริการ/รับซื้อ-gopro-action-camera,/%E0%B8%9A%E0%B8%A3%E0%B8%B4%E0%B8%81%E0%B8%B2%E0%B8%A3/%E0%B8%A3%E0%B8%B1%E0%B8%9A%E0%B8%8B%E0%B8%B7%E0%B9%89%E0%B8%AD-gopro-action-camera,/บริการ/รับซื้อ-gopro-action-camera,/บริการ/รับซื้อ-gopro-action-camera,yes,no,no,308,308,34,34,yes,PASS
35,/รับซื้อ/รับซื้อเลนส์-ขอนแก่น,/บริการ/รับซื้อเลนส์กล้อง,/%E0%B8%9A%E0%B8%A3%E0%B8%B4%E0%B8%81%E0%B8%B2%E0%B8%A3/%E0%B8%A3%E0%B8%B1%E0%B8%9A%E0%B8%8B%E0%B8%B7%E0%B9%89%E0%B8%AD%E0%B9%80%E0%B8%A5%E0%B8%99%E0%B8%AA%E0%B9%8C%E0%B8%81%E0%B8%A5%E0%B9%89%E0%B8%AD%E0%B8%87,/บริการ/รับซื้อเลนส์กล้อง,/บริการ/รับซื้อเลนส์กล้อง,yes,no,no,308,308,35,35,yes,PASS
36,/%E0%B8%A3%E0%B8%B1%E0%B8%9A%E0%B8%8B%E0%B8%B7%E0%B9%89%E0%B8%AD/%E0%B8%A3%E0%B8%B1%E0%B8%9A%E0%B8%8B%E0%B8%B7%E0%B9%89%E0%B8%AD%E0%B9%80%E0%B8%A5%E0%B8%99%E0%B8%AA%E0%B9%8C-%E0%B8%82%E0%B8%AD%E0%B8%99%E0%B9%81%E0%B8%81%E0%B9%88%E0%B8%99,/บริการ/รับซื้อเลนส์กล้อง,/%E0%B8%9A%E0%B8%A3%E0%B8%B4%E0%B8%81%E0%B8%B2%E0%B8%A3/%E0%B8%A3%E0%B8%B1%E0%B8%9A%E0%B8%8B%E0%B8%B7%E0%B9%89%E0%B8%AD%E0%B9%80%E0%B8%A5%E0%B8%99%E0%B8%AA%E0%B9%8C%E0%B8%81%E0%B8%A5%E0%B9%89%E0%B8%AD%E0%B8%87,/บริการ/รับซื้อเลนส์กล้อง,/บริการ/รับซื้อเลนส์กล้อง,yes,no,no,308,308,36,36,yes,PASS
37,/รับซื้อ/รับซื้อ-storage-nas-ขอนแก่น,/บริการ/รับซื้อ-nas,/%E0%B8%9A%E0%B8%A3%E0%B8%B4%E0%B8%81%E0%B8%B2%E0%B8%A3/%E0%B8%A3%E0%B8%B1%E0%B8%9A%E0%B8%8B%E0%B8%B7%E0%B9%89%E0%B8%AD-nas,/บริการ/รับซื้อ-nas,/บริการ/รับซื้อ-nas,yes,no,no,308,308,37,37,yes,PASS
38,/%E0%B8%A3%E0%B8%B1%E0%B8%9A%E0%B8%8B%E0%B8%B7%E0%B9%89%E0%B8%AD/%E0%B8%A3%E0%B8%B1%E0%B8%9A%E0%B8%8B%E0%B8%B7%E0%B9%89%E0%B8%AD-storage-nas-%E0%B8%82%E0%B8%AD%E0%B8%99%E0%B9%81%E0%B8%81%E0%B9%88%E0%B8%99,/บริการ/รับซื้อ-nas,/%E0%B8%9A%E0%B8%A3%E0%B8%B4%E0%B8%81%E0%B8%B2%E0%B8%A3/%E0%B8%A3%E0%B8%B1%E0%B8%9A%E0%B8%8B%E0%B8%B7%E0%B9%89%E0%B8%AD-nas,/บริการ/รับซื้อ-nas,/บริการ/รับซื้อ-nas,yes,no,no,308,308,38,38,yes,PASS
39,/รับซื้อ/รับซื้อ-hdd-ชัยภูมิ,/รับซื้อ/รับซื้อ-ssd-ชัยภูมิ,/%E0%B8%A3%E0%B8%B1%E0%B8%9A%E0%B8%8B%E0%B8%B7%E0%B9%89%E0%B8%AD/%E0%B8%A3%E0%B8%B1%E0%B8%9A%E0%B8%8B%E0%B8%B7%E0%B9%89%E0%B8%AD-ssd-%E0%B8%8A%E0%B8%B1%E0%B8%A2%E0%B8%A0%E0%B8%B9%E0%B8%A1%E0%B8%B4,/รับซื้อ/รับซื้อ-ssd-ชัยภูมิ,/รับซื้อ/รับซื้อ-ssd-ชัยภูมิ,yes,no,no,308,308,39,39,yes,PASS
40,/%E0%B8%A3%E0%B8%B1%E0%B8%9A%E0%B8%8B%E0%B8%B7%E0%B9%89%E0%B8%AD/%E0%B8%A3%E0%B8%B1%E0%B8%9A%E0%B8%8B%E0%B8%B7%E0%B9%89%E0%B8%AD-hdd-%E0%B8%8A%E0%B8%B1%E0%B8%A2%E0%B8%A0%E0%B8%B9%E0%B8%A1%E0%B8%B4,/รับซื้อ/รับซื้อ-ssd-ชัยภูมิ,/%E0%B8%A3%E0%B8%B1%E0%B8%9A%E0%B8%8B%E0%B8%B7%E0%B9%89%E0%B8%AD/%E0%B8%A3%E0%B8%B1%E0%B8%9A%E0%B8%8B%E0%B8%B7%E0%B9%89%E0%B8%AD-ssd-%E0%B8%8A%E0%B8%B1%E0%B8%A2%E0%B8%A0%E0%B8%B9%E0%B8%A1%E0%B8%B4,/รับซื้อ/รับซื้อ-ssd-ชัยภูมิ,/รับซื้อ/รับซื้อ-ssd-ชัยภูมิ,yes,no,no,308,308,40,40,yes,PASS
41,/รับซื้อ/รับซื้อ-gopro-ชัยภูมิ,/บริการ/รับซื้อ-gopro-action-camera,/%E0%B8%9A%E0%B8%A3%E0%B8%B4%E0%B8%81%E0%B8%B2%E0%B8%A3/%E0%B8%A3%E0%B8%B1%E0%B8%9A%E0%B8%8B%E0%B8%B7%E0%B9%89%E0%B8%AD-gopro-action-camera,/บริการ/รับซื้อ-gopro-action-camera,/บริการ/รับซื้อ-gopro-action-camera,yes,no,no,308,308,41,41,yes,PASS
42,/%E0%B8%A3%E0%B8%B1%E0%B8%9A%E0%B8%8B%E0%B8%B7%E0%B9%89%E0%B8%AD/%E0%B8%A3%E0%B8%B1%E0%B8%9A%E0%B8%8B%E0%B8%B7%E0%B9%89%E0%B8%AD-gopro-%E0%B8%8A%E0%B8%B1%E0%B8%A2%E0%B8%A0%E0%B8%B9%E0%B8%A1%E0%B8%B4,/บริการ/รับซื้อ-gopro-action-camera,/%E0%B8%9A%E0%B8%A3%E0%B8%B4%E0%B8%81%E0%B8%B2%E0%B8%A3/%E0%B8%A3%E0%B8%B1%E0%B8%9A%E0%B8%8B%E0%B8%B7%E0%B9%89%E0%B8%AD-gopro-action-camera,/บริการ/รับซื้อ-gopro-action-camera,/บริการ/รับซื้อ-gopro-action-camera,yes,no,no,308,308,42,42,yes,PASS
43,/รับซื้อ/รับซื้อเลนส์-ชัยภูมิ,/บริการ/รับซื้อเลนส์กล้อง,/%E0%B8%9A%E0%B8%A3%E0%B8%B4%E0%B8%81%E0%B8%B2%E0%B8%A3/%E0%B8%A3%E0%B8%B1%E0%B8%9A%E0%B8%8B%E0%B8%B7%E0%B9%89%E0%B8%AD%E0%B9%80%E0%B8%A5%E0%B8%99%E0%B8%AA%E0%B9%8C%E0%B8%81%E0%B8%A5%E0%B9%89%E0%B8%AD%E0%B8%87,/บริการ/รับซื้อเลนส์กล้อง,/บริการ/รับซื้อเลนส์กล้อง,yes,no,no,308,308,43,43,yes,PASS
44,/%E0%B8%A3%E0%B8%B1%E0%B8%9A%E0%B8%8B%E0%B8%B7%E0%B9%89%E0%B8%AD/%E0%B8%A3%E0%B8%B1%E0%B8%9A%E0%B8%8B%E0%B8%B7%E0%B9%89%E0%B8%AD%E0%B9%80%E0%B8%A5%E0%B8%99%E0%B8%AA%E0%B9%8C-%E0%B8%8A%E0%B8%B1%E0%B8%A2%E0%B8%A0%E0%B8%B9%E0%B8%A1%E0%B8%B4,/บริการ/รับซื้อเลนส์กล้อง,/%E0%B8%9A%E0%B8%A3%E0%B8%B4%E0%B8%81%E0%B8%B2%E0%B8%A3/%E0%B8%A3%E0%B8%B1%E0%B8%9A%E0%B8%8B%E0%B8%B7%E0%B9%89%E0%B8%AD%E0%B9%80%E0%B8%A5%E0%B8%99%E0%B8%AA%E0%B9%8C%E0%B8%81%E0%B8%A5%E0%B9%89%E0%B8%AD%E0%B8%87,/บริการ/รับซื้อเลนส์กล้อง,/บริการ/รับซื้อเลนส์กล้อง,yes,no,no,308,308,44,44,yes,PASS
45,/รับซื้อ/รับซื้อ-storage-nas-ชัยภูมิ,/บริการ/รับซื้อ-nas,/%E0%B8%9A%E0%B8%A3%E0%B8%B4%E0%B8%81%E0%B8%B2%E0%B8%A3/%E0%B8%A3%E0%B8%B1%E0%B8%9A%E0%B8%8B%E0%B8%B7%E0%B9%89%E0%B8%AD-nas,/บริการ/รับซื้อ-nas,/บริการ/รับซื้อ-nas,yes,no,no,308,308,45,45,yes,PASS
46,/%E0%B8%A3%E0%B8%B1%E0%B8%9A%E0%B8%8B%E0%B8%B7%E0%B9%89%E0%B8%AD/%E0%B8%A3%E0%B8%B1%E0%B8%9A%E0%B8%8B%E0%B8%B7%E0%B9%89%E0%B8%AD-storage-nas-%E0%B8%8A%E0%B8%B1%E0%B8%A2%E0%B8%A0%E0%B8%B9%E0%B8%A1%E0%B8%B4,/บริการ/รับซื้อ-nas,/%E0%B8%9A%E0%B8%A3%E0%B8%B4%E0%B8%81%E0%B8%B2%E0%B8%A3/%E0%B8%A3%E0%B8%B1%E0%B8%9A%E0%B8%8B%E0%B8%B7%E0%B9%89%E0%B8%AD-nas,/บริการ/รับซื้อ-nas,/บริการ/รับซื้อ-nas,yes,no,no,308,308,46,46,yes,PASS
47,/รับซื้อ/รับซื้อ-hdd-นครพนม,/รับซื้อ/รับซื้อ-ssd-นครพนม,/%E0%B8%A3%E0%B8%B1%E0%B8%9A%E0%B8%8B%E0%B8%B7%E0%B9%89%E0%B8%AD/%E0%B8%A3%E0%B8%B1%E0%B8%9A%E0%B8%8B%E0%B8%B7%E0%B9%89%E0%B8%AD-ssd-%E0%B8%99%E0%B8%84%E0%B8%A3%E0%B8%9E%E0%B8%99%E0%B8%A1,/รับซื้อ/รับซื้อ-ssd-นครพนม,/รับซื้อ/รับซื้อ-ssd-นครพนม,yes,no,no,308,308,47,47,yes,PASS
48,/%E0%B8%A3%E0%B8%B1%E0%B8%9A%E0%B8%8B%E0%B8%B7%E0%B9%89%E0%B8%AD/%E0%B8%A3%E0%B8%B1%E0%B8%9A%E0%B8%8B%E0%B8%B7%E0%B9%89%E0%B8%AD-hdd-%E0%B8%99%E0%B8%84%E0%B8%A3%E0%B8%9E%E0%B8%99%E0%B8%A1,/รับซื้อ/รับซื้อ-ssd-นครพนม,/%E0%B8%A3%E0%B8%B1%E0%B8%9A%E0%B8%8B%E0%B8%B7%E0%B9%89%E0%B8%AD/%E0%B8%A3%E0%B8%B1%E0%B8%9A%E0%B8%8B%E0%B8%B7%E0%B9%89%E0%B8%AD-ssd-%E0%B8%99%E0%B8%84%E0%B8%A3%E0%B8%9E%E0%B8%99%E0%B8%A1,/รับซื้อ/รับซื้อ-ssd-นครพนม,/รับซื้อ/รับซื้อ-ssd-นครพนม,yes,no,no,308,308,48,48,yes,PASS
49,/รับซื้อ/รับซื้อ-gopro-นครพนม,/บริการ/รับซื้อ-gopro-action-camera,/%E0%B8%9A%E0%B8%A3%E0%B8%B4%E0%B8%81%E0%B8%B2%E0%B8%A3/%E0%B8%A3%E0%B8%B1%E0%B8%9A%E0%B8%8B%E0%B8%B7%E0%B9%89%E0%B8%AD-gopro-action-camera,/บริการ/รับซื้อ-gopro-action-camera,/บริการ/รับซื้อ-gopro-action-camera,yes,no,no,308,308,49,49,yes,PASS
50,/%E0%B8%A3%E0%B8%B1%E0%B8%9A%E0%B8%8B%E0%B8%B7%E0%B9%89%E0%B8%AD/%E0%B8%A3%E0%B8%B1%E0%B8%9A%E0%B8%8B%E0%B8%B7%E0%B9%89%E0%B8%AD-gopro-%E0%B8%99%E0%B8%84%E0%B8%A3%E0%B8%9E%E0%B8%99%E0%B8%A1,/บริการ/รับซื้อ-gopro-action-camera,/%E0%B8%9A%E0%B8%A3%E0%B8%B4%E0%B8%81%E0%B8%B2%E0%B8%A3/%E0%B8%A3%E0%B8%B1%E0%B8%9A%E0%B8%8B%E0%B8%B7%E0%B9%89%E0%B8%AD-gopro-action-camera,/บริการ/รับซื้อ-gopro-action-camera,/บริการ/รับซื้อ-gopro-action-camera,yes,no,no,308,308,50,50,yes,PASS
51,/รับซื้อ/รับซื้อเลนส์-นครพนม,/บริการ/รับซื้อเลนส์กล้อง,/%E0%B8%9A%E0%B8%A3%E0%B8%B4%E0%B8%81%E0%B8%B2%E0%B8%A3/%E0%B8%A3%E0%B8%B1%E0%B8%9A%E0%B8%8B%E0%B8%B7%E0%B9%89%E0%B8%AD%E0%B9%80%E0%B8%A5%E0%B8%99%E0%B8%AA%E0%B9%8C%E0%B8%81%E0%B8%A5%E0%B9%89%E0%B8%AD%E0%B8%87,/บริการ/รับซื้อเลนส์กล้อง,/บริการ/รับซื้อเลนส์กล้อง,yes,no,no,308,308,51,51,yes,PASS
52,/%E0%B8%A3%E0%B8%B1%E0%B8%9A%E0%B8%8B%E0%B8%B7%E0%B9%89%E0%B8%AD/%E0%B8%A3%E0%B8%B1%E0%B8%9A%E0%B8%8B%E0%B8%B7%E0%B9%89%E0%B8%AD%E0%B9%80%E0%B8%A5%E0%B8%99%E0%B8%AA%E0%B9%8C-%E0%B8%99%E0%B8%84%E0%B8%A3%E0%B8%9E%E0%B8%99%E0%B8%A1,/บริการ/รับซื้อเลนส์กล้อง,/%E0%B8%9A%E0%B8%A3%E0%B8%B4%E0%B8%81%E0%B8%B2%E0%B8%A3/%E0%B8%A3%E0%B8%B1%E0%B8%9A%E0%B8%8B%E0%B8%B7%E0%B9%89%E0%B8%AD%E0%B9%80%E0%B8%A5%E0%B8%99%E0%B8%AA%E0%B9%8C%E0%B8%81%E0%B8%A5%E0%B9%89%E0%B8%AD%E0%B8%87,/บริการ/รับซื้อเลนส์กล้อง,/บริการ/รับซื้อเลนส์กล้อง,yes,no,no,308,308,52,52,yes,PASS
53,/รับซื้อ/รับซื้อ-storage-nas-นครพนม,/บริการ/รับซื้อ-nas,/%E0%B8%9A%E0%B8%A3%E0%B8%B4%E0%B8%81%E0%B8%B2%E0%B8%A3/%E0%B8%A3%E0%B8%B1%E0%B8%9A%E0%B8%8B%E0%B8%B7%E0%B9%89%E0%B8%AD-nas,/บริการ/รับซื้อ-nas,/บริการ/รับซื้อ-nas,yes,no,no,308,308,53,53,yes,PASS
54,/%E0%B8%A3%E0%B8%B1%E0%B8%9A%E0%B8%8B%E0%B8%B7%E0%B9%89%E0%B8%AD/%E0%B8%A3%E0%B8%B1%E0%B8%9A%E0%B8%8B%E0%B8%B7%E0%B9%89%E0%B8%AD-storage-nas-%E0%B8%99%E0%B8%84%E0%B8%A3%E0%B8%9E%E0%B8%99%E0%B8%A1,/บริการ/รับซื้อ-nas,/%E0%B8%9A%E0%B8%A3%E0%B8%B4%E0%B8%81%E0%B8%B2%E0%B8%A3/%E0%B8%A3%E0%B8%B1%E0%B8%9A%E0%B8%8B%E0%B8%B7%E0%B9%89%E0%B8%AD-nas,/บริการ/รับซื้อ-nas,/บริการ/รับซื้อ-nas,yes,no,no,308,308,54,54,yes,PASS
55,/รับซื้อ/รับซื้อ-hdd-นครราชสีมา,/รับซื้อ/รับซื้อ-ssd-นครราชสีมา,/%E0%B8%A3%E0%B8%B1%E0%B8%9A%E0%B8%8B%E0%B8%B7%E0%B9%89%E0%B8%AD/%E0%B8%A3%E0%B8%B1%E0%B8%9A%E0%B8%8B%E0%B8%B7%E0%B9%89%E0%B8%AD-ssd-%E0%B8%99%E0%B8%84%E0%B8%A3%E0%B8%A3%E0%B8%B2%E0%B8%8A%E0%B8%AA%E0%B8%B5%E0%B8%A1%E0%B8%B2,/รับซื้อ/รับซื้อ-ssd-นครราชสีมา,/รับซื้อ/รับซื้อ-ssd-นครราชสีมา,yes,no,no,308,308,55,55,yes,PASS
56,/%E0%B8%A3%E0%B8%B1%E0%B8%9A%E0%B8%8B%E0%B8%B7%E0%B9%89%E0%B8%AD/%E0%B8%A3%E0%B8%B1%E0%B8%9A%E0%B8%8B%E0%B8%B7%E0%B9%89%E0%B8%AD-hdd-%E0%B8%99%E0%B8%84%E0%B8%A3%E0%B8%A3%E0%B8%B2%E0%B8%8A%E0%B8%AA%E0%B8%B5%E0%B8%A1%E0%B8%B2,/รับซื้อ/รับซื้อ-ssd-นครราชสีมา,/%E0%B8%A3%E0%B8%B1%E0%B8%9A%E0%B8%8B%E0%B8%B7%E0%B9%89%E0%B8%AD/%E0%B8%A3%E0%B8%B1%E0%B8%9A%E0%B8%8B%E0%B8%B7%E0%B9%89%E0%B8%AD-ssd-%E0%B8%99%E0%B8%84%E0%B8%A3%E0%B8%A3%E0%B8%B2%E0%B8%8A%E0%B8%AA%E0%B8%B5%E0%B8%A1%E0%B8%B2,/รับซื้อ/รับซื้อ-ssd-นครราชสีมา,/รับซื้อ/รับซื้อ-ssd-นครราชสีมา,yes,no,no,308,308,56,56,yes,PASS
57,/รับซื้อ/รับซื้อ-gopro-นครราชสีมา,/บริการ/รับซื้อ-gopro-action-camera,/%E0%B8%9A%E0%B8%A3%E0%B8%B4%E0%B8%81%E0%B8%B2%E0%B8%A3/%E0%B8%A3%E0%B8%B1%E0%B8%9A%E0%B8%8B%E0%B8%B7%E0%B9%89%E0%B8%AD-gopro-action-camera,/บริการ/รับซื้อ-gopro-action-camera,/บริการ/รับซื้อ-gopro-action-camera,yes,no,no,308,308,57,57,yes,PASS
58,/%E0%B8%A3%E0%B8%B1%E0%B8%9A%E0%B8%8B%E0%B8%B7%E0%B9%89%E0%B8%AD/%E0%B8%A3%E0%B8%B1%E0%B8%9A%E0%B8%8B%E0%B8%B7%E0%B9%89%E0%B8%AD-gopro-%E0%B8%99%E0%B8%84%E0%B8%A3%E0%B8%A3%E0%B8%B2%E0%B8%8A%E0%B8%AA%E0%B8%B5%E0%B8%A1%E0%B8%B2,/บริการ/รับซื้อ-gopro-action-camera,/%E0%B8%9A%E0%B8%A3%E0%B8%B4%E0%B8%81%E0%B8%B2%E0%B8%A3/%E0%B8%A3%E0%B8%B1%E0%B8%9A%E0%B8%8B%E0%B8%B7%E0%B9%89%E0%B8%AD-gopro-action-camera,/บริการ/รับซื้อ-gopro-action-camera,/บริการ/รับซื้อ-gopro-action-camera,yes,no,no,308,308,58,58,yes,PASS
59,/รับซื้อ/รับซื้อเลนส์-นครราชสีมา,/บริการ/รับซื้อเลนส์กล้อง,/%E0%B8%9A%E0%B8%A3%E0%B8%B4%E0%B8%81%E0%B8%B2%E0%B8%A3/%E0%B8%A3%E0%B8%B1%E0%B8%9A%E0%B8%8B%E0%B8%B7%E0%B9%89%E0%B8%AD%E0%B9%80%E0%B8%A5%E0%B8%99%E0%B8%AA%E0%B9%8C%E0%B8%81%E0%B8%A5%E0%B9%89%E0%B8%AD%E0%B8%87,/บริการ/รับซื้อเลนส์กล้อง,/บริการ/รับซื้อเลนส์กล้อง,yes,no,no,308,308,59,59,yes,PASS
60,/%E0%B8%A3%E0%B8%B1%E0%B8%9A%E0%B8%8B%E0%B8%B7%E0%B9%89%E0%B8%AD/%E0%B8%A3%E0%B8%B1%E0%B8%9A%E0%B8%8B%E0%B8%B7%E0%B9%89%E0%B8%AD%E0%B9%80%E0%B8%A5%E0%B8%99%E0%B8%AA%E0%B9%8C-%E0%B8%99%E0%B8%84%E0%B8%A3%E0%B8%A3%E0%B8%B2%E0%B8%8A%E0%B8%AA%E0%B8%B5%E0%B8%A1%E0%B8%B2,/บริการ/รับซื้อเลนส์กล้อง,/%E0%B8%9A%E0%B8%A3%E0%B8%B4%E0%B8%81%E0%B8%B2%E0%B8%A3/%E0%B8%A3%E0%B8%B1%E0%B8%9A%E0%B8%8B%E0%B8%B7%E0%B9%89%E0%B8%AD%E0%B9%80%E0%B8%A5%E0%B8%99%E0%B8%AA%E0%B9%8C%E0%B8%81%E0%B8%A5%E0%B9%89%E0%B8%AD%E0%B8%87,/บริการ/รับซื้อเลนส์กล้อง,/บริการ/รับซื้อเลนส์กล้อง,yes,no,no,308,308,60,60,yes,PASS
61,/รับซื้อ/รับซื้อ-storage-nas-นครราชสีมา,/บริการ/รับซื้อ-nas,/%E0%B8%9A%E0%B8%A3%E0%B8%B4%E0%B8%81%E0%B8%B2%E0%B8%A3/%E0%B8%A3%E0%B8%B1%E0%B8%9A%E0%B8%8B%E0%B8%B7%E0%B9%89%E0%B8%AD-nas,/บริการ/รับซื้อ-nas,/บริการ/รับซื้อ-nas,yes,no,no,308,308,61,61,yes,PASS
62,/%E0%B8%A3%E0%B8%B1%E0%B8%9A%E0%B8%8B%E0%B8%B7%E0%B9%89%E0%B8%AD/%E0%B8%A3%E0%B8%B1%E0%B8%9A%E0%B8%8B%E0%B8%B7%E0%B9%89%E0%B8%AD-storage-nas-%E0%B8%99%E0%B8%84%E0%B8%A3%E0%B8%A3%E0%B8%B2%E0%B8%8A%E0%B8%AA%E0%B8%B5%E0%B8%A1%E0%B8%B2,/บริการ/รับซื้อ-nas,/%E0%B8%9A%E0%B8%A3%E0%B8%B4%E0%B8%81%E0%B8%B2%E0%B8%A3/%E0%B8%A3%E0%B8%B1%E0%B8%9A%E0%B8%8B%E0%B8%B7%E0%B9%89%E0%B8%AD-nas,/บริการ/รับซื้อ-nas,/บริการ/รับซื้อ-nas,yes,no,no,308,308,62,62,yes,PASS
63,/รับซื้อ/รับซื้อ-hdd-บึงกาฬ,/รับซื้อ/รับซื้อ-ssd-บึงกาฬ,/%E0%B8%A3%E0%B8%B1%E0%B8%9A%E0%B8%8B%E0%B8%B7%E0%B9%89%E0%B8%AD/%E0%B8%A3%E0%B8%B1%E0%B8%9A%E0%B8%8B%E0%B8%B7%E0%B9%89%E0%B8%AD-ssd-%E0%B8%9A%E0%B8%B6%E0%B8%87%E0%B8%81%E0%B8%B2%E0%B8%AC,/รับซื้อ/รับซื้อ-ssd-บึงกาฬ,/รับซื้อ/รับซื้อ-ssd-บึงกาฬ,yes,no,no,308,308,63,63,yes,PASS
64,/%E0%B8%A3%E0%B8%B1%E0%B8%9A%E0%B8%8B%E0%B8%B7%E0%B9%89%E0%B8%AD/%E0%B8%A3%E0%B8%B1%E0%B8%9A%E0%B8%8B%E0%B8%B7%E0%B9%89%E0%B8%AD-hdd-%E0%B8%9A%E0%B8%B6%E0%B8%87%E0%B8%81%E0%B8%B2%E0%B8%AC,/รับซื้อ/รับซื้อ-ssd-บึงกาฬ,/%E0%B8%A3%E0%B8%B1%E0%B8%9A%E0%B8%8B%E0%B8%B7%E0%B9%89%E0%B8%AD/%E0%B8%A3%E0%B8%B1%E0%B8%9A%E0%B8%8B%E0%B8%B7%E0%B9%89%E0%B8%AD-ssd-%E0%B8%9A%E0%B8%B6%E0%B8%87%E0%B8%81%E0%B8%B2%E0%B8%AC,/รับซื้อ/รับซื้อ-ssd-บึงกาฬ,/รับซื้อ/รับซื้อ-ssd-บึงกาฬ,yes,no,no,308,308,64,64,yes,PASS
65,/รับซื้อ/รับซื้อ-gopro-บึงกาฬ,/บริการ/รับซื้อ-gopro-action-camera,/%E0%B8%9A%E0%B8%A3%E0%B8%B4%E0%B8%81%E0%B8%B2%E0%B8%A3/%E0%B8%A3%E0%B8%B1%E0%B8%9A%E0%B8%8B%E0%B8%B7%E0%B9%89%E0%B8%AD-gopro-action-camera,/บริการ/รับซื้อ-gopro-action-camera,/บริการ/รับซื้อ-gopro-action-camera,yes,no,no,308,308,65,65,yes,PASS
66,/%E0%B8%A3%E0%B8%B1%E0%B8%9A%E0%B8%8B%E0%B8%B7%E0%B9%89%E0%B8%AD/%E0%B8%A3%E0%B8%B1%E0%B8%9A%E0%B8%8B%E0%B8%B7%E0%B9%89%E0%B8%AD-gopro-%E0%B8%9A%E0%B8%B6%E0%B8%87%E0%B8%81%E0%B8%B2%E0%B8%AC,/บริการ/รับซื้อ-gopro-action-camera,/%E0%B8%9A%E0%B8%A3%E0%B8%B4%E0%B8%81%E0%B8%B2%E0%B8%A3/%E0%B8%A3%E0%B8%B1%E0%B8%9A%E0%B8%8B%E0%B8%B7%E0%B9%89%E0%B8%AD-gopro-action-camera,/บริการ/รับซื้อ-gopro-action-camera,/บริการ/รับซื้อ-gopro-action-camera,yes,no,no,308,308,66,66,yes,PASS
67,/รับซื้อ/รับซื้อเลนส์-บึงกาฬ,/บริการ/รับซื้อเลนส์กล้อง,/%E0%B8%9A%E0%B8%A3%E0%B8%B4%E0%B8%81%E0%B8%B2%E0%B8%A3/%E0%B8%A3%E0%B8%B1%E0%B8%9A%E0%B8%8B%E0%B8%B7%E0%B9%89%E0%B8%AD%E0%B9%80%E0%B8%A5%E0%B8%99%E0%B8%AA%E0%B9%8C%E0%B8%81%E0%B8%A5%E0%B9%89%E0%B8%AD%E0%B8%87,/บริการ/รับซื้อเลนส์กล้อง,/บริการ/รับซื้อเลนส์กล้อง,yes,no,no,308,308,67,67,yes,PASS
68,/%E0%B8%A3%E0%B8%B1%E0%B8%9A%E0%B8%8B%E0%B8%B7%E0%B9%89%E0%B8%AD/%E0%B8%A3%E0%B8%B1%E0%B8%9A%E0%B8%8B%E0%B8%B7%E0%B9%89%E0%B8%AD%E0%B9%80%E0%B8%A5%E0%B8%99%E0%B8%AA%E0%B9%8C-%E0%B8%9A%E0%B8%B6%E0%B8%87%E0%B8%81%E0%B8%B2%E0%B8%AC,/บริการ/รับซื้อเลนส์กล้อง,/%E0%B8%9A%E0%B8%A3%E0%B8%B4%E0%B8%81%E0%B8%B2%E0%B8%A3/%E0%B8%A3%E0%B8%B1%E0%B8%9A%E0%B8%8B%E0%B8%B7%E0%B9%89%E0%B8%AD%E0%B9%80%E0%B8%A5%E0%B8%99%E0%B8%AA%E0%B9%8C%E0%B8%81%E0%B8%A5%E0%B9%89%E0%B8%AD%E0%B8%87,/บริการ/รับซื้อเลนส์กล้อง,/บริการ/รับซื้อเลนส์กล้อง,yes,no,no,308,308,68,68,yes,PASS
69,/รับซื้อ/รับซื้อ-storage-nas-บึงกาฬ,/บริการ/รับซื้อ-nas,/%E0%B8%9A%E0%B8%A3%E0%B8%B4%E0%B8%81%E0%B8%B2%E0%B8%A3/%E0%B8%A3%E0%B8%B1%E0%B8%9A%E0%B8%8B%E0%B8%B7%E0%B9%89%E0%B8%AD-nas,/บริการ/รับซื้อ-nas,/บริการ/รับซื้อ-nas,yes,no,no,308,308,69,69,yes,PASS
70,/%E0%B8%A3%E0%B8%B1%E0%B8%9A%E0%B8%8B%E0%B8%B7%E0%B9%89%E0%B8%AD/%E0%B8%A3%E0%B8%B1%E0%B8%9A%E0%B8%8B%E0%B8%B7%E0%B9%89%E0%B8%AD-storage-nas-%E0%B8%9A%E0%B8%B6%E0%B8%87%E0%B8%81%E0%B8%B2%E0%B8%AC,/บริการ/รับซื้อ-nas,/%E0%B8%9A%E0%B8%A3%E0%B8%B4%E0%B8%81%E0%B8%B2%E0%B8%A3/%E0%B8%A3%E0%B8%B1%E0%B8%9A%E0%B8%8B%E0%B8%B7%E0%B9%89%E0%B8%AD-nas,/บริการ/รับซื้อ-nas,/บริการ/รับซื้อ-nas,yes,no,no,308,308,70,70,yes,PASS
71,/รับซื้อ/รับซื้อ-hdd-บุรีรัมย์,/รับซื้อ/รับซื้อ-ssd-บุรีรัมย์,/%E0%B8%A3%E0%B8%B1%E0%B8%9A%E0%B8%8B%E0%B8%B7%E0%B9%89%E0%B8%AD/%E0%B8%A3%E0%B8%B1%E0%B8%9A%E0%B8%8B%E0%B8%B7%E0%B9%89%E0%B8%AD-ssd-%E0%B8%9A%E0%B8%B8%E0%B8%A3%E0%B8%B5%E0%B8%A3%E0%B8%B1%E0%B8%A1%E0%B8%A2%E0%B9%8C,/รับซื้อ/รับซื้อ-ssd-บุรีรัมย์,/รับซื้อ/รับซื้อ-ssd-บุรีรัมย์,yes,no,no,308,308,71,71,yes,PASS
72,/%E0%B8%A3%E0%B8%B1%E0%B8%9A%E0%B8%8B%E0%B8%B7%E0%B9%89%E0%B8%AD/%E0%B8%A3%E0%B8%B1%E0%B8%9A%E0%B8%8B%E0%B8%B7%E0%B9%89%E0%B8%AD-hdd-%E0%B8%9A%E0%B8%B8%E0%B8%A3%E0%B8%B5%E0%B8%A3%E0%B8%B1%E0%B8%A1%E0%B8%A2%E0%B9%8C,/รับซื้อ/รับซื้อ-ssd-บุรีรัมย์,/%E0%B8%A3%E0%B8%B1%E0%B8%9A%E0%B8%8B%E0%B8%B7%E0%B9%89%E0%B8%AD/%E0%B8%A3%E0%B8%B1%E0%B8%9A%E0%B8%8B%E0%B8%B7%E0%B9%89%E0%B8%AD-ssd-%E0%B8%9A%E0%B8%B8%E0%B8%A3%E0%B8%B5%E0%B8%A3%E0%B8%B1%E0%B8%A1%E0%B8%A2%E0%B9%8C,/รับซื้อ/รับซื้อ-ssd-บุรีรัมย์,/รับซื้อ/รับซื้อ-ssd-บุรีรัมย์,yes,no,no,308,308,72,72,yes,PASS
73,/รับซื้อ/รับซื้อ-gopro-บุรีรัมย์,/บริการ/รับซื้อ-gopro-action-camera,/%E0%B8%9A%E0%B8%A3%E0%B8%B4%E0%B8%81%E0%B8%B2%E0%B8%A3/%E0%B8%A3%E0%B8%B1%E0%B8%9A%E0%B8%8B%E0%B8%B7%E0%B9%89%E0%B8%AD-gopro-action-camera,/บริการ/รับซื้อ-gopro-action-camera,/บริการ/รับซื้อ-gopro-action-camera,yes,no,no,308,308,73,73,yes,PASS
74,/%E0%B8%A3%E0%B8%B1%E0%B8%9A%E0%B8%8B%E0%B8%B7%E0%B9%89%E0%B8%AD/%E0%B8%A3%E0%B8%B1%E0%B8%9A%E0%B8%8B%E0%B8%B7%E0%B9%89%E0%B8%AD-gopro-%E0%B8%9A%E0%B8%B8%E0%B8%A3%E0%B8%B5%E0%B8%A3%E0%B8%B1%E0%B8%A1%E0%B8%A2%E0%B9%8C,/บริการ/รับซื้อ-gopro-action-camera,/%E0%B8%9A%E0%B8%A3%E0%B8%B4%E0%B8%81%E0%B8%B2%E0%B8%A3/%E0%B8%A3%E0%B8%B1%E0%B8%9A%E0%B8%8B%E0%B8%B7%E0%B9%89%E0%B8%AD-gopro-action-camera,/บริการ/รับซื้อ-gopro-action-camera,/บริการ/รับซื้อ-gopro-action-camera,yes,no,no,308,308,74,74,yes,PASS
75,/รับซื้อ/รับซื้อเลนส์-บุรีรัมย์,/บริการ/รับซื้อเลนส์กล้อง,/%E0%B8%9A%E0%B8%A3%E0%B8%B4%E0%B8%81%E0%B8%B2%E0%B8%A3/%E0%B8%A3%E0%B8%B1%E0%B8%9A%E0%B8%8B%E0%B8%B7%E0%B9%89%E0%B8%AD%E0%B9%80%E0%B8%A5%E0%B8%99%E0%B8%AA%E0%B9%8C%E0%B8%81%E0%B8%A5%E0%B9%89%E0%B8%AD%E0%B8%87,/บริการ/รับซื้อเลนส์กล้อง,/บริการ/รับซื้อเลนส์กล้อง,yes,no,no,308,308,75,75,yes,PASS
76,/%E0%B8%A3%E0%B8%B1%E0%B8%9A%E0%B8%8B%E0%B8%B7%E0%B9%89%E0%B8%AD/%E0%B8%A3%E0%B8%B1%E0%B8%9A%E0%B8%8B%E0%B8%B7%E0%B9%89%E0%B8%AD%E0%B9%80%E0%B8%A5%E0%B8%99%E0%B8%AA%E0%B9%8C-%E0%B8%9A%E0%B8%B8%E0%B8%A3%E0%B8%B5%E0%B8%A3%E0%B8%B1%E0%B8%A1%E0%B8%A2%E0%B9%8C,/บริการ/รับซื้อเลนส์กล้อง,/%E0%B8%9A%E0%B8%A3%E0%B8%B4%E0%B8%81%E0%B8%B2%E0%B8%A3/%E0%B8%A3%E0%B8%B1%E0%B8%9A%E0%B8%8B%E0%B8%B7%E0%B9%89%E0%B8%AD%E0%B9%80%E0%B8%A5%E0%B8%99%E0%B8%AA%E0%B9%8C%E0%B8%81%E0%B8%A5%E0%B9%89%E0%B8%AD%E0%B8%87,/บริการ/รับซื้อเลนส์กล้อง,/บริการ/รับซื้อเลนส์กล้อง,yes,no,no,308,308,76,76,yes,PASS
77,/รับซื้อ/รับซื้อ-storage-nas-บุรีรัมย์,/บริการ/รับซื้อ-nas,/%E0%B8%9A%E0%B8%A3%E0%B8%B4%E0%B8%81%E0%B8%B2%E0%B8%A3/%E0%B8%A3%E0%B8%B1%E0%B8%9A%E0%B8%8B%E0%B8%B7%E0%B9%89%E0%B8%AD-nas,/บริการ/รับซื้อ-nas,/บริการ/รับซื้อ-nas,yes,no,no,308,308,77,77,yes,PASS
78,/%E0%B8%A3%E0%B8%B1%E0%B8%9A%E0%B8%8B%E0%B8%B7%E0%B9%89%E0%B8%AD/%E0%B8%A3%E0%B8%B1%E0%B8%9A%E0%B8%8B%E0%B8%B7%E0%B9%89%E0%B8%AD-storage-nas-%E0%B8%9A%E0%B8%B8%E0%B8%A3%E0%B8%B5%E0%B8%A3%E0%B8%B1%E0%B8%A1%E0%B8%A2%E0%B9%8C,/บริการ/รับซื้อ-nas,/%E0%B8%9A%E0%B8%A3%E0%B8%B4%E0%B8%81%E0%B8%B2%E0%B8%A3/%E0%B8%A3%E0%B8%B1%E0%B8%9A%E0%B8%8B%E0%B8%B7%E0%B9%89%E0%B8%AD-nas,/บริการ/รับซื้อ-nas,/บริการ/รับซื้อ-nas,yes,no,no,308,308,78,78,yes,PASS
79,/รับซื้อ/รับซื้อ-hdd-มหาสารคาม,/รับซื้อ/รับซื้อ-ssd-มหาสารคาม,/%E0%B8%A3%E0%B8%B1%E0%B8%9A%E0%B8%8B%E0%B8%B7%E0%B9%89%E0%B8%AD/%E0%B8%A3%E0%B8%B1%E0%B8%9A%E0%B8%8B%E0%B8%B7%E0%B9%89%E0%B8%AD-ssd-%E0%B8%A1%E0%B8%AB%E0%B8%B2%E0%B8%AA%E0%B8%B2%E0%B8%A3%E0%B8%84%E0%B8%B2%E0%B8%A1,/รับซื้อ/รับซื้อ-ssd-มหาสารคาม,/รับซื้อ/รับซื้อ-ssd-มหาสารคาม,yes,no,no,308,308,79,79,yes,PASS
80,/%E0%B8%A3%E0%B8%B1%E0%B8%9A%E0%B8%8B%E0%B8%B7%E0%B9%89%E0%B8%AD/%E0%B8%A3%E0%B8%B1%E0%B8%9A%E0%B8%8B%E0%B8%B7%E0%B9%89%E0%B8%AD-hdd-%E0%B8%A1%E0%B8%AB%E0%B8%B2%E0%B8%AA%E0%B8%B2%E0%B8%A3%E0%B8%84%E0%B8%B2%E0%B8%A1,/รับซื้อ/รับซื้อ-ssd-มหาสารคาม,/%E0%B8%A3%E0%B8%B1%E0%B8%9A%E0%B8%8B%E0%B8%B7%E0%B9%89%E0%B8%AD/%E0%B8%A3%E0%B8%B1%E0%B8%9A%E0%B8%8B%E0%B8%B7%E0%B9%89%E0%B8%AD-ssd-%E0%B8%A1%E0%B8%AB%E0%B8%B2%E0%B8%AA%E0%B8%B2%E0%B8%A3%E0%B8%84%E0%B8%B2%E0%B8%A1,/รับซื้อ/รับซื้อ-ssd-มหาสารคาม,/รับซื้อ/รับซื้อ-ssd-มหาสารคาม,yes,no,no,308,308,80,80,yes,PASS
81,/รับซื้อ/รับซื้อ-gopro-มหาสารคาม,/บริการ/รับซื้อ-gopro-action-camera,/%E0%B8%9A%E0%B8%A3%E0%B8%B4%E0%B8%81%E0%B8%B2%E0%B8%A3/%E0%B8%A3%E0%B8%B1%E0%B8%9A%E0%B8%8B%E0%B8%B7%E0%B9%89%E0%B8%AD-gopro-action-camera,/บริการ/รับซื้อ-gopro-action-camera,/บริการ/รับซื้อ-gopro-action-camera,yes,no,no,308,308,81,81,yes,PASS
82,/%E0%B8%A3%E0%B8%B1%E0%B8%9A%E0%B8%8B%E0%B8%B7%E0%B9%89%E0%B8%AD/%E0%B8%A3%E0%B8%B1%E0%B8%9A%E0%B8%8B%E0%B8%B7%E0%B9%89%E0%B8%AD-gopro-%E0%B8%A1%E0%B8%AB%E0%B8%B2%E0%B8%AA%E0%B8%B2%E0%B8%A3%E0%B8%84%E0%B8%B2%E0%B8%A1,/บริการ/รับซื้อ-gopro-action-camera,/%E0%B8%9A%E0%B8%A3%E0%B8%B4%E0%B8%81%E0%B8%B2%E0%B8%A3/%E0%B8%A3%E0%B8%B1%E0%B8%9A%E0%B8%8B%E0%B8%B7%E0%B9%89%E0%B8%AD-gopro-action-camera,/บริการ/รับซื้อ-gopro-action-camera,/บริการ/รับซื้อ-gopro-action-camera,yes,no,no,308,308,82,82,yes,PASS
83,/รับซื้อ/รับซื้อเลนส์-มหาสารคาม,/บริการ/รับซื้อเลนส์กล้อง,/%E0%B8%9A%E0%B8%A3%E0%B8%B4%E0%B8%81%E0%B8%B2%E0%B8%A3/%E0%B8%A3%E0%B8%B1%E0%B8%9A%E0%B8%8B%E0%B8%B7%E0%B9%89%E0%B8%AD%E0%B9%80%E0%B8%A5%E0%B8%99%E0%B8%AA%E0%B9%8C%E0%B8%81%E0%B8%A5%E0%B9%89%E0%B8%AD%E0%B8%87,/บริการ/รับซื้อเลนส์กล้อง,/บริการ/รับซื้อเลนส์กล้อง,yes,no,no,308,308,83,83,yes,PASS
84,/%E0%B8%A3%E0%B8%B1%E0%B8%9A%E0%B8%8B%E0%B8%B7%E0%B9%89%E0%B8%AD/%E0%B8%A3%E0%B8%B1%E0%B8%9A%E0%B8%8B%E0%B8%B7%E0%B9%89%E0%B8%AD%E0%B9%80%E0%B8%A5%E0%B8%99%E0%B8%AA%E0%B9%8C-%E0%B8%A1%E0%B8%AB%E0%B8%B2%E0%B8%AA%E0%B8%B2%E0%B8%A3%E0%B8%84%E0%B8%B2%E0%B8%A1,/บริการ/รับซื้อเลนส์กล้อง,/%E0%B8%9A%E0%B8%A3%E0%B8%B4%E0%B8%81%E0%B8%B2%E0%B8%A3/%E0%B8%A3%E0%B8%B1%E0%B8%9A%E0%B8%8B%E0%B8%B7%E0%B9%89%E0%B8%AD%E0%B9%80%E0%B8%A5%E0%B8%99%E0%B8%AA%E0%B9%8C%E0%B8%81%E0%B8%A5%E0%B9%89%E0%B8%AD%E0%B8%87,/บริการ/รับซื้อเลนส์กล้อง,/บริการ/รับซื้อเลนส์กล้อง,yes,no,no,308,308,84,84,yes,PASS
85,/รับซื้อ/รับซื้อ-storage-nas-มหาสารคาม,/บริการ/รับซื้อ-nas,/%E0%B8%9A%E0%B8%A3%E0%B8%B4%E0%B8%81%E0%B8%B2%E0%B8%A3/%E0%B8%A3%E0%B8%B1%E0%B8%9A%E0%B8%8B%E0%B8%B7%E0%B9%89%E0%B8%AD-nas,/บริการ/รับซื้อ-nas,/บริการ/รับซื้อ-nas,yes,no,no,308,308,85,85,yes,PASS
86,/%E0%B8%A3%E0%B8%B1%E0%B8%9A%E0%B8%8B%E0%B8%B7%E0%B9%89%E0%B8%AD/%E0%B8%A3%E0%B8%B1%E0%B8%9A%E0%B8%8B%E0%B8%B7%E0%B9%89%E0%B8%AD-storage-nas-%E0%B8%A1%E0%B8%AB%E0%B8%B2%E0%B8%AA%E0%B8%B2%E0%B8%A3%E0%B8%84%E0%B8%B2%E0%B8%A1,/บริการ/รับซื้อ-nas,/%E0%B8%9A%E0%B8%A3%E0%B8%B4%E0%B8%81%E0%B8%B2%E0%B8%A3/%E0%B8%A3%E0%B8%B1%E0%B8%9A%E0%B8%8B%E0%B8%B7%E0%B9%89%E0%B8%AD-nas,/บริการ/รับซื้อ-nas,/บริการ/รับซื้อ-nas,yes,no,no,308,308,86,86,yes,PASS
87,/รับซื้อ/รับซื้อ-hdd-มุกดาหาร,/รับซื้อ/รับซื้อ-ssd-มุกดาหาร,/%E0%B8%A3%E0%B8%B1%E0%B8%9A%E0%B8%8B%E0%B8%B7%E0%B9%89%E0%B8%AD/%E0%B8%A3%E0%B8%B1%E0%B8%9A%E0%B8%8B%E0%B8%B7%E0%B9%89%E0%B8%AD-ssd-%E0%B8%A1%E0%B8%B8%E0%B8%81%E0%B8%94%E0%B8%B2%E0%B8%AB%E0%B8%B2%E0%B8%A3,/รับซื้อ/รับซื้อ-ssd-มุกดาหาร,/รับซื้อ/รับซื้อ-ssd-มุกดาหาร,yes,no,no,308,308,87,87,yes,PASS
88,/%E0%B8%A3%E0%B8%B1%E0%B8%9A%E0%B8%8B%E0%B8%B7%E0%B9%89%E0%B8%AD/%E0%B8%A3%E0%B8%B1%E0%B8%9A%E0%B8%8B%E0%B8%B7%E0%B9%89%E0%B8%AD-hdd-%E0%B8%A1%E0%B8%B8%E0%B8%81%E0%B8%94%E0%B8%B2%E0%B8%AB%E0%B8%B2%E0%B8%A3,/รับซื้อ/รับซื้อ-ssd-มุกดาหาร,/%E0%B8%A3%E0%B8%B1%E0%B8%9A%E0%B8%8B%E0%B8%B7%E0%B9%89%E0%B8%AD/%E0%B8%A3%E0%B8%B1%E0%B8%9A%E0%B8%8B%E0%B8%B7%E0%B9%89%E0%B8%AD-ssd-%E0%B8%A1%E0%B8%B8%E0%B8%81%E0%B8%94%E0%B8%B2%E0%B8%AB%E0%B8%B2%E0%B8%A3,/รับซื้อ/รับซื้อ-ssd-มุกดาหาร,/รับซื้อ/รับซื้อ-ssd-มุกดาหาร,yes,no,no,308,308,88,88,yes,PASS
89,/รับซื้อ/รับซื้อ-gopro-มุกดาหาร,/บริการ/รับซื้อ-gopro-action-camera,/%E0%B8%9A%E0%B8%A3%E0%B8%B4%E0%B8%81%E0%B8%B2%E0%B8%A3/%E0%B8%A3%E0%B8%B1%E0%B8%9A%E0%B8%8B%E0%B8%B7%E0%B9%89%E0%B8%AD-gopro-action-camera,/บริการ/รับซื้อ-gopro-action-camera,/บริการ/รับซื้อ-gopro-action-camera,yes,no,no,308,308,89,89,yes,PASS
90,/%E0%B8%A3%E0%B8%B1%E0%B8%9A%E0%B8%8B%E0%B8%B7%E0%B9%89%E0%B8%AD/%E0%B8%A3%E0%B8%B1%E0%B8%9A%E0%B8%8B%E0%B8%B7%E0%B9%89%E0%B8%AD-gopro-%E0%B8%A1%E0%B8%B8%E0%B8%81%E0%B8%94%E0%B8%B2%E0%B8%AB%E0%B8%B2%E0%B8%A3,/บริการ/รับซื้อ-gopro-action-camera,/%E0%B8%9A%E0%B8%A3%E0%B8%B4%E0%B8%81%E0%B8%B2%E0%B8%A3/%E0%B8%A3%E0%B8%B1%E0%B8%9A%E0%B8%8B%E0%B8%B7%E0%B9%89%E0%B8%AD-gopro-action-camera,/บริการ/รับซื้อ-gopro-action-camera,/บริการ/รับซื้อ-gopro-action-camera,yes,no,no,308,308,90,90,yes,PASS
91,/รับซื้อ/รับซื้อเลนส์-มุกดาหาร,/บริการ/รับซื้อเลนส์กล้อง,/%E0%B8%9A%E0%B8%A3%E0%B8%B4%E0%B8%81%E0%B8%B2%E0%B8%A3/%E0%B8%A3%E0%B8%B1%E0%B8%9A%E0%B8%8B%E0%B8%B7%E0%B9%89%E0%B8%AD%E0%B9%80%E0%B8%A5%E0%B8%99%E0%B8%AA%E0%B9%8C%E0%B8%81%E0%B8%A5%E0%B9%89%E0%B8%AD%E0%B8%87,/บริการ/รับซื้อเลนส์กล้อง,/บริการ/รับซื้อเลนส์กล้อง,yes,no,no,308,308,91,91,yes,PASS
92,/%E0%B8%A3%E0%B8%B1%E0%B8%9A%E0%B8%8B%E0%B8%B7%E0%B9%89%E0%B8%AD/%E0%B8%A3%E0%B8%B1%E0%B8%9A%E0%B8%8B%E0%B8%B7%E0%B9%89%E0%B8%AD%E0%B9%80%E0%B8%A5%E0%B8%99%E0%B8%AA%E0%B9%8C-%E0%B8%A1%E0%B8%B8%E0%B8%81%E0%B8%94%E0%B8%B2%E0%B8%AB%E0%B8%B2%E0%B8%A3,/บริการ/รับซื้อเลนส์กล้อง,/%E0%B8%9A%E0%B8%A3%E0%B8%B4%E0%B8%81%E0%B8%B2%E0%B8%A3/%E0%B8%A3%E0%B8%B1%E0%B8%9A%E0%B8%8B%E0%B8%B7%E0%B9%89%E0%B8%AD%E0%B9%80%E0%B8%A5%E0%B8%99%E0%B8%AA%E0%B9%8C%E0%B8%81%E0%B8%A5%E0%B9%89%E0%B8%AD%E0%B8%87,/บริการ/รับซื้อเลนส์กล้อง,/บริการ/รับซื้อเลนส์กล้อง,yes,no,no,308,308,92,92,yes,PASS
93,/รับซื้อ/รับซื้อ-storage-nas-มุกดาหาร,/บริการ/รับซื้อ-nas,/%E0%B8%9A%E0%B8%A3%E0%B8%B4%E0%B8%81%E0%B8%B2%E0%B8%A3/%E0%B8%A3%E0%B8%B1%E0%B8%9A%E0%B8%8B%E0%B8%B7%E0%B9%89%E0%B8%AD-nas,/บริการ/รับซื้อ-nas,/บริการ/รับซื้อ-nas,yes,no,no,308,308,93,93,yes,PASS
94,/%E0%B8%A3%E0%B8%B1%E0%B8%9A%E0%B8%8B%E0%B8%B7%E0%B9%89%E0%B8%AD/%E0%B8%A3%E0%B8%B1%E0%B8%9A%E0%B8%8B%E0%B8%B7%E0%B9%89%E0%B8%AD-storage-nas-%E0%B8%A1%E0%B8%B8%E0%B8%81%E0%B8%94%E0%B8%B2%E0%B8%AB%E0%B8%B2%E0%B8%A3,/บริการ/รับซื้อ-nas,/%E0%B8%9A%E0%B8%A3%E0%B8%B4%E0%B8%81%E0%B8%B2%E0%B8%A3/%E0%B8%A3%E0%B8%B1%E0%B8%9A%E0%B8%8B%E0%B8%B7%E0%B9%89%E0%B8%AD-nas,/บริการ/รับซื้อ-nas,/บริการ/รับซื้อ-nas,yes,no,no,308,308,94,94,yes,PASS
95,/รับซื้อ/รับซื้อ-hdd-ยโสธร,/รับซื้อ/รับซื้อ-ssd-ยโสธร,/%E0%B8%A3%E0%B8%B1%E0%B8%9A%E0%B8%8B%E0%B8%B7%E0%B9%89%E0%B8%AD/%E0%B8%A3%E0%B8%B1%E0%B8%9A%E0%B8%8B%E0%B8%B7%E0%B9%89%E0%B8%AD-ssd-%E0%B8%A2%E0%B9%82%E0%B8%AA%E0%B8%98%E0%B8%A3,/รับซื้อ/รับซื้อ-ssd-ยโสธร,/รับซื้อ/รับซื้อ-ssd-ยโสธร,yes,no,no,308,308,95,95,yes,PASS
96,/%E0%B8%A3%E0%B8%B1%E0%B8%9A%E0%B8%8B%E0%B8%B7%E0%B9%89%E0%B8%AD/%E0%B8%A3%E0%B8%B1%E0%B8%9A%E0%B8%8B%E0%B8%B7%E0%B9%89%E0%B8%AD-hdd-%E0%B8%A2%E0%B9%82%E0%B8%AA%E0%B8%98%E0%B8%A3,/รับซื้อ/รับซื้อ-ssd-ยโสธร,/%E0%B8%A3%E0%B8%B1%E0%B8%9A%E0%B8%8B%E0%B8%B7%E0%B9%89%E0%B8%AD/%E0%B8%A3%E0%B8%B1%E0%B8%9A%E0%B8%8B%E0%B8%B7%E0%B9%89%E0%B8%AD-ssd-%E0%B8%A2%E0%B9%82%E0%B8%AA%E0%B8%98%E0%B8%A3,/รับซื้อ/รับซื้อ-ssd-ยโสธร,/รับซื้อ/รับซื้อ-ssd-ยโสธร,yes,no,no,308,308,96,96,yes,PASS
97,/รับซื้อ/รับซื้อ-gopro-ยโสธร,/บริการ/รับซื้อ-gopro-action-camera,/%E0%B8%9A%E0%B8%A3%E0%B8%B4%E0%B8%81%E0%B8%B2%E0%B8%A3/%E0%B8%A3%E0%B8%B1%E0%B8%9A%E0%B8%8B%E0%B8%B7%E0%B9%89%E0%B8%AD-gopro-action-camera,/บริการ/รับซื้อ-gopro-action-camera,/บริการ/รับซื้อ-gopro-action-camera,yes,no,no,308,308,97,97,yes,PASS
98,/%E0%B8%A3%E0%B8%B1%E0%B8%9A%E0%B8%8B%E0%B8%B7%E0%B9%89%E0%B8%AD/%E0%B8%A3%E0%B8%B1%E0%B8%9A%E0%B8%8B%E0%B8%B7%E0%B9%89%E0%B8%AD-gopro-%E0%B8%A2%E0%B9%82%E0%B8%AA%E0%B8%98%E0%B8%A3,/บริการ/รับซื้อ-gopro-action-camera,/%E0%B8%9A%E0%B8%A3%E0%B8%B4%E0%B8%81%E0%B8%B2%E0%B8%A3/%E0%B8%A3%E0%B8%B1%E0%B8%9A%E0%B8%8B%E0%B8%B7%E0%B9%89%E0%B8%AD-gopro-action-camera,/บริการ/รับซื้อ-gopro-action-camera,/บริการ/รับซื้อ-gopro-action-camera,yes,no,no,308,308,98,98,yes,PASS
99,/รับซื้อ/รับซื้อเลนส์-ยโสธร,/บริการ/รับซื้อเลนส์กล้อง,/%E0%B8%9A%E0%B8%A3%E0%B8%B4%E0%B8%81%E0%B8%B2%E0%B8%A3/%E0%B8%A3%E0%B8%B1%E0%B8%9A%E0%B8%8B%E0%B8%B7%E0%B9%89%E0%B8%AD%E0%B9%80%E0%B8%A5%E0%B8%99%E0%B8%AA%E0%B9%8C%E0%B8%81%E0%B8%A5%E0%B9%89%E0%B8%AD%E0%B8%87,/บริการ/รับซื้อเลนส์กล้อง,/บริการ/รับซื้อเลนส์กล้อง,yes,no,no,308,308,99,99,yes,PASS
100,/%E0%B8%A3%E0%B8%B1%E0%B8%9A%E0%B8%8B%E0%B8%B7%E0%B9%89%E0%B8%AD/%E0%B8%A3%E0%B8%B1%E0%B8%9A%E0%B8%8B%E0%B8%B7%E0%B9%89%E0%B8%AD%E0%B9%80%E0%B8%A5%E0%B8%99%E0%B8%AA%E0%B9%8C-%E0%B8%A2%E0%B9%82%E0%B8%AA%E0%B8%98%E0%B8%A3,/บริการ/รับซื้อเลนส์กล้อง,/%E0%B8%9A%E0%B8%A3%E0%B8%B4%E0%B8%81%E0%B8%B2%E0%B8%A3/%E0%B8%A3%E0%B8%B1%E0%B8%9A%E0%B8%8B%E0%B8%B7%E0%B9%89%E0%B8%AD%E0%B9%80%E0%B8%A5%E0%B8%99%E0%B8%AA%E0%B9%8C%E0%B8%81%E0%B8%A5%E0%B9%89%E0%B8%AD%E0%B8%87,/บริการ/รับซื้อเลนส์กล้อง,/บริการ/รับซื้อเลนส์กล้อง,yes,no,no,308,308,100,100,yes,PASS
101,/รับซื้อ/รับซื้อ-storage-nas-ยโสธร,/บริการ/รับซื้อ-nas,/%E0%B8%9A%E0%B8%A3%E0%B8%B4%E0%B8%81%E0%B8%B2%E0%B8%A3/%E0%B8%A3%E0%B8%B1%E0%B8%9A%E0%B8%8B%E0%B8%B7%E0%B9%89%E0%B8%AD-nas,/บริการ/รับซื้อ-nas,/บริการ/รับซื้อ-nas,yes,no,no,308,308,101,101,yes,PASS
102,/%E0%B8%A3%E0%B8%B1%E0%B8%9A%E0%B8%8B%E0%B8%B7%E0%B9%89%E0%B8%AD/%E0%B8%A3%E0%B8%B1%E0%B8%9A%E0%B8%8B%E0%B8%B7%E0%B9%89%E0%B8%AD-storage-nas-%E0%B8%A2%E0%B9%82%E0%B8%AA%E0%B8%98%E0%B8%A3,/บริการ/รับซื้อ-nas,/%E0%B8%9A%E0%B8%A3%E0%B8%B4%E0%B8%81%E0%B8%B2%E0%B8%A3/%E0%B8%A3%E0%B8%B1%E0%B8%9A%E0%B8%8B%E0%B8%B7%E0%B9%89%E0%B8%AD-nas,/บริการ/รับซื้อ-nas,/บริการ/รับซื้อ-nas,yes,no,no,308,308,102,102,yes,PASS
103,/รับซื้อ/รับซื้อ-hdd-ร้อยเอ็ด,/รับซื้อ/รับซื้อ-ssd-ร้อยเอ็ด,/%E0%B8%A3%E0%B8%B1%E0%B8%9A%E0%B8%8B%E0%B8%B7%E0%B9%89%E0%B8%AD/%E0%B8%A3%E0%B8%B1%E0%B8%9A%E0%B8%8B%E0%B8%B7%E0%B9%89%E0%B8%AD-ssd-%E0%B8%A3%E0%B9%89%E0%B8%AD%E0%B8%A2%E0%B9%80%E0%B8%AD%E0%B9%87%E0%B8%94,/รับซื้อ/รับซื้อ-ssd-ร้อยเอ็ด,/รับซื้อ/รับซื้อ-ssd-ร้อยเอ็ด,yes,no,no,308,308,103,103,yes,PASS
104,/%E0%B8%A3%E0%B8%B1%E0%B8%9A%E0%B8%8B%E0%B8%B7%E0%B9%89%E0%B8%AD/%E0%B8%A3%E0%B8%B1%E0%B8%9A%E0%B8%8B%E0%B8%B7%E0%B9%89%E0%B8%AD-hdd-%E0%B8%A3%E0%B9%89%E0%B8%AD%E0%B8%A2%E0%B9%80%E0%B8%AD%E0%B9%87%E0%B8%94,/รับซื้อ/รับซื้อ-ssd-ร้อยเอ็ด,/%E0%B8%A3%E0%B8%B1%E0%B8%9A%E0%B8%8B%E0%B8%B7%E0%B9%89%E0%B8%AD/%E0%B8%A3%E0%B8%B1%E0%B8%9A%E0%B8%8B%E0%B8%B7%E0%B9%89%E0%B8%AD-ssd-%E0%B8%A3%E0%B9%89%E0%B8%AD%E0%B8%A2%E0%B9%80%E0%B8%AD%E0%B9%87%E0%B8%94,/รับซื้อ/รับซื้อ-ssd-ร้อยเอ็ด,/รับซื้อ/รับซื้อ-ssd-ร้อยเอ็ด,yes,no,no,308,308,104,104,yes,PASS
105,/รับซื้อ/รับซื้อ-gopro-ร้อยเอ็ด,/บริการ/รับซื้อ-gopro-action-camera,/%E0%B8%9A%E0%B8%A3%E0%B8%B4%E0%B8%81%E0%B8%B2%E0%B8%A3/%E0%B8%A3%E0%B8%B1%E0%B8%9A%E0%B8%8B%E0%B8%B7%E0%B9%89%E0%B8%AD-gopro-action-camera,/บริการ/รับซื้อ-gopro-action-camera,/บริการ/รับซื้อ-gopro-action-camera,yes,no,no,308,308,105,105,yes,PASS
106,/%E0%B8%A3%E0%B8%B1%E0%B8%9A%E0%B8%8B%E0%B8%B7%E0%B9%89%E0%B8%AD/%E0%B8%A3%E0%B8%B1%E0%B8%9A%E0%B8%8B%E0%B8%B7%E0%B9%89%E0%B8%AD-gopro-%E0%B8%A3%E0%B9%89%E0%B8%AD%E0%B8%A2%E0%B9%80%E0%B8%AD%E0%B9%87%E0%B8%94,/บริการ/รับซื้อ-gopro-action-camera,/%E0%B8%9A%E0%B8%A3%E0%B8%B4%E0%B8%81%E0%B8%B2%E0%B8%A3/%E0%B8%A3%E0%B8%B1%E0%B8%9A%E0%B8%8B%E0%B8%B7%E0%B9%89%E0%B8%AD-gopro-action-camera,/บริการ/รับซื้อ-gopro-action-camera,/บริการ/รับซื้อ-gopro-action-camera,yes,no,no,308,308,106,106,yes,PASS
107,/รับซื้อ/รับซื้อเลนส์-ร้อยเอ็ด,/บริการ/รับซื้อเลนส์กล้อง,/%E0%B8%9A%E0%B8%A3%E0%B8%B4%E0%B8%81%E0%B8%B2%E0%B8%A3/%E0%B8%A3%E0%B8%B1%E0%B8%9A%E0%B8%8B%E0%B8%B7%E0%B9%89%E0%B8%AD%E0%B9%80%E0%B8%A5%E0%B8%99%E0%B8%AA%E0%B9%8C%E0%B8%81%E0%B8%A5%E0%B9%89%E0%B8%AD%E0%B8%87,/บริการ/รับซื้อเลนส์กล้อง,/บริการ/รับซื้อเลนส์กล้อง,yes,no,no,308,308,107,107,yes,PASS
108,/%E0%B8%A3%E0%B8%B1%E0%B8%9A%E0%B8%8B%E0%B8%B7%E0%B9%89%E0%B8%AD/%E0%B8%A3%E0%B8%B1%E0%B8%9A%E0%B8%8B%E0%B8%B7%E0%B9%89%E0%B8%AD%E0%B9%80%E0%B8%A5%E0%B8%99%E0%B8%AA%E0%B9%8C-%E0%B8%A3%E0%B9%89%E0%B8%AD%E0%B8%A2%E0%B9%80%E0%B8%AD%E0%B9%87%E0%B8%94,/บริการ/รับซื้อเลนส์กล้อง,/%E0%B8%9A%E0%B8%A3%E0%B8%B4%E0%B8%81%E0%B8%B2%E0%B8%A3/%E0%B8%A3%E0%B8%B1%E0%B8%9A%E0%B8%8B%E0%B8%B7%E0%B9%89%E0%B8%AD%E0%B9%80%E0%B8%A5%E0%B8%99%E0%B8%AA%E0%B9%8C%E0%B8%81%E0%B8%A5%E0%B9%89%E0%B8%AD%E0%B8%87,/บริการ/รับซื้อเลนส์กล้อง,/บริการ/รับซื้อเลนส์กล้อง,yes,no,no,308,308,108,108,yes,PASS
109,/รับซื้อ/รับซื้อ-storage-nas-ร้อยเอ็ด,/บริการ/รับซื้อ-nas,/%E0%B8%9A%E0%B8%A3%E0%B8%B4%E0%B8%81%E0%B8%B2%E0%B8%A3/%E0%B8%A3%E0%B8%B1%E0%B8%9A%E0%B8%8B%E0%B8%B7%E0%B9%89%E0%B8%AD-nas,/บริการ/รับซื้อ-nas,/บริการ/รับซื้อ-nas,yes,no,no,308,308,109,109,yes,PASS
110,/%E0%B8%A3%E0%B8%B1%E0%B8%9A%E0%B8%8B%E0%B8%B7%E0%B9%89%E0%B8%AD/%E0%B8%A3%E0%B8%B1%E0%B8%9A%E0%B8%8B%E0%B8%B7%E0%B9%89%E0%B8%AD-storage-nas-%E0%B8%A3%E0%B9%89%E0%B8%AD%E0%B8%A2%E0%B9%80%E0%B8%AD%E0%B9%87%E0%B8%94,/บริการ/รับซื้อ-nas,/%E0%B8%9A%E0%B8%A3%E0%B8%B4%E0%B8%81%E0%B8%B2%E0%B8%A3/%E0%B8%A3%E0%B8%B1%E0%B8%9A%E0%B8%8B%E0%B8%B7%E0%B9%89%E0%B8%AD-nas,/บริการ/รับซื้อ-nas,/บริการ/รับซื้อ-nas,yes,no,no,308,308,110,110,yes,PASS
111,/รับซื้อ/รับซื้อ-hdd-เลย,/รับซื้อ/รับซื้อ-ssd-เลย,/%E0%B8%A3%E0%B8%B1%E0%B8%9A%E0%B8%8B%E0%B8%B7%E0%B9%89%E0%B8%AD/%E0%B8%A3%E0%B8%B1%E0%B8%9A%E0%B8%8B%E0%B8%B7%E0%B9%89%E0%B8%AD-ssd-%E0%B9%80%E0%B8%A5%E0%B8%A2,/รับซื้อ/รับซื้อ-ssd-เลย,/รับซื้อ/รับซื้อ-ssd-เลย,yes,no,no,308,308,111,111,yes,PASS
112,/%E0%B8%A3%E0%B8%B1%E0%B8%9A%E0%B8%8B%E0%B8%B7%E0%B9%89%E0%B8%AD/%E0%B8%A3%E0%B8%B1%E0%B8%9A%E0%B8%8B%E0%B8%B7%E0%B9%89%E0%B8%AD-hdd-%E0%B9%80%E0%B8%A5%E0%B8%A2,/รับซื้อ/รับซื้อ-ssd-เลย,/%E0%B8%A3%E0%B8%B1%E0%B8%9A%E0%B8%8B%E0%B8%B7%E0%B9%89%E0%B8%AD/%E0%B8%A3%E0%B8%B1%E0%B8%9A%E0%B8%8B%E0%B8%B7%E0%B9%89%E0%B8%AD-ssd-%E0%B9%80%E0%B8%A5%E0%B8%A2,/รับซื้อ/รับซื้อ-ssd-เลย,/รับซื้อ/รับซื้อ-ssd-เลย,yes,no,no,308,308,112,112,yes,PASS
113,/รับซื้อ/รับซื้อ-gopro-เลย,/บริการ/รับซื้อ-gopro-action-camera,/%E0%B8%9A%E0%B8%A3%E0%B8%B4%E0%B8%81%E0%B8%B2%E0%B8%A3/%E0%B8%A3%E0%B8%B1%E0%B8%9A%E0%B8%8B%E0%B8%B7%E0%B9%89%E0%B8%AD-gopro-action-camera,/บริการ/รับซื้อ-gopro-action-camera,/บริการ/รับซื้อ-gopro-action-camera,yes,no,no,308,308,113,113,yes,PASS
114,/%E0%B8%A3%E0%B8%B1%E0%B8%9A%E0%B8%8B%E0%B8%B7%E0%B9%89%E0%B8%AD/%E0%B8%A3%E0%B8%B1%E0%B8%9A%E0%B8%8B%E0%B8%B7%E0%B9%89%E0%B8%AD-gopro-%E0%B9%80%E0%B8%A5%E0%B8%A2,/บริการ/รับซื้อ-gopro-action-camera,/%E0%B8%9A%E0%B8%A3%E0%B8%B4%E0%B8%81%E0%B8%B2%E0%B8%A3/%E0%B8%A3%E0%B8%B1%E0%B8%9A%E0%B8%8B%E0%B8%B7%E0%B9%89%E0%B8%AD-gopro-action-camera,/บริการ/รับซื้อ-gopro-action-camera,/บริการ/รับซื้อ-gopro-action-camera,yes,no,no,308,308,114,114,yes,PASS
115,/รับซื้อ/รับซื้อเลนส์-เลย,/บริการ/รับซื้อเลนส์กล้อง,/%E0%B8%9A%E0%B8%A3%E0%B8%B4%E0%B8%81%E0%B8%B2%E0%B8%A3/%E0%B8%A3%E0%B8%B1%E0%B8%9A%E0%B8%8B%E0%B8%B7%E0%B9%89%E0%B8%AD%E0%B9%80%E0%B8%A5%E0%B8%99%E0%B8%AA%E0%B9%8C%E0%B8%81%E0%B8%A5%E0%B9%89%E0%B8%AD%E0%B8%87,/บริการ/รับซื้อเลนส์กล้อง,/บริการ/รับซื้อเลนส์กล้อง,yes,no,no,308,308,115,115,yes,PASS
116,/%E0%B8%A3%E0%B8%B1%E0%B8%9A%E0%B8%8B%E0%B8%B7%E0%B9%89%E0%B8%AD/%E0%B8%A3%E0%B8%B1%E0%B8%9A%E0%B8%8B%E0%B8%B7%E0%B9%89%E0%B8%AD%E0%B9%80%E0%B8%A5%E0%B8%99%E0%B8%AA%E0%B9%8C-%E0%B9%80%E0%B8%A5%E0%B8%A2,/บริการ/รับซื้อเลนส์กล้อง,/%E0%B8%9A%E0%B8%A3%E0%B8%B4%E0%B8%81%E0%B8%B2%E0%B8%A3/%E0%B8%A3%E0%B8%B1%E0%B8%9A%E0%B8%8B%E0%B8%B7%E0%B9%89%E0%B8%AD%E0%B9%80%E0%B8%A5%E0%B8%99%E0%B8%AA%E0%B9%8C%E0%B8%81%E0%B8%A5%E0%B9%89%E0%B8%AD%E0%B8%87,/บริการ/รับซื้อเลนส์กล้อง,/บริการ/รับซื้อเลนส์กล้อง,yes,no,no,308,308,116,116,yes,PASS
117,/รับซื้อ/รับซื้อ-storage-nas-เลย,/บริการ/รับซื้อ-nas,/%E0%B8%9A%E0%B8%A3%E0%B8%B4%E0%B8%81%E0%B8%B2%E0%B8%A3/%E0%B8%A3%E0%B8%B1%E0%B8%9A%E0%B8%8B%E0%B8%B7%E0%B9%89%E0%B8%AD-nas,/บริการ/รับซื้อ-nas,/บริการ/รับซื้อ-nas,yes,no,no,308,308,117,117,yes,PASS
118,/%E0%B8%A3%E0%B8%B1%E0%B8%9A%E0%B8%8B%E0%B8%B7%E0%B9%89%E0%B8%AD/%E0%B8%A3%E0%B8%B1%E0%B8%9A%E0%B8%8B%E0%B8%B7%E0%B9%89%E0%B8%AD-storage-nas-%E0%B9%80%E0%B8%A5%E0%B8%A2,/บริการ/รับซื้อ-nas,/%E0%B8%9A%E0%B8%A3%E0%B8%B4%E0%B8%81%E0%B8%B2%E0%B8%A3/%E0%B8%A3%E0%B8%B1%E0%B8%9A%E0%B8%8B%E0%B8%B7%E0%B9%89%E0%B8%AD-nas,/บริการ/รับซื้อ-nas,/บริการ/รับซื้อ-nas,yes,no,no,308,308,118,118,yes,PASS
119,/รับซื้อ/รับซื้อ-hdd-ศรีสะเกษ,/รับซื้อ/รับซื้อ-ssd-ศรีสะเกษ,/%E0%B8%A3%E0%B8%B1%E0%B8%9A%E0%B8%8B%E0%B8%B7%E0%B9%89%E0%B8%AD/%E0%B8%A3%E0%B8%B1%E0%B8%9A%E0%B8%8B%E0%B8%B7%E0%B9%89%E0%B8%AD-ssd-%E0%B8%A8%E0%B8%A3%E0%B8%B5%E0%B8%AA%E0%B8%B0%E0%B9%80%E0%B8%81%E0%B8%A9,/รับซื้อ/รับซื้อ-ssd-ศรีสะเกษ,/รับซื้อ/รับซื้อ-ssd-ศรีสะเกษ,yes,no,no,308,308,119,119,yes,PASS
120,/%E0%B8%A3%E0%B8%B1%E0%B8%9A%E0%B8%8B%E0%B8%B7%E0%B9%89%E0%B8%AD/%E0%B8%A3%E0%B8%B1%E0%B8%9A%E0%B8%8B%E0%B8%B7%E0%B9%89%E0%B8%AD-hdd-%E0%B8%A8%E0%B8%A3%E0%B8%B5%E0%B8%AA%E0%B8%B0%E0%B9%80%E0%B8%81%E0%B8%A9,/รับซื้อ/รับซื้อ-ssd-ศรีสะเกษ,/%E0%B8%A3%E0%B8%B1%E0%B8%9A%E0%B8%8B%E0%B8%B7%E0%B9%89%E0%B8%AD/%E0%B8%A3%E0%B8%B1%E0%B8%9A%E0%B8%8B%E0%B8%B7%E0%B9%89%E0%B8%AD-ssd-%E0%B8%A8%E0%B8%A3%E0%B8%B5%E0%B8%AA%E0%B8%B0%E0%B9%80%E0%B8%81%E0%B8%A9,/รับซื้อ/รับซื้อ-ssd-ศรีสะเกษ,/รับซื้อ/รับซื้อ-ssd-ศรีสะเกษ,yes,no,no,308,308,120,120,yes,PASS
121,/รับซื้อ/รับซื้อ-gopro-ศรีสะเกษ,/บริการ/รับซื้อ-gopro-action-camera,/%E0%B8%9A%E0%B8%A3%E0%B8%B4%E0%B8%81%E0%B8%B2%E0%B8%A3/%E0%B8%A3%E0%B8%B1%E0%B8%9A%E0%B8%8B%E0%B8%B7%E0%B9%89%E0%B8%AD-gopro-action-camera,/บริการ/รับซื้อ-gopro-action-camera,/บริการ/รับซื้อ-gopro-action-camera,yes,no,no,308,308,121,121,yes,PASS
122,/%E0%B8%A3%E0%B8%B1%E0%B8%9A%E0%B8%8B%E0%B8%B7%E0%B9%89%E0%B8%AD/%E0%B8%A3%E0%B8%B1%E0%B8%9A%E0%B8%8B%E0%B8%B7%E0%B9%89%E0%B8%AD-gopro-%E0%B8%A8%E0%B8%A3%E0%B8%B5%E0%B8%AA%E0%B8%B0%E0%B9%80%E0%B8%81%E0%B8%A9,/บริการ/รับซื้อ-gopro-action-camera,/%E0%B8%9A%E0%B8%A3%E0%B8%B4%E0%B8%81%E0%B8%B2%E0%B8%A3/%E0%B8%A3%E0%B8%B1%E0%B8%9A%E0%B8%8B%E0%B8%B7%E0%B9%89%E0%B8%AD-gopro-action-camera,/บริการ/รับซื้อ-gopro-action-camera,/บริการ/รับซื้อ-gopro-action-camera,yes,no,no,308,308,122,122,yes,PASS
123,/รับซื้อ/รับซื้อเลนส์-ศรีสะเกษ,/บริการ/รับซื้อเลนส์กล้อง,/%E0%B8%9A%E0%B8%A3%E0%B8%B4%E0%B8%81%E0%B8%B2%E0%B8%A3/%E0%B8%A3%E0%B8%B1%E0%B8%9A%E0%B8%8B%E0%B8%B7%E0%B9%89%E0%B8%AD%E0%B9%80%E0%B8%A5%E0%B8%99%E0%B8%AA%E0%B9%8C%E0%B8%81%E0%B8%A5%E0%B9%89%E0%B8%AD%E0%B8%87,/บริการ/รับซื้อเลนส์กล้อง,/บริการ/รับซื้อเลนส์กล้อง,yes,no,no,308,308,123,123,yes,PASS
124,/%E0%B8%A3%E0%B8%B1%E0%B8%9A%E0%B8%8B%E0%B8%B7%E0%B9%89%E0%B8%AD/%E0%B8%A3%E0%B8%B1%E0%B8%9A%E0%B8%8B%E0%B8%B7%E0%B9%89%E0%B8%AD%E0%B9%80%E0%B8%A5%E0%B8%99%E0%B8%AA%E0%B9%8C-%E0%B8%A8%E0%B8%A3%E0%B8%B5%E0%B8%AA%E0%B8%B0%E0%B9%80%E0%B8%81%E0%B8%A9,/บริการ/รับซื้อเลนส์กล้อง,/%E0%B8%9A%E0%B8%A3%E0%B8%B4%E0%B8%81%E0%B8%B2%E0%B8%A3/%E0%B8%A3%E0%B8%B1%E0%B8%9A%E0%B8%8B%E0%B8%B7%E0%B9%89%E0%B8%AD%E0%B9%80%E0%B8%A5%E0%B8%99%E0%B8%AA%E0%B9%8C%E0%B8%81%E0%B8%A5%E0%B9%89%E0%B8%AD%E0%B8%87,/บริการ/รับซื้อเลนส์กล้อง,/บริการ/รับซื้อเลนส์กล้อง,yes,no,no,308,308,124,124,yes,PASS
125,/รับซื้อ/รับซื้อ-storage-nas-ศรีสะเกษ,/บริการ/รับซื้อ-nas,/%E0%B8%9A%E0%B8%A3%E0%B8%B4%E0%B8%81%E0%B8%B2%E0%B8%A3/%E0%B8%A3%E0%B8%B1%E0%B8%9A%E0%B8%8B%E0%B8%B7%E0%B9%89%E0%B8%AD-nas,/บริการ/รับซื้อ-nas,/บริการ/รับซื้อ-nas,yes,no,no,308,308,125,125,yes,PASS
126,/%E0%B8%A3%E0%B8%B1%E0%B8%9A%E0%B8%8B%E0%B8%B7%E0%B9%89%E0%B8%AD/%E0%B8%A3%E0%B8%B1%E0%B8%9A%E0%B8%8B%E0%B8%B7%E0%B9%89%E0%B8%AD-storage-nas-%E0%B8%A8%E0%B8%A3%E0%B8%B5%E0%B8%AA%E0%B8%B0%E0%B9%80%E0%B8%81%E0%B8%A9,/บริการ/รับซื้อ-nas,/%E0%B8%9A%E0%B8%A3%E0%B8%B4%E0%B8%81%E0%B8%B2%E0%B8%A3/%E0%B8%A3%E0%B8%B1%E0%B8%9A%E0%B8%8B%E0%B8%B7%E0%B9%89%E0%B8%AD-nas,/บริการ/รับซื้อ-nas,/บริการ/รับซื้อ-nas,yes,no,no,308,308,126,126,yes,PASS
127,/รับซื้อ/รับซื้อ-hdd-สกลนคร,/รับซื้อ/รับซื้อ-ssd-สกลนคร,/%E0%B8%A3%E0%B8%B1%E0%B8%9A%E0%B8%8B%E0%B8%B7%E0%B9%89%E0%B8%AD/%E0%B8%A3%E0%B8%B1%E0%B8%9A%E0%B8%8B%E0%B8%B7%E0%B9%89%E0%B8%AD-ssd-%E0%B8%AA%E0%B8%81%E0%B8%A5%E0%B8%99%E0%B8%84%E0%B8%A3,/รับซื้อ/รับซื้อ-ssd-สกลนคร,/รับซื้อ/รับซื้อ-ssd-สกลนคร,yes,no,no,308,308,127,127,yes,PASS
128,/%E0%B8%A3%E0%B8%B1%E0%B8%9A%E0%B8%8B%E0%B8%B7%E0%B9%89%E0%B8%AD/%E0%B8%A3%E0%B8%B1%E0%B8%9A%E0%B8%8B%E0%B8%B7%E0%B9%89%E0%B8%AD-hdd-%E0%B8%AA%E0%B8%81%E0%B8%A5%E0%B8%99%E0%B8%84%E0%B8%A3,/รับซื้อ/รับซื้อ-ssd-สกลนคร,/%E0%B8%A3%E0%B8%B1%E0%B8%9A%E0%B8%8B%E0%B8%B7%E0%B9%89%E0%B8%AD/%E0%B8%A3%E0%B8%B1%E0%B8%9A%E0%B8%8B%E0%B8%B7%E0%B9%89%E0%B8%AD-ssd-%E0%B8%AA%E0%B8%81%E0%B8%A5%E0%B8%99%E0%B8%84%E0%B8%A3,/รับซื้อ/รับซื้อ-ssd-สกลนคร,/รับซื้อ/รับซื้อ-ssd-สกลนคร,yes,no,no,308,308,128,128,yes,PASS
129,/รับซื้อ/รับซื้อ-gopro-สกลนคร,/บริการ/รับซื้อ-gopro-action-camera,/%E0%B8%9A%E0%B8%A3%E0%B8%B4%E0%B8%81%E0%B8%B2%E0%B8%A3/%E0%B8%A3%E0%B8%B1%E0%B8%9A%E0%B8%8B%E0%B8%B7%E0%B9%89%E0%B8%AD-gopro-action-camera,/บริการ/รับซื้อ-gopro-action-camera,/บริการ/รับซื้อ-gopro-action-camera,yes,no,no,308,308,129,129,yes,PASS
130,/%E0%B8%A3%E0%B8%B1%E0%B8%9A%E0%B8%8B%E0%B8%B7%E0%B9%89%E0%B8%AD/%E0%B8%A3%E0%B8%B1%E0%B8%9A%E0%B8%8B%E0%B8%B7%E0%B9%89%E0%B8%AD-gopro-%E0%B8%AA%E0%B8%81%E0%B8%A5%E0%B8%99%E0%B8%84%E0%B8%A3,/บริการ/รับซื้อ-gopro-action-camera,/%E0%B8%9A%E0%B8%A3%E0%B8%B4%E0%B8%81%E0%B8%B2%E0%B8%A3/%E0%B8%A3%E0%B8%B1%E0%B8%9A%E0%B8%8B%E0%B8%B7%E0%B9%89%E0%B8%AD-gopro-action-camera,/บริการ/รับซื้อ-gopro-action-camera,/บริการ/รับซื้อ-gopro-action-camera,yes,no,no,308,308,130,130,yes,PASS
131,/รับซื้อ/รับซื้อเลนส์-สกลนคร,/บริการ/รับซื้อเลนส์กล้อง,/%E0%B8%9A%E0%B8%A3%E0%B8%B4%E0%B8%81%E0%B8%B2%E0%B8%A3/%E0%B8%A3%E0%B8%B1%E0%B8%9A%E0%B8%8B%E0%B8%B7%E0%B9%89%E0%B8%AD%E0%B9%80%E0%B8%A5%E0%B8%99%E0%B8%AA%E0%B9%8C%E0%B8%81%E0%B8%A5%E0%B9%89%E0%B8%AD%E0%B8%87,/บริการ/รับซื้อเลนส์กล้อง,/บริการ/รับซื้อเลนส์กล้อง,yes,no,no,308,308,131,131,yes,PASS
132,/%E0%B8%A3%E0%B8%B1%E0%B8%9A%E0%B8%8B%E0%B8%B7%E0%B9%89%E0%B8%AD/%E0%B8%A3%E0%B8%B1%E0%B8%9A%E0%B8%8B%E0%B8%B7%E0%B9%89%E0%B8%AD%E0%B9%80%E0%B8%A5%E0%B8%99%E0%B8%AA%E0%B9%8C-%E0%B8%AA%E0%B8%81%E0%B8%A5%E0%B8%99%E0%B8%84%E0%B8%A3,/บริการ/รับซื้อเลนส์กล้อง,/%E0%B8%9A%E0%B8%A3%E0%B8%B4%E0%B8%81%E0%B8%B2%E0%B8%A3/%E0%B8%A3%E0%B8%B1%E0%B8%9A%E0%B8%8B%E0%B8%B7%E0%B9%89%E0%B8%AD%E0%B9%80%E0%B8%A5%E0%B8%99%E0%B8%AA%E0%B9%8C%E0%B8%81%E0%B8%A5%E0%B9%89%E0%B8%AD%E0%B8%87,/บริการ/รับซื้อเลนส์กล้อง,/บริการ/รับซื้อเลนส์กล้อง,yes,no,no,308,308,132,132,yes,PASS
133,/รับซื้อ/รับซื้อ-storage-nas-สกลนคร,/บริการ/รับซื้อ-nas,/%E0%B8%9A%E0%B8%A3%E0%B8%B4%E0%B8%81%E0%B8%B2%E0%B8%A3/%E0%B8%A3%E0%B8%B1%E0%B8%9A%E0%B8%8B%E0%B8%B7%E0%B9%89%E0%B8%AD-nas,/บริการ/รับซื้อ-nas,/บริการ/รับซื้อ-nas,yes,no,no,308,308,133,133,yes,PASS
134,/%E0%B8%A3%E0%B8%B1%E0%B8%9A%E0%B8%8B%E0%B8%B7%E0%B9%89%E0%B8%AD/%E0%B8%A3%E0%B8%B1%E0%B8%9A%E0%B8%8B%E0%B8%B7%E0%B9%89%E0%B8%AD-storage-nas-%E0%B8%AA%E0%B8%81%E0%B8%A5%E0%B8%99%E0%B8%84%E0%B8%A3,/บริการ/รับซื้อ-nas,/%E0%B8%9A%E0%B8%A3%E0%B8%B4%E0%B8%81%E0%B8%B2%E0%B8%A3/%E0%B8%A3%E0%B8%B1%E0%B8%9A%E0%B8%8B%E0%B8%B7%E0%B9%89%E0%B8%AD-nas,/บริการ/รับซื้อ-nas,/บริการ/รับซื้อ-nas,yes,no,no,308,308,134,134,yes,PASS
135,/รับซื้อ/รับซื้อ-hdd-สุรินทร์,/รับซื้อ/รับซื้อ-ssd-สุรินทร์,/%E0%B8%A3%E0%B8%B1%E0%B8%9A%E0%B8%8B%E0%B8%B7%E0%B9%89%E0%B8%AD/%E0%B8%A3%E0%B8%B1%E0%B8%9A%E0%B8%8B%E0%B8%B7%E0%B9%89%E0%B8%AD-ssd-%E0%B8%AA%E0%B8%B8%E0%B8%A3%E0%B8%B4%E0%B8%99%E0%B8%97%E0%B8%A3%E0%B9%8C,/รับซื้อ/รับซื้อ-ssd-สุรินทร์,/รับซื้อ/รับซื้อ-ssd-สุรินทร์,yes,no,no,308,308,135,135,yes,PASS
136,/%E0%B8%A3%E0%B8%B1%E0%B8%9A%E0%B8%8B%E0%B8%B7%E0%B9%89%E0%B8%AD/%E0%B8%A3%E0%B8%B1%E0%B8%9A%E0%B8%8B%E0%B8%B7%E0%B9%89%E0%B8%AD-hdd-%E0%B8%AA%E0%B8%B8%E0%B8%A3%E0%B8%B4%E0%B8%99%E0%B8%97%E0%B8%A3%E0%B9%8C,/รับซื้อ/รับซื้อ-ssd-สุรินทร์,/%E0%B8%A3%E0%B8%B1%E0%B8%9A%E0%B8%8B%E0%B8%B7%E0%B9%89%E0%B8%AD/%E0%B8%A3%E0%B8%B1%E0%B8%9A%E0%B8%8B%E0%B8%B7%E0%B9%89%E0%B8%AD-ssd-%E0%B8%AA%E0%B8%B8%E0%B8%A3%E0%B8%B4%E0%B8%99%E0%B8%97%E0%B8%A3%E0%B9%8C,/รับซื้อ/รับซื้อ-ssd-สุรินทร์,/รับซื้อ/รับซื้อ-ssd-สุรินทร์,yes,no,no,308,308,136,136,yes,PASS
137,/รับซื้อ/รับซื้อ-gopro-สุรินทร์,/บริการ/รับซื้อ-gopro-action-camera,/%E0%B8%9A%E0%B8%A3%E0%B8%B4%E0%B8%81%E0%B8%B2%E0%B8%A3/%E0%B8%A3%E0%B8%B1%E0%B8%9A%E0%B8%8B%E0%B8%B7%E0%B9%89%E0%B8%AD-gopro-action-camera,/บริการ/รับซื้อ-gopro-action-camera,/บริการ/รับซื้อ-gopro-action-camera,yes,no,no,308,308,137,137,yes,PASS
138,/%E0%B8%A3%E0%B8%B1%E0%B8%9A%E0%B8%8B%E0%B8%B7%E0%B9%89%E0%B8%AD/%E0%B8%A3%E0%B8%B1%E0%B8%9A%E0%B8%8B%E0%B8%B7%E0%B9%89%E0%B8%AD-gopro-%E0%B8%AA%E0%B8%B8%E0%B8%A3%E0%B8%B4%E0%B8%99%E0%B8%97%E0%B8%A3%E0%B9%8C,/บริการ/รับซื้อ-gopro-action-camera,/%E0%B8%9A%E0%B8%A3%E0%B8%B4%E0%B8%81%E0%B8%B2%E0%B8%A3/%E0%B8%A3%E0%B8%B1%E0%B8%9A%E0%B8%8B%E0%B8%B7%E0%B9%89%E0%B8%AD-gopro-action-camera,/บริการ/รับซื้อ-gopro-action-camera,/บริการ/รับซื้อ-gopro-action-camera,yes,no,no,308,308,138,138,yes,PASS
139,/รับซื้อ/รับซื้อเลนส์-สุรินทร์,/บริการ/รับซื้อเลนส์กล้อง,/%E0%B8%9A%E0%B8%A3%E0%B8%B4%E0%B8%81%E0%B8%B2%E0%B8%A3/%E0%B8%A3%E0%B8%B1%E0%B8%9A%E0%B8%8B%E0%B8%B7%E0%B9%89%E0%B8%AD%E0%B9%80%E0%B8%A5%E0%B8%99%E0%B8%AA%E0%B9%8C%E0%B8%81%E0%B8%A5%E0%B9%89%E0%B8%AD%E0%B8%87,/บริการ/รับซื้อเลนส์กล้อง,/บริการ/รับซื้อเลนส์กล้อง,yes,no,no,308,308,139,139,yes,PASS
140,/%E0%B8%A3%E0%B8%B1%E0%B8%9A%E0%B8%8B%E0%B8%B7%E0%B9%89%E0%B8%AD/%E0%B8%A3%E0%B8%B1%E0%B8%9A%E0%B8%8B%E0%B8%B7%E0%B9%89%E0%B8%AD%E0%B9%80%E0%B8%A5%E0%B8%99%E0%B8%AA%E0%B9%8C-%E0%B8%AA%E0%B8%B8%E0%B8%A3%E0%B8%B4%E0%B8%99%E0%B8%97%E0%B8%A3%E0%B9%8C,/บริการ/รับซื้อเลนส์กล้อง,/%E0%B8%9A%E0%B8%A3%E0%B8%B4%E0%B8%81%E0%B8%B2%E0%B8%A3/%E0%B8%A3%E0%B8%B1%E0%B8%9A%E0%B8%8B%E0%B8%B7%E0%B9%89%E0%B8%AD%E0%B9%80%E0%B8%A5%E0%B8%99%E0%B8%AA%E0%B9%8C%E0%B8%81%E0%B8%A5%E0%B9%89%E0%B8%AD%E0%B8%87,/บริการ/รับซื้อเลนส์กล้อง,/บริการ/รับซื้อเลนส์กล้อง,yes,no,no,308,308,140,140,yes,PASS
141,/รับซื้อ/รับซื้อ-storage-nas-สุรินทร์,/บริการ/รับซื้อ-nas,/%E0%B8%9A%E0%B8%A3%E0%B8%B4%E0%B8%81%E0%B8%B2%E0%B8%A3/%E0%B8%A3%E0%B8%B1%E0%B8%9A%E0%B8%8B%E0%B8%B7%E0%B9%89%E0%B8%AD-nas,/บริการ/รับซื้อ-nas,/บริการ/รับซื้อ-nas,yes,no,no,308,308,141,141,yes,PASS
142,/%E0%B8%A3%E0%B8%B1%E0%B8%9A%E0%B8%8B%E0%B8%B7%E0%B9%89%E0%B8%AD/%E0%B8%A3%E0%B8%B1%E0%B8%9A%E0%B8%8B%E0%B8%B7%E0%B9%89%E0%B8%AD-storage-nas-%E0%B8%AA%E0%B8%B8%E0%B8%A3%E0%B8%B4%E0%B8%99%E0%B8%97%E0%B8%A3%E0%B9%8C,/บริการ/รับซื้อ-nas,/%E0%B8%9A%E0%B8%A3%E0%B8%B4%E0%B8%81%E0%B8%B2%E0%B8%A3/%E0%B8%A3%E0%B8%B1%E0%B8%9A%E0%B8%8B%E0%B8%B7%E0%B9%89%E0%B8%AD-nas,/บริการ/รับซื้อ-nas,/บริการ/รับซื้อ-nas,yes,no,no,308,308,142,142,yes,PASS
143,/รับซื้อ/รับซื้อ-hdd-หนองคาย,/รับซื้อ/รับซื้อ-ssd-หนองคาย,/%E0%B8%A3%E0%B8%B1%E0%B8%9A%E0%B8%8B%E0%B8%B7%E0%B9%89%E0%B8%AD/%E0%B8%A3%E0%B8%B1%E0%B8%9A%E0%B8%8B%E0%B8%B7%E0%B9%89%E0%B8%AD-ssd-%E0%B8%AB%E0%B8%99%E0%B8%AD%E0%B8%87%E0%B8%84%E0%B8%B2%E0%B8%A2,/รับซื้อ/รับซื้อ-ssd-หนองคาย,/รับซื้อ/รับซื้อ-ssd-หนองคาย,yes,no,no,308,308,143,143,yes,PASS
144,/%E0%B8%A3%E0%B8%B1%E0%B8%9A%E0%B8%8B%E0%B8%B7%E0%B9%89%E0%B8%AD/%E0%B8%A3%E0%B8%B1%E0%B8%9A%E0%B8%8B%E0%B8%B7%E0%B9%89%E0%B8%AD-hdd-%E0%B8%AB%E0%B8%99%E0%B8%AD%E0%B8%87%E0%B8%84%E0%B8%B2%E0%B8%A2,/รับซื้อ/รับซื้อ-ssd-หนองคาย,/%E0%B8%A3%E0%B8%B1%E0%B8%9A%E0%B8%8B%E0%B8%B7%E0%B9%89%E0%B8%AD/%E0%B8%A3%E0%B8%B1%E0%B8%9A%E0%B8%8B%E0%B8%B7%E0%B9%89%E0%B8%AD-ssd-%E0%B8%AB%E0%B8%99%E0%B8%AD%E0%B8%87%E0%B8%84%E0%B8%B2%E0%B8%A2,/รับซื้อ/รับซื้อ-ssd-หนองคาย,/รับซื้อ/รับซื้อ-ssd-หนองคาย,yes,no,no,308,308,144,144,yes,PASS
145,/รับซื้อ/รับซื้อ-gopro-หนองคาย,/บริการ/รับซื้อ-gopro-action-camera,/%E0%B8%9A%E0%B8%A3%E0%B8%B4%E0%B8%81%E0%B8%B2%E0%B8%A3/%E0%B8%A3%E0%B8%B1%E0%B8%9A%E0%B8%8B%E0%B8%B7%E0%B9%89%E0%B8%AD-gopro-action-camera,/บริการ/รับซื้อ-gopro-action-camera,/บริการ/รับซื้อ-gopro-action-camera,yes,no,no,308,308,145,145,yes,PASS
146,/%E0%B8%A3%E0%B8%B1%E0%B8%9A%E0%B8%8B%E0%B8%B7%E0%B9%89%E0%B8%AD/%E0%B8%A3%E0%B8%B1%E0%B8%9A%E0%B8%8B%E0%B8%B7%E0%B9%89%E0%B8%AD-gopro-%E0%B8%AB%E0%B8%99%E0%B8%AD%E0%B8%87%E0%B8%84%E0%B8%B2%E0%B8%A2,/บริการ/รับซื้อ-gopro-action-camera,/%E0%B8%9A%E0%B8%A3%E0%B8%B4%E0%B8%81%E0%B8%B2%E0%B8%A3/%E0%B8%A3%E0%B8%B1%E0%B8%9A%E0%B8%8B%E0%B8%B7%E0%B9%89%E0%B8%AD-gopro-action-camera,/บริการ/รับซื้อ-gopro-action-camera,/บริการ/รับซื้อ-gopro-action-camera,yes,no,no,308,308,146,146,yes,PASS
147,/รับซื้อ/รับซื้อเลนส์-หนองคาย,/บริการ/รับซื้อเลนส์กล้อง,/%E0%B8%9A%E0%B8%A3%E0%B8%B4%E0%B8%81%E0%B8%B2%E0%B8%A3/%E0%B8%A3%E0%B8%B1%E0%B8%9A%E0%B8%8B%E0%B8%B7%E0%B9%89%E0%B8%AD%E0%B9%80%E0%B8%A5%E0%B8%99%E0%B8%AA%E0%B9%8C%E0%B8%81%E0%B8%A5%E0%B9%89%E0%B8%AD%E0%B8%87,/บริการ/รับซื้อเลนส์กล้อง,/บริการ/รับซื้อเลนส์กล้อง,yes,no,no,308,308,147,147,yes,PASS
148,/%E0%B8%A3%E0%B8%B1%E0%B8%9A%E0%B8%8B%E0%B8%B7%E0%B9%89%E0%B8%AD/%E0%B8%A3%E0%B8%B1%E0%B8%9A%E0%B8%8B%E0%B8%B7%E0%B9%89%E0%B8%AD%E0%B9%80%E0%B8%A5%E0%B8%99%E0%B8%AA%E0%B9%8C-%E0%B8%AB%E0%B8%99%E0%B8%AD%E0%B8%87%E0%B8%84%E0%B8%B2%E0%B8%A2,/บริการ/รับซื้อเลนส์กล้อง,/%E0%B8%9A%E0%B8%A3%E0%B8%B4%E0%B8%81%E0%B8%B2%E0%B8%A3/%E0%B8%A3%E0%B8%B1%E0%B8%9A%E0%B8%8B%E0%B8%B7%E0%B9%89%E0%B8%AD%E0%B9%80%E0%B8%A5%E0%B8%99%E0%B8%AA%E0%B9%8C%E0%B8%81%E0%B8%A5%E0%B9%89%E0%B8%AD%E0%B8%87,/บริการ/รับซื้อเลนส์กล้อง,/บริการ/รับซื้อเลนส์กล้อง,yes,no,no,308,308,148,148,yes,PASS
149,/รับซื้อ/รับซื้อ-storage-nas-หนองคาย,/บริการ/รับซื้อ-nas,/%E0%B8%9A%E0%B8%A3%E0%B8%B4%E0%B8%81%E0%B8%B2%E0%B8%A3/%E0%B8%A3%E0%B8%B1%E0%B8%9A%E0%B8%8B%E0%B8%B7%E0%B9%89%E0%B8%AD-nas,/บริการ/รับซื้อ-nas,/บริการ/รับซื้อ-nas,yes,no,no,308,308,149,149,yes,PASS
150,/%E0%B8%A3%E0%B8%B1%E0%B8%9A%E0%B8%8B%E0%B8%B7%E0%B9%89%E0%B8%AD/%E0%B8%A3%E0%B8%B1%E0%B8%9A%E0%B8%8B%E0%B8%B7%E0%B9%89%E0%B8%AD-storage-nas-%E0%B8%AB%E0%B8%99%E0%B8%AD%E0%B8%87%E0%B8%84%E0%B8%B2%E0%B8%A2,/บริการ/รับซื้อ-nas,/%E0%B8%9A%E0%B8%A3%E0%B8%B4%E0%B8%81%E0%B8%B2%E0%B8%A3/%E0%B8%A3%E0%B8%B1%E0%B8%9A%E0%B8%8B%E0%B8%B7%E0%B9%89%E0%B8%AD-nas,/บริการ/รับซื้อ-nas,/บริการ/รับซื้อ-nas,yes,no,no,308,308,150,150,yes,PASS
151,/รับซื้อ/รับซื้อ-hdd-หนองบัวลำภู,/รับซื้อ/รับซื้อ-ssd-หนองบัวลำภู,/%E0%B8%A3%E0%B8%B1%E0%B8%9A%E0%B8%8B%E0%B8%B7%E0%B9%89%E0%B8%AD/%E0%B8%A3%E0%B8%B1%E0%B8%9A%E0%B8%8B%E0%B8%B7%E0%B9%89%E0%B8%AD-ssd-%E0%B8%AB%E0%B8%99%E0%B8%AD%E0%B8%87%E0%B8%9A%E0%B8%B1%E0%B8%A7%E0%B8%A5%E0%B8%B3%E0%B8%A0%E0%B8%B9,/รับซื้อ/รับซื้อ-ssd-หนองบัวลำภู,/รับซื้อ/รับซื้อ-ssd-หนองบัวลำภู,yes,no,no,308,308,151,151,yes,PASS
152,/%E0%B8%A3%E0%B8%B1%E0%B8%9A%E0%B8%8B%E0%B8%B7%E0%B9%89%E0%B8%AD/%E0%B8%A3%E0%B8%B1%E0%B8%9A%E0%B8%8B%E0%B8%B7%E0%B9%89%E0%B8%AD-hdd-%E0%B8%AB%E0%B8%99%E0%B8%AD%E0%B8%87%E0%B8%9A%E0%B8%B1%E0%B8%A7%E0%B8%A5%E0%B8%B3%E0%B8%A0%E0%B8%B9,/รับซื้อ/รับซื้อ-ssd-หนองบัวลำภู,/%E0%B8%A3%E0%B8%B1%E0%B8%9A%E0%B8%8B%E0%B8%B7%E0%B9%89%E0%B8%AD/%E0%B8%A3%E0%B8%B1%E0%B8%9A%E0%B8%8B%E0%B8%B7%E0%B9%89%E0%B8%AD-ssd-%E0%B8%AB%E0%B8%99%E0%B8%AD%E0%B8%87%E0%B8%9A%E0%B8%B1%E0%B8%A7%E0%B8%A5%E0%B8%B3%E0%B8%A0%E0%B8%B9,/รับซื้อ/รับซื้อ-ssd-หนองบัวลำภู,/รับซื้อ/รับซื้อ-ssd-หนองบัวลำภู,yes,no,no,308,308,152,152,yes,PASS
153,/รับซื้อ/รับซื้อ-gopro-หนองบัวลำภู,/บริการ/รับซื้อ-gopro-action-camera,/%E0%B8%9A%E0%B8%A3%E0%B8%B4%E0%B8%81%E0%B8%B2%E0%B8%A3/%E0%B8%A3%E0%B8%B1%E0%B8%9A%E0%B8%8B%E0%B8%B7%E0%B9%89%E0%B8%AD-gopro-action-camera,/บริการ/รับซื้อ-gopro-action-camera,/บริการ/รับซื้อ-gopro-action-camera,yes,no,no,308,308,153,153,yes,PASS
154,/%E0%B8%A3%E0%B8%B1%E0%B8%9A%E0%B8%8B%E0%B8%B7%E0%B9%89%E0%B8%AD/%E0%B8%A3%E0%B8%B1%E0%B8%9A%E0%B8%8B%E0%B8%B7%E0%B9%89%E0%B8%AD-gopro-%E0%B8%AB%E0%B8%99%E0%B8%AD%E0%B8%87%E0%B8%9A%E0%B8%B1%E0%B8%A7%E0%B8%A5%E0%B8%B3%E0%B8%A0%E0%B8%B9,/บริการ/รับซื้อ-gopro-action-camera,/%E0%B8%9A%E0%B8%A3%E0%B8%B4%E0%B8%81%E0%B8%B2%E0%B8%A3/%E0%B8%A3%E0%B8%B1%E0%B8%9A%E0%B8%8B%E0%B8%B7%E0%B9%89%E0%B8%AD-gopro-action-camera,/บริการ/รับซื้อ-gopro-action-camera,/บริการ/รับซื้อ-gopro-action-camera,yes,no,no,308,308,154,154,yes,PASS
155,/รับซื้อ/รับซื้อเลนส์-หนองบัวลำภู,/บริการ/รับซื้อเลนส์กล้อง,/%E0%B8%9A%E0%B8%A3%E0%B8%B4%E0%B8%81%E0%B8%B2%E0%B8%A3/%E0%B8%A3%E0%B8%B1%E0%B8%9A%E0%B8%8B%E0%B8%B7%E0%B9%89%E0%B8%AD%E0%B9%80%E0%B8%A5%E0%B8%99%E0%B8%AA%E0%B9%8C%E0%B8%81%E0%B8%A5%E0%B9%89%E0%B8%AD%E0%B8%87,/บริการ/รับซื้อเลนส์กล้อง,/บริการ/รับซื้อเลนส์กล้อง,yes,no,no,308,308,155,155,yes,PASS
156,/%E0%B8%A3%E0%B8%B1%E0%B8%9A%E0%B8%8B%E0%B8%B7%E0%B9%89%E0%B8%AD/%E0%B8%A3%E0%B8%B1%E0%B8%9A%E0%B8%8B%E0%B8%B7%E0%B9%89%E0%B8%AD%E0%B9%80%E0%B8%A5%E0%B8%99%E0%B8%AA%E0%B9%8C-%E0%B8%AB%E0%B8%99%E0%B8%AD%E0%B8%87%E0%B8%9A%E0%B8%B1%E0%B8%A7%E0%B8%A5%E0%B8%B3%E0%B8%A0%E0%B8%B9,/บริการ/รับซื้อเลนส์กล้อง,/%E0%B8%9A%E0%B8%A3%E0%B8%B4%E0%B8%81%E0%B8%B2%E0%B8%A3/%E0%B8%A3%E0%B8%B1%E0%B8%9A%E0%B8%8B%E0%B8%B7%E0%B9%89%E0%B8%AD%E0%B9%80%E0%B8%A5%E0%B8%99%E0%B8%AA%E0%B9%8C%E0%B8%81%E0%B8%A5%E0%B9%89%E0%B8%AD%E0%B8%87,/บริการ/รับซื้อเลนส์กล้อง,/บริการ/รับซื้อเลนส์กล้อง,yes,no,no,308,308,156,156,yes,PASS
157,/รับซื้อ/รับซื้อ-storage-nas-หนองบัวลำภู,/บริการ/รับซื้อ-nas,/%E0%B8%9A%E0%B8%A3%E0%B8%B4%E0%B8%81%E0%B8%B2%E0%B8%A3/%E0%B8%A3%E0%B8%B1%E0%B8%9A%E0%B8%8B%E0%B8%B7%E0%B9%89%E0%B8%AD-nas,/บริการ/รับซื้อ-nas,/บริการ/รับซื้อ-nas,yes,no,no,308,308,157,157,yes,PASS
158,/%E0%B8%A3%E0%B8%B1%E0%B8%9A%E0%B8%8B%E0%B8%B7%E0%B9%89%E0%B8%AD/%E0%B8%A3%E0%B8%B1%E0%B8%9A%E0%B8%8B%E0%B8%B7%E0%B9%89%E0%B8%AD-storage-nas-%E0%B8%AB%E0%B8%99%E0%B8%AD%E0%B8%87%E0%B8%9A%E0%B8%B1%E0%B8%A7%E0%B8%A5%E0%B8%B3%E0%B8%A0%E0%B8%B9,/บริการ/รับซื้อ-nas,/%E0%B8%9A%E0%B8%A3%E0%B8%B4%E0%B8%81%E0%B8%B2%E0%B8%A3/%E0%B8%A3%E0%B8%B1%E0%B8%9A%E0%B8%8B%E0%B8%B7%E0%B9%89%E0%B8%AD-nas,/บริการ/รับซื้อ-nas,/บริการ/รับซื้อ-nas,yes,no,no,308,308,158,158,yes,PASS
159,/รับซื้อ/รับซื้อ-hdd-อำนาจเจริญ,/รับซื้อ/รับซื้อ-ssd-อำนาจเจริญ,/%E0%B8%A3%E0%B8%B1%E0%B8%9A%E0%B8%8B%E0%B8%B7%E0%B9%89%E0%B8%AD/%E0%B8%A3%E0%B8%B1%E0%B8%9A%E0%B8%8B%E0%B8%B7%E0%B9%89%E0%B8%AD-ssd-%E0%B8%AD%E0%B8%B3%E0%B8%99%E0%B8%B2%E0%B8%88%E0%B9%80%E0%B8%88%E0%B8%A3%E0%B8%B4%E0%B8%8D,/รับซื้อ/รับซื้อ-ssd-อำนาจเจริญ,/รับซื้อ/รับซื้อ-ssd-อำนาจเจริญ,yes,no,no,308,308,159,159,yes,PASS
160,/%E0%B8%A3%E0%B8%B1%E0%B8%9A%E0%B8%8B%E0%B8%B7%E0%B9%89%E0%B8%AD/%E0%B8%A3%E0%B8%B1%E0%B8%9A%E0%B8%8B%E0%B8%B7%E0%B9%89%E0%B8%AD-hdd-%E0%B8%AD%E0%B8%B3%E0%B8%99%E0%B8%B2%E0%B8%88%E0%B9%80%E0%B8%88%E0%B8%A3%E0%B8%B4%E0%B8%8D,/รับซื้อ/รับซื้อ-ssd-อำนาจเจริญ,/%E0%B8%A3%E0%B8%B1%E0%B8%9A%E0%B8%8B%E0%B8%B7%E0%B9%89%E0%B8%AD/%E0%B8%A3%E0%B8%B1%E0%B8%9A%E0%B8%8B%E0%B8%B7%E0%B9%89%E0%B8%AD-ssd-%E0%B8%AD%E0%B8%B3%E0%B8%99%E0%B8%B2%E0%B8%88%E0%B9%80%E0%B8%88%E0%B8%A3%E0%B8%B4%E0%B8%8D,/รับซื้อ/รับซื้อ-ssd-อำนาจเจริญ,/รับซื้อ/รับซื้อ-ssd-อำนาจเจริญ,yes,no,no,308,308,160,160,yes,PASS
161,/รับซื้อ/รับซื้อ-gopro-อำนาจเจริญ,/บริการ/รับซื้อ-gopro-action-camera,/%E0%B8%9A%E0%B8%A3%E0%B8%B4%E0%B8%81%E0%B8%B2%E0%B8%A3/%E0%B8%A3%E0%B8%B1%E0%B8%9A%E0%B8%8B%E0%B8%B7%E0%B9%89%E0%B8%AD-gopro-action-camera,/บริการ/รับซื้อ-gopro-action-camera,/บริการ/รับซื้อ-gopro-action-camera,yes,no,no,308,308,161,161,yes,PASS
162,/%E0%B8%A3%E0%B8%B1%E0%B8%9A%E0%B8%8B%E0%B8%B7%E0%B9%89%E0%B8%AD/%E0%B8%A3%E0%B8%B1%E0%B8%9A%E0%B8%8B%E0%B8%B7%E0%B9%89%E0%B8%AD-gopro-%E0%B8%AD%E0%B8%B3%E0%B8%99%E0%B8%B2%E0%B8%88%E0%B9%80%E0%B8%88%E0%B8%A3%E0%B8%B4%E0%B8%8D,/บริการ/รับซื้อ-gopro-action-camera,/%E0%B8%9A%E0%B8%A3%E0%B8%B4%E0%B8%81%E0%B8%B2%E0%B8%A3/%E0%B8%A3%E0%B8%B1%E0%B8%9A%E0%B8%8B%E0%B8%B7%E0%B9%89%E0%B8%AD-gopro-action-camera,/บริการ/รับซื้อ-gopro-action-camera,/บริการ/รับซื้อ-gopro-action-camera,yes,no,no,308,308,162,162,yes,PASS
163,/รับซื้อ/รับซื้อเลนส์-อำนาจเจริญ,/บริการ/รับซื้อเลนส์กล้อง,/%E0%B8%9A%E0%B8%A3%E0%B8%B4%E0%B8%81%E0%B8%B2%E0%B8%A3/%E0%B8%A3%E0%B8%B1%E0%B8%9A%E0%B8%8B%E0%B8%B7%E0%B9%89%E0%B8%AD%E0%B9%80%E0%B8%A5%E0%B8%99%E0%B8%AA%E0%B9%8C%E0%B8%81%E0%B8%A5%E0%B9%89%E0%B8%AD%E0%B8%87,/บริการ/รับซื้อเลนส์กล้อง,/บริการ/รับซื้อเลนส์กล้อง,yes,no,no,308,308,163,163,yes,PASS
164,/%E0%B8%A3%E0%B8%B1%E0%B8%9A%E0%B8%8B%E0%B8%B7%E0%B9%89%E0%B8%AD/%E0%B8%A3%E0%B8%B1%E0%B8%9A%E0%B8%8B%E0%B8%B7%E0%B9%89%E0%B8%AD%E0%B9%80%E0%B8%A5%E0%B8%99%E0%B8%AA%E0%B9%8C-%E0%B8%AD%E0%B8%B3%E0%B8%99%E0%B8%B2%E0%B8%88%E0%B9%80%E0%B8%88%E0%B8%A3%E0%B8%B4%E0%B8%8D,/บริการ/รับซื้อเลนส์กล้อง,/%E0%B8%9A%E0%B8%A3%E0%B8%B4%E0%B8%81%E0%B8%B2%E0%B8%A3/%E0%B8%A3%E0%B8%B1%E0%B8%9A%E0%B8%8B%E0%B8%B7%E0%B9%89%E0%B8%AD%E0%B9%80%E0%B8%A5%E0%B8%99%E0%B8%AA%E0%B9%8C%E0%B8%81%E0%B8%A5%E0%B9%89%E0%B8%AD%E0%B8%87,/บริการ/รับซื้อเลนส์กล้อง,/บริการ/รับซื้อเลนส์กล้อง,yes,no,no,308,308,164,164,yes,PASS
165,/รับซื้อ/รับซื้อ-storage-nas-อำนาจเจริญ,/บริการ/รับซื้อ-nas,/%E0%B8%9A%E0%B8%A3%E0%B8%B4%E0%B8%81%E0%B8%B2%E0%B8%A3/%E0%B8%A3%E0%B8%B1%E0%B8%9A%E0%B8%8B%E0%B8%B7%E0%B9%89%E0%B8%AD-nas,/บริการ/รับซื้อ-nas,/บริการ/รับซื้อ-nas,yes,no,no,308,308,165,165,yes,PASS
166,/%E0%B8%A3%E0%B8%B1%E0%B8%9A%E0%B8%8B%E0%B8%B7%E0%B9%89%E0%B8%AD/%E0%B8%A3%E0%B8%B1%E0%B8%9A%E0%B8%8B%E0%B8%B7%E0%B9%89%E0%B8%AD-storage-nas-%E0%B8%AD%E0%B8%B3%E0%B8%99%E0%B8%B2%E0%B8%88%E0%B9%80%E0%B8%88%E0%B8%A3%E0%B8%B4%E0%B8%8D,/บริการ/รับซื้อ-nas,/%E0%B8%9A%E0%B8%A3%E0%B8%B4%E0%B8%81%E0%B8%B2%E0%B8%A3/%E0%B8%A3%E0%B8%B1%E0%B8%9A%E0%B8%8B%E0%B8%B7%E0%B9%89%E0%B8%AD-nas,/บริการ/รับซื้อ-nas,/บริการ/รับซื้อ-nas,yes,no,no,308,308,166,166,yes,PASS
167,/รับซื้อ/รับซื้อ-hdd-อุดรธานี,/รับซื้อ/รับซื้อ-ssd-อุดรธานี,/%E0%B8%A3%E0%B8%B1%E0%B8%9A%E0%B8%8B%E0%B8%B7%E0%B9%89%E0%B8%AD/%E0%B8%A3%E0%B8%B1%E0%B8%9A%E0%B8%8B%E0%B8%B7%E0%B9%89%E0%B8%AD-ssd-%E0%B8%AD%E0%B8%B8%E0%B8%94%E0%B8%A3%E0%B8%98%E0%B8%B2%E0%B8%99%E0%B8%B5,/รับซื้อ/รับซื้อ-ssd-อุดรธานี,/รับซื้อ/รับซื้อ-ssd-อุดรธานี,yes,no,no,308,308,167,167,yes,PASS
168,/%E0%B8%A3%E0%B8%B1%E0%B8%9A%E0%B8%8B%E0%B8%B7%E0%B9%89%E0%B8%AD/%E0%B8%A3%E0%B8%B1%E0%B8%9A%E0%B8%8B%E0%B8%B7%E0%B9%89%E0%B8%AD-hdd-%E0%B8%AD%E0%B8%B8%E0%B8%94%E0%B8%A3%E0%B8%98%E0%B8%B2%E0%B8%99%E0%B8%B5,/รับซื้อ/รับซื้อ-ssd-อุดรธานี,/%E0%B8%A3%E0%B8%B1%E0%B8%9A%E0%B8%8B%E0%B8%B7%E0%B9%89%E0%B8%AD/%E0%B8%A3%E0%B8%B1%E0%B8%9A%E0%B8%8B%E0%B8%B7%E0%B9%89%E0%B8%AD-ssd-%E0%B8%AD%E0%B8%B8%E0%B8%94%E0%B8%A3%E0%B8%98%E0%B8%B2%E0%B8%99%E0%B8%B5,/รับซื้อ/รับซื้อ-ssd-อุดรธานี,/รับซื้อ/รับซื้อ-ssd-อุดรธานี,yes,no,no,308,308,168,168,yes,PASS
169,/รับซื้อ/รับซื้อ-gopro-อุดรธานี,/บริการ/รับซื้อ-gopro-action-camera,/%E0%B8%9A%E0%B8%A3%E0%B8%B4%E0%B8%81%E0%B8%B2%E0%B8%A3/%E0%B8%A3%E0%B8%B1%E0%B8%9A%E0%B8%8B%E0%B8%B7%E0%B9%89%E0%B8%AD-gopro-action-camera,/บริการ/รับซื้อ-gopro-action-camera,/บริการ/รับซื้อ-gopro-action-camera,yes,no,no,308,308,169,169,yes,PASS
170,/%E0%B8%A3%E0%B8%B1%E0%B8%9A%E0%B8%8B%E0%B8%B7%E0%B9%89%E0%B8%AD/%E0%B8%A3%E0%B8%B1%E0%B8%9A%E0%B8%8B%E0%B8%B7%E0%B9%89%E0%B8%AD-gopro-%E0%B8%AD%E0%B8%B8%E0%B8%94%E0%B8%A3%E0%B8%98%E0%B8%B2%E0%B8%99%E0%B8%B5,/บริการ/รับซื้อ-gopro-action-camera,/%E0%B8%9A%E0%B8%A3%E0%B8%B4%E0%B8%81%E0%B8%B2%E0%B8%A3/%E0%B8%A3%E0%B8%B1%E0%B8%9A%E0%B8%8B%E0%B8%B7%E0%B9%89%E0%B8%AD-gopro-action-camera,/บริการ/รับซื้อ-gopro-action-camera,/บริการ/รับซื้อ-gopro-action-camera,yes,no,no,308,308,170,170,yes,PASS
171,/รับซื้อ/รับซื้อเลนส์-อุดรธานี,/บริการ/รับซื้อเลนส์กล้อง,/%E0%B8%9A%E0%B8%A3%E0%B8%B4%E0%B8%81%E0%B8%B2%E0%B8%A3/%E0%B8%A3%E0%B8%B1%E0%B8%9A%E0%B8%8B%E0%B8%B7%E0%B9%89%E0%B8%AD%E0%B9%80%E0%B8%A5%E0%B8%99%E0%B8%AA%E0%B9%8C%E0%B8%81%E0%B8%A5%E0%B9%89%E0%B8%AD%E0%B8%87,/บริการ/รับซื้อเลนส์กล้อง,/บริการ/รับซื้อเลนส์กล้อง,yes,no,no,308,308,171,171,yes,PASS
172,/%E0%B8%A3%E0%B8%B1%E0%B8%9A%E0%B8%8B%E0%B8%B7%E0%B9%89%E0%B8%AD/%E0%B8%A3%E0%B8%B1%E0%B8%9A%E0%B8%8B%E0%B8%B7%E0%B9%89%E0%B8%AD%E0%B9%80%E0%B8%A5%E0%B8%99%E0%B8%AA%E0%B9%8C-%E0%B8%AD%E0%B8%B8%E0%B8%94%E0%B8%A3%E0%B8%98%E0%B8%B2%E0%B8%99%E0%B8%B5,/บริการ/รับซื้อเลนส์กล้อง,/%E0%B8%9A%E0%B8%A3%E0%B8%B4%E0%B8%81%E0%B8%B2%E0%B8%A3/%E0%B8%A3%E0%B8%B1%E0%B8%9A%E0%B8%8B%E0%B8%B7%E0%B9%89%E0%B8%AD%E0%B9%80%E0%B8%A5%E0%B8%99%E0%B8%AA%E0%B9%8C%E0%B8%81%E0%B8%A5%E0%B9%89%E0%B8%AD%E0%B8%87,/บริการ/รับซื้อเลนส์กล้อง,/บริการ/รับซื้อเลนส์กล้อง,yes,no,no,308,308,172,172,yes,PASS
173,/รับซื้อ/รับซื้อ-storage-nas-อุดรธานี,/บริการ/รับซื้อ-nas,/%E0%B8%9A%E0%B8%A3%E0%B8%B4%E0%B8%81%E0%B8%B2%E0%B8%A3/%E0%B8%A3%E0%B8%B1%E0%B8%9A%E0%B8%8B%E0%B8%B7%E0%B9%89%E0%B8%AD-nas,/บริการ/รับซื้อ-nas,/บริการ/รับซื้อ-nas,yes,no,no,308,308,173,173,yes,PASS
174,/%E0%B8%A3%E0%B8%B1%E0%B8%9A%E0%B8%8B%E0%B8%B7%E0%B9%89%E0%B8%AD/%E0%B8%A3%E0%B8%B1%E0%B8%9A%E0%B8%8B%E0%B8%B7%E0%B9%89%E0%B8%AD-storage-nas-%E0%B8%AD%E0%B8%B8%E0%B8%94%E0%B8%A3%E0%B8%98%E0%B8%B2%E0%B8%99%E0%B8%B5,/บริการ/รับซื้อ-nas,/%E0%B8%9A%E0%B8%A3%E0%B8%B4%E0%B8%81%E0%B8%B2%E0%B8%A3/%E0%B8%A3%E0%B8%B1%E0%B8%9A%E0%B8%8B%E0%B8%B7%E0%B9%89%E0%B8%AD-nas,/บริการ/รับซื้อ-nas,/บริการ/รับซื้อ-nas,yes,no,no,308,308,174,174,yes,PASS
175,/รับซื้อ/รับซื้อ-hdd-อุบลราชธานี,/รับซื้อ/รับซื้อ-ssd-อุบลราชธานี,/%E0%B8%A3%E0%B8%B1%E0%B8%9A%E0%B8%8B%E0%B8%B7%E0%B9%89%E0%B8%AD/%E0%B8%A3%E0%B8%B1%E0%B8%9A%E0%B8%8B%E0%B8%B7%E0%B9%89%E0%B8%AD-ssd-%E0%B8%AD%E0%B8%B8%E0%B8%9A%E0%B8%A5%E0%B8%A3%E0%B8%B2%E0%B8%8A%E0%B8%98%E0%B8%B2%E0%B8%99%E0%B8%B5,/รับซื้อ/รับซื้อ-ssd-อุบลราชธานี,/รับซื้อ/รับซื้อ-ssd-อุบลราชธานี,yes,no,no,308,308,175,175,yes,PASS
176,/%E0%B8%A3%E0%B8%B1%E0%B8%9A%E0%B8%8B%E0%B8%B7%E0%B9%89%E0%B8%AD/%E0%B8%A3%E0%B8%B1%E0%B8%9A%E0%B8%8B%E0%B8%B7%E0%B9%89%E0%B8%AD-hdd-%E0%B8%AD%E0%B8%B8%E0%B8%9A%E0%B8%A5%E0%B8%A3%E0%B8%B2%E0%B8%8A%E0%B8%98%E0%B8%B2%E0%B8%99%E0%B8%B5,/รับซื้อ/รับซื้อ-ssd-อุบลราชธานี,/%E0%B8%A3%E0%B8%B1%E0%B8%9A%E0%B8%8B%E0%B8%B7%E0%B9%89%E0%B8%AD/%E0%B8%A3%E0%B8%B1%E0%B8%9A%E0%B8%8B%E0%B8%B7%E0%B9%89%E0%B8%AD-ssd-%E0%B8%AD%E0%B8%B8%E0%B8%9A%E0%B8%A5%E0%B8%A3%E0%B8%B2%E0%B8%8A%E0%B8%98%E0%B8%B2%E0%B8%99%E0%B8%B5,/รับซื้อ/รับซื้อ-ssd-อุบลราชธานี,/รับซื้อ/รับซื้อ-ssd-อุบลราชธานี,yes,no,no,308,308,176,176,yes,PASS
177,/รับซื้อ/รับซื้อ-gopro-อุบลราชธานี,/บริการ/รับซื้อ-gopro-action-camera,/%E0%B8%9A%E0%B8%A3%E0%B8%B4%E0%B8%81%E0%B8%B2%E0%B8%A3/%E0%B8%A3%E0%B8%B1%E0%B8%9A%E0%B8%8B%E0%B8%B7%E0%B9%89%E0%B8%AD-gopro-action-camera,/บริการ/รับซื้อ-gopro-action-camera,/บริการ/รับซื้อ-gopro-action-camera,yes,no,no,308,308,177,177,yes,PASS
178,/%E0%B8%A3%E0%B8%B1%E0%B8%9A%E0%B8%8B%E0%B8%B7%E0%B9%89%E0%B8%AD/%E0%B8%A3%E0%B8%B1%E0%B8%9A%E0%B8%8B%E0%B8%B7%E0%B9%89%E0%B8%AD-gopro-%E0%B8%AD%E0%B8%B8%E0%B8%9A%E0%B8%A5%E0%B8%A3%E0%B8%B2%E0%B8%8A%E0%B8%98%E0%B8%B2%E0%B8%99%E0%B8%B5,/บริการ/รับซื้อ-gopro-action-camera,/%E0%B8%9A%E0%B8%A3%E0%B8%B4%E0%B8%81%E0%B8%B2%E0%B8%A3/%E0%B8%A3%E0%B8%B1%E0%B8%9A%E0%B8%8B%E0%B8%B7%E0%B9%89%E0%B8%AD-gopro-action-camera,/บริการ/รับซื้อ-gopro-action-camera,/บริการ/รับซื้อ-gopro-action-camera,yes,no,no,308,308,178,178,yes,PASS
179,/รับซื้อ/รับซื้อเลนส์-อุบลราชธานี,/บริการ/รับซื้อเลนส์กล้อง,/%E0%B8%9A%E0%B8%A3%E0%B8%B4%E0%B8%81%E0%B8%B2%E0%B8%A3/%E0%B8%A3%E0%B8%B1%E0%B8%9A%E0%B8%8B%E0%B8%B7%E0%B9%89%E0%B8%AD%E0%B9%80%E0%B8%A5%E0%B8%99%E0%B8%AA%E0%B9%8C%E0%B8%81%E0%B8%A5%E0%B9%89%E0%B8%AD%E0%B8%87,/บริการ/รับซื้อเลนส์กล้อง,/บริการ/รับซื้อเลนส์กล้อง,yes,no,no,308,308,179,179,yes,PASS
180,/%E0%B8%A3%E0%B8%B1%E0%B8%9A%E0%B8%8B%E0%B8%B7%E0%B9%89%E0%B8%AD/%E0%B8%A3%E0%B8%B1%E0%B8%9A%E0%B8%8B%E0%B8%B7%E0%B9%89%E0%B8%AD%E0%B9%80%E0%B8%A5%E0%B8%99%E0%B8%AA%E0%B9%8C-%E0%B8%AD%E0%B8%B8%E0%B8%9A%E0%B8%A5%E0%B8%A3%E0%B8%B2%E0%B8%8A%E0%B8%98%E0%B8%B2%E0%B8%99%E0%B8%B5,/บริการ/รับซื้อเลนส์กล้อง,/%E0%B8%9A%E0%B8%A3%E0%B8%B4%E0%B8%81%E0%B8%B2%E0%B8%A3/%E0%B8%A3%E0%B8%B1%E0%B8%9A%E0%B8%8B%E0%B8%B7%E0%B9%89%E0%B8%AD%E0%B9%80%E0%B8%A5%E0%B8%99%E0%B8%AA%E0%B9%8C%E0%B8%81%E0%B8%A5%E0%B9%89%E0%B8%AD%E0%B8%87,/บริการ/รับซื้อเลนส์กล้อง,/บริการ/รับซื้อเลนส์กล้อง,yes,no,no,308,308,180,180,yes,PASS
181,/รับซื้อ/รับซื้อ-storage-nas-อุบลราชธานี,/บริการ/รับซื้อ-nas,/%E0%B8%9A%E0%B8%A3%E0%B8%B4%E0%B8%81%E0%B8%B2%E0%B8%A3/%E0%B8%A3%E0%B8%B1%E0%B8%9A%E0%B8%8B%E0%B8%B7%E0%B9%89%E0%B8%AD-nas,/บริการ/รับซื้อ-nas,/บริการ/รับซื้อ-nas,yes,no,no,308,308,181,181,yes,PASS
182,/%E0%B8%A3%E0%B8%B1%E0%B8%9A%E0%B8%8B%E0%B8%B7%E0%B9%89%E0%B8%AD/%E0%B8%A3%E0%B8%B1%E0%B8%9A%E0%B8%8B%E0%B8%B7%E0%B9%89%E0%B8%AD-storage-nas-%E0%B8%AD%E0%B8%B8%E0%B8%9A%E0%B8%A5%E0%B8%A3%E0%B8%B2%E0%B8%8A%E0%B8%98%E0%B8%B2%E0%B8%99%E0%B8%B5,/บริการ/รับซื้อ-nas,/%E0%B8%9A%E0%B8%A3%E0%B8%B4%E0%B8%81%E0%B8%B2%E0%B8%A3/%E0%B8%A3%E0%B8%B1%E0%B8%9A%E0%B8%8B%E0%B8%B7%E0%B9%89%E0%B8%AD-nas,/บริการ/รับซื้อ-nas,/บริการ/รับซื้อ-nas,yes,no,no,308,308,182,182,yes,PASS
183,/รับซื้อ/รับซื้อของสะสม-กาฬสินธุ์,/บริการ/รับซื้อของสะสม,/%E0%B8%9A%E0%B8%A3%E0%B8%B4%E0%B8%81%E0%B8%B2%E0%B8%A3/%E0%B8%A3%E0%B8%B1%E0%B8%9A%E0%B8%8B%E0%B8%B7%E0%B9%89%E0%B8%AD%E0%B8%82%E0%B8%AD%E0%B8%87%E0%B8%AA%E0%B8%B0%E0%B8%AA%E0%B8%A1,/บริการ/รับซื้อของสะสม,/บริการ/รับซื้อของสะสม,yes,no,no,308,308,183,183,yes,PASS
184,/%E0%B8%A3%E0%B8%B1%E0%B8%9A%E0%B8%8B%E0%B8%B7%E0%B9%89%E0%B8%AD/%E0%B8%A3%E0%B8%B1%E0%B8%9A%E0%B8%8B%E0%B8%B7%E0%B9%89%E0%B8%AD%E0%B8%82%E0%B8%AD%E0%B8%87%E0%B8%AA%E0%B8%B0%E0%B8%AA%E0%B8%A1-%E0%B8%81%E0%B8%B2%E0%B8%AC%E0%B8%AA%E0%B8%B4%E0%B8%99%E0%B8%98%E0%B8%B8%E0%B9%8C,/บริการ/รับซื้อของสะสม,/%E0%B8%9A%E0%B8%A3%E0%B8%B4%E0%B8%81%E0%B8%B2%E0%B8%A3/%E0%B8%A3%E0%B8%B1%E0%B8%9A%E0%B8%8B%E0%B8%B7%E0%B9%89%E0%B8%AD%E0%B8%82%E0%B8%AD%E0%B8%87%E0%B8%AA%E0%B8%B0%E0%B8%AA%E0%B8%A1,/บริการ/รับซื้อของสะสม,/บริการ/รับซื้อของสะสม,yes,no,no,308,308,184,184,yes,PASS
185,/รับซื้อ/รับซื้อของสะสม-ขอนแก่น,/บริการ/รับซื้อของสะสม,/%E0%B8%9A%E0%B8%A3%E0%B8%B4%E0%B8%81%E0%B8%B2%E0%B8%A3/%E0%B8%A3%E0%B8%B1%E0%B8%9A%E0%B8%8B%E0%B8%B7%E0%B9%89%E0%B8%AD%E0%B8%82%E0%B8%AD%E0%B8%87%E0%B8%AA%E0%B8%B0%E0%B8%AA%E0%B8%A1,/บริการ/รับซื้อของสะสม,/บริการ/รับซื้อของสะสม,yes,no,no,308,308,185,185,yes,PASS
186,/%E0%B8%A3%E0%B8%B1%E0%B8%9A%E0%B8%8B%E0%B8%B7%E0%B9%89%E0%B8%AD/%E0%B8%A3%E0%B8%B1%E0%B8%9A%E0%B8%8B%E0%B8%B7%E0%B9%89%E0%B8%AD%E0%B8%82%E0%B8%AD%E0%B8%87%E0%B8%AA%E0%B8%B0%E0%B8%AA%E0%B8%A1-%E0%B8%82%E0%B8%AD%E0%B8%99%E0%B9%81%E0%B8%81%E0%B9%88%E0%B8%99,/บริการ/รับซื้อของสะสม,/%E0%B8%9A%E0%B8%A3%E0%B8%B4%E0%B8%81%E0%B8%B2%E0%B8%A3/%E0%B8%A3%E0%B8%B1%E0%B8%9A%E0%B8%8B%E0%B8%B7%E0%B9%89%E0%B8%AD%E0%B8%82%E0%B8%AD%E0%B8%87%E0%B8%AA%E0%B8%B0%E0%B8%AA%E0%B8%A1,/บริการ/รับซื้อของสะสม,/บริการ/รับซื้อของสะสม,yes,no,no,308,308,186,186,yes,PASS
187,/รับซื้อ/รับซื้อของสะสม-ชัยภูมิ,/บริการ/รับซื้อของสะสม,/%E0%B8%9A%E0%B8%A3%E0%B8%B4%E0%B8%81%E0%B8%B2%E0%B8%A3/%E0%B8%A3%E0%B8%B1%E0%B8%9A%E0%B8%8B%E0%B8%B7%E0%B9%89%E0%B8%AD%E0%B8%82%E0%B8%AD%E0%B8%87%E0%B8%AA%E0%B8%B0%E0%B8%AA%E0%B8%A1,/บริการ/รับซื้อของสะสม,/บริการ/รับซื้อของสะสม,yes,no,no,308,308,187,187,yes,PASS
188,/%E0%B8%A3%E0%B8%B1%E0%B8%9A%E0%B8%8B%E0%B8%B7%E0%B9%89%E0%B8%AD/%E0%B8%A3%E0%B8%B1%E0%B8%9A%E0%B8%8B%E0%B8%B7%E0%B9%89%E0%B8%AD%E0%B8%82%E0%B8%AD%E0%B8%87%E0%B8%AA%E0%B8%B0%E0%B8%AA%E0%B8%A1-%E0%B8%8A%E0%B8%B1%E0%B8%A2%E0%B8%A0%E0%B8%B9%E0%B8%A1%E0%B8%B4,/บริการ/รับซื้อของสะสม,/%E0%B8%9A%E0%B8%A3%E0%B8%B4%E0%B8%81%E0%B8%B2%E0%B8%A3/%E0%B8%A3%E0%B8%B1%E0%B8%9A%E0%B8%8B%E0%B8%B7%E0%B9%89%E0%B8%AD%E0%B8%82%E0%B8%AD%E0%B8%87%E0%B8%AA%E0%B8%B0%E0%B8%AA%E0%B8%A1,/บริการ/รับซื้อของสะสม,/บริการ/รับซื้อของสะสม,yes,no,no,308,308,188,188,yes,PASS
189,/รับซื้อ/รับซื้อของสะสม-นครพนม,/บริการ/รับซื้อของสะสม,/%E0%B8%9A%E0%B8%A3%E0%B8%B4%E0%B8%81%E0%B8%B2%E0%B8%A3/%E0%B8%A3%E0%B8%B1%E0%B8%9A%E0%B8%8B%E0%B8%B7%E0%B9%89%E0%B8%AD%E0%B8%82%E0%B8%AD%E0%B8%87%E0%B8%AA%E0%B8%B0%E0%B8%AA%E0%B8%A1,/บริการ/รับซื้อของสะสม,/บริการ/รับซื้อของสะสม,yes,no,no,308,308,189,189,yes,PASS
190,/%E0%B8%A3%E0%B8%B1%E0%B8%9A%E0%B8%8B%E0%B8%B7%E0%B9%89%E0%B8%AD/%E0%B8%A3%E0%B8%B1%E0%B8%9A%E0%B8%8B%E0%B8%B7%E0%B9%89%E0%B8%AD%E0%B8%82%E0%B8%AD%E0%B8%87%E0%B8%AA%E0%B8%B0%E0%B8%AA%E0%B8%A1-%E0%B8%99%E0%B8%84%E0%B8%A3%E0%B8%9E%E0%B8%99%E0%B8%A1,/บริการ/รับซื้อของสะสม,/%E0%B8%9A%E0%B8%A3%E0%B8%B4%E0%B8%81%E0%B8%B2%E0%B8%A3/%E0%B8%A3%E0%B8%B1%E0%B8%9A%E0%B8%8B%E0%B8%B7%E0%B9%89%E0%B8%AD%E0%B8%82%E0%B8%AD%E0%B8%87%E0%B8%AA%E0%B8%B0%E0%B8%AA%E0%B8%A1,/บริการ/รับซื้อของสะสม,/บริการ/รับซื้อของสะสม,yes,no,no,308,308,190,190,yes,PASS
191,/รับซื้อ/รับซื้อของสะสม-นครราชสีมา,/บริการ/รับซื้อของสะสม,/%E0%B8%9A%E0%B8%A3%E0%B8%B4%E0%B8%81%E0%B8%B2%E0%B8%A3/%E0%B8%A3%E0%B8%B1%E0%B8%9A%E0%B8%8B%E0%B8%B7%E0%B9%89%E0%B8%AD%E0%B8%82%E0%B8%AD%E0%B8%87%E0%B8%AA%E0%B8%B0%E0%B8%AA%E0%B8%A1,/บริการ/รับซื้อของสะสม,/บริการ/รับซื้อของสะสม,yes,no,no,308,308,191,191,yes,PASS
192,/%E0%B8%A3%E0%B8%B1%E0%B8%9A%E0%B8%8B%E0%B8%B7%E0%B9%89%E0%B8%AD/%E0%B8%A3%E0%B8%B1%E0%B8%9A%E0%B8%8B%E0%B8%B7%E0%B9%89%E0%B8%AD%E0%B8%82%E0%B8%AD%E0%B8%87%E0%B8%AA%E0%B8%B0%E0%B8%AA%E0%B8%A1-%E0%B8%99%E0%B8%84%E0%B8%A3%E0%B8%A3%E0%B8%B2%E0%B8%8A%E0%B8%AA%E0%B8%B5%E0%B8%A1%E0%B8%B2,/บริการ/รับซื้อของสะสม,/%E0%B8%9A%E0%B8%A3%E0%B8%B4%E0%B8%81%E0%B8%B2%E0%B8%A3/%E0%B8%A3%E0%B8%B1%E0%B8%9A%E0%B8%8B%E0%B8%B7%E0%B9%89%E0%B8%AD%E0%B8%82%E0%B8%AD%E0%B8%87%E0%B8%AA%E0%B8%B0%E0%B8%AA%E0%B8%A1,/บริการ/รับซื้อของสะสม,/บริการ/รับซื้อของสะสม,yes,no,no,308,308,192,192,yes,PASS
193,/รับซื้อ/รับซื้อของสะสม-บึงกาฬ,/บริการ/รับซื้อของสะสม,/%E0%B8%9A%E0%B8%A3%E0%B8%B4%E0%B8%81%E0%B8%B2%E0%B8%A3/%E0%B8%A3%E0%B8%B1%E0%B8%9A%E0%B8%8B%E0%B8%B7%E0%B9%89%E0%B8%AD%E0%B8%82%E0%B8%AD%E0%B8%87%E0%B8%AA%E0%B8%B0%E0%B8%AA%E0%B8%A1,/บริการ/รับซื้อของสะสม,/บริการ/รับซื้อของสะสม,yes,no,no,308,308,193,193,yes,PASS
194,/%E0%B8%A3%E0%B8%B1%E0%B8%9A%E0%B8%8B%E0%B8%B7%E0%B9%89%E0%B8%AD/%E0%B8%A3%E0%B8%B1%E0%B8%9A%E0%B8%8B%E0%B8%B7%E0%B9%89%E0%B8%AD%E0%B8%82%E0%B8%AD%E0%B8%87%E0%B8%AA%E0%B8%B0%E0%B8%AA%E0%B8%A1-%E0%B8%9A%E0%B8%B6%E0%B8%87%E0%B8%81%E0%B8%B2%E0%B8%AC,/บริการ/รับซื้อของสะสม,/%E0%B8%9A%E0%B8%A3%E0%B8%B4%E0%B8%81%E0%B8%B2%E0%B8%A3/%E0%B8%A3%E0%B8%B1%E0%B8%9A%E0%B8%8B%E0%B8%B7%E0%B9%89%E0%B8%AD%E0%B8%82%E0%B8%AD%E0%B8%87%E0%B8%AA%E0%B8%B0%E0%B8%AA%E0%B8%A1,/บริการ/รับซื้อของสะสม,/บริการ/รับซื้อของสะสม,yes,no,no,308,308,194,194,yes,PASS
195,/รับซื้อ/รับซื้อของสะสม-บุรีรัมย์,/บริการ/รับซื้อของสะสม,/%E0%B8%9A%E0%B8%A3%E0%B8%B4%E0%B8%81%E0%B8%B2%E0%B8%A3/%E0%B8%A3%E0%B8%B1%E0%B8%9A%E0%B8%8B%E0%B8%B7%E0%B9%89%E0%B8%AD%E0%B8%82%E0%B8%AD%E0%B8%87%E0%B8%AA%E0%B8%B0%E0%B8%AA%E0%B8%A1,/บริการ/รับซื้อของสะสม,/บริการ/รับซื้อของสะสม,yes,no,no,308,308,195,195,yes,PASS
196,/%E0%B8%A3%E0%B8%B1%E0%B8%9A%E0%B8%8B%E0%B8%B7%E0%B9%89%E0%B8%AD/%E0%B8%A3%E0%B8%B1%E0%B8%9A%E0%B8%8B%E0%B8%B7%E0%B9%89%E0%B8%AD%E0%B8%82%E0%B8%AD%E0%B8%87%E0%B8%AA%E0%B8%B0%E0%B8%AA%E0%B8%A1-%E0%B8%9A%E0%B8%B8%E0%B8%A3%E0%B8%B5%E0%B8%A3%E0%B8%B1%E0%B8%A1%E0%B8%A2%E0%B9%8C,/บริการ/รับซื้อของสะสม,/%E0%B8%9A%E0%B8%A3%E0%B8%B4%E0%B8%81%E0%B8%B2%E0%B8%A3/%E0%B8%A3%E0%B8%B1%E0%B8%9A%E0%B8%8B%E0%B8%B7%E0%B9%89%E0%B8%AD%E0%B8%82%E0%B8%AD%E0%B8%87%E0%B8%AA%E0%B8%B0%E0%B8%AA%E0%B8%A1,/บริการ/รับซื้อของสะสม,/บริการ/รับซื้อของสะสม,yes,no,no,308,308,196,196,yes,PASS
197,/รับซื้อ/รับซื้อของสะสม-มหาสารคาม,/บริการ/รับซื้อของสะสม,/%E0%B8%9A%E0%B8%A3%E0%B8%B4%E0%B8%81%E0%B8%B2%E0%B8%A3/%E0%B8%A3%E0%B8%B1%E0%B8%9A%E0%B8%8B%E0%B8%B7%E0%B9%89%E0%B8%AD%E0%B8%82%E0%B8%AD%E0%B8%87%E0%B8%AA%E0%B8%B0%E0%B8%AA%E0%B8%A1,/บริการ/รับซื้อของสะสม,/บริการ/รับซื้อของสะสม,yes,no,no,308,308,197,197,yes,PASS
198,/%E0%B8%A3%E0%B8%B1%E0%B8%9A%E0%B8%8B%E0%B8%B7%E0%B9%89%E0%B8%AD/%E0%B8%A3%E0%B8%B1%E0%B8%9A%E0%B8%8B%E0%B8%B7%E0%B9%89%E0%B8%AD%E0%B8%82%E0%B8%AD%E0%B8%87%E0%B8%AA%E0%B8%B0%E0%B8%AA%E0%B8%A1-%E0%B8%A1%E0%B8%AB%E0%B8%B2%E0%B8%AA%E0%B8%B2%E0%B8%A3%E0%B8%84%E0%B8%B2%E0%B8%A1,/บริการ/รับซื้อของสะสม,/%E0%B8%9A%E0%B8%A3%E0%B8%B4%E0%B8%81%E0%B8%B2%E0%B8%A3/%E0%B8%A3%E0%B8%B1%E0%B8%9A%E0%B8%8B%E0%B8%B7%E0%B9%89%E0%B8%AD%E0%B8%82%E0%B8%AD%E0%B8%87%E0%B8%AA%E0%B8%B0%E0%B8%AA%E0%B8%A1,/บริการ/รับซื้อของสะสม,/บริการ/รับซื้อของสะสม,yes,no,no,308,308,198,198,yes,PASS
199,/รับซื้อ/รับซื้อของสะสม-มุกดาหาร,/บริการ/รับซื้อของสะสม,/%E0%B8%9A%E0%B8%A3%E0%B8%B4%E0%B8%81%E0%B8%B2%E0%B8%A3/%E0%B8%A3%E0%B8%B1%E0%B8%9A%E0%B8%8B%E0%B8%B7%E0%B9%89%E0%B8%AD%E0%B8%82%E0%B8%AD%E0%B8%87%E0%B8%AA%E0%B8%B0%E0%B8%AA%E0%B8%A1,/บริการ/รับซื้อของสะสม,/บริการ/รับซื้อของสะสม,yes,no,no,308,308,199,199,yes,PASS
200,/%E0%B8%A3%E0%B8%B1%E0%B8%9A%E0%B8%8B%E0%B8%B7%E0%B9%89%E0%B8%AD/%E0%B8%A3%E0%B8%B1%E0%B8%9A%E0%B8%8B%E0%B8%B7%E0%B9%89%E0%B8%AD%E0%B8%82%E0%B8%AD%E0%B8%87%E0%B8%AA%E0%B8%B0%E0%B8%AA%E0%B8%A1-%E0%B8%A1%E0%B8%B8%E0%B8%81%E0%B8%94%E0%B8%B2%E0%B8%AB%E0%B8%B2%E0%B8%A3,/บริการ/รับซื้อของสะสม,/%E0%B8%9A%E0%B8%A3%E0%B8%B4%E0%B8%81%E0%B8%B2%E0%B8%A3/%E0%B8%A3%E0%B8%B1%E0%B8%9A%E0%B8%8B%E0%B8%B7%E0%B9%89%E0%B8%AD%E0%B8%82%E0%B8%AD%E0%B8%87%E0%B8%AA%E0%B8%B0%E0%B8%AA%E0%B8%A1,/บริการ/รับซื้อของสะสม,/บริการ/รับซื้อของสะสม,yes,no,no,308,308,200,200,yes,PASS
201,/รับซื้อ/รับซื้อของสะสม-ยโสธร,/บริการ/รับซื้อของสะสม,/%E0%B8%9A%E0%B8%A3%E0%B8%B4%E0%B8%81%E0%B8%B2%E0%B8%A3/%E0%B8%A3%E0%B8%B1%E0%B8%9A%E0%B8%8B%E0%B8%B7%E0%B9%89%E0%B8%AD%E0%B8%82%E0%B8%AD%E0%B8%87%E0%B8%AA%E0%B8%B0%E0%B8%AA%E0%B8%A1,/บริการ/รับซื้อของสะสม,/บริการ/รับซื้อของสะสม,yes,no,no,308,308,201,201,yes,PASS
202,/%E0%B8%A3%E0%B8%B1%E0%B8%9A%E0%B8%8B%E0%B8%B7%E0%B9%89%E0%B8%AD/%E0%B8%A3%E0%B8%B1%E0%B8%9A%E0%B8%8B%E0%B8%B7%E0%B9%89%E0%B8%AD%E0%B8%82%E0%B8%AD%E0%B8%87%E0%B8%AA%E0%B8%B0%E0%B8%AA%E0%B8%A1-%E0%B8%A2%E0%B9%82%E0%B8%AA%E0%B8%98%E0%B8%A3,/บริการ/รับซื้อของสะสม,/%E0%B8%9A%E0%B8%A3%E0%B8%B4%E0%B8%81%E0%B8%B2%E0%B8%A3/%E0%B8%A3%E0%B8%B1%E0%B8%9A%E0%B8%8B%E0%B8%B7%E0%B9%89%E0%B8%AD%E0%B8%82%E0%B8%AD%E0%B8%87%E0%B8%AA%E0%B8%B0%E0%B8%AA%E0%B8%A1,/บริการ/รับซื้อของสะสม,/บริการ/รับซื้อของสะสม,yes,no,no,308,308,202,202,yes,PASS
203,/รับซื้อ/รับซื้อของสะสม-ร้อยเอ็ด,/บริการ/รับซื้อของสะสม,/%E0%B8%9A%E0%B8%A3%E0%B8%B4%E0%B8%81%E0%B8%B2%E0%B8%A3/%E0%B8%A3%E0%B8%B1%E0%B8%9A%E0%B8%8B%E0%B8%B7%E0%B9%89%E0%B8%AD%E0%B8%82%E0%B8%AD%E0%B8%87%E0%B8%AA%E0%B8%B0%E0%B8%AA%E0%B8%A1,/บริการ/รับซื้อของสะสม,/บริการ/รับซื้อของสะสม,yes,no,no,308,308,203,203,yes,PASS
204,/%E0%B8%A3%E0%B8%B1%E0%B8%9A%E0%B8%8B%E0%B8%B7%E0%B9%89%E0%B8%AD/%E0%B8%A3%E0%B8%B1%E0%B8%9A%E0%B8%8B%E0%B8%B7%E0%B9%89%E0%B8%AD%E0%B8%82%E0%B8%AD%E0%B8%87%E0%B8%AA%E0%B8%B0%E0%B8%AA%E0%B8%A1-%E0%B8%A3%E0%B9%89%E0%B8%AD%E0%B8%A2%E0%B9%80%E0%B8%AD%E0%B9%87%E0%B8%94,/บริการ/รับซื้อของสะสม,/%E0%B8%9A%E0%B8%A3%E0%B8%B4%E0%B8%81%E0%B8%B2%E0%B8%A3/%E0%B8%A3%E0%B8%B1%E0%B8%9A%E0%B8%8B%E0%B8%B7%E0%B9%89%E0%B8%AD%E0%B8%82%E0%B8%AD%E0%B8%87%E0%B8%AA%E0%B8%B0%E0%B8%AA%E0%B8%A1,/บริการ/รับซื้อของสะสม,/บริการ/รับซื้อของสะสม,yes,no,no,308,308,204,204,yes,PASS
205,/รับซื้อ/รับซื้อของสะสม-เลย,/บริการ/รับซื้อของสะสม,/%E0%B8%9A%E0%B8%A3%E0%B8%B4%E0%B8%81%E0%B8%B2%E0%B8%A3/%E0%B8%A3%E0%B8%B1%E0%B8%9A%E0%B8%8B%E0%B8%B7%E0%B9%89%E0%B8%AD%E0%B8%82%E0%B8%AD%E0%B8%87%E0%B8%AA%E0%B8%B0%E0%B8%AA%E0%B8%A1,/บริการ/รับซื้อของสะสม,/บริการ/รับซื้อของสะสม,yes,no,no,308,308,205,205,yes,PASS
206,/%E0%B8%A3%E0%B8%B1%E0%B8%9A%E0%B8%8B%E0%B8%B7%E0%B9%89%E0%B8%AD/%E0%B8%A3%E0%B8%B1%E0%B8%9A%E0%B8%8B%E0%B8%B7%E0%B9%89%E0%B8%AD%E0%B8%82%E0%B8%AD%E0%B8%87%E0%B8%AA%E0%B8%B0%E0%B8%AA%E0%B8%A1-%E0%B9%80%E0%B8%A5%E0%B8%A2,/บริการ/รับซื้อของสะสม,/%E0%B8%9A%E0%B8%A3%E0%B8%B4%E0%B8%81%E0%B8%B2%E0%B8%A3/%E0%B8%A3%E0%B8%B1%E0%B8%9A%E0%B8%8B%E0%B8%B7%E0%B9%89%E0%B8%AD%E0%B8%82%E0%B8%AD%E0%B8%87%E0%B8%AA%E0%B8%B0%E0%B8%AA%E0%B8%A1,/บริการ/รับซื้อของสะสม,/บริการ/รับซื้อของสะสม,yes,no,no,308,308,206,206,yes,PASS
207,/รับซื้อ/รับซื้อของสะสม-ศรีสะเกษ,/บริการ/รับซื้อของสะสม,/%E0%B8%9A%E0%B8%A3%E0%B8%B4%E0%B8%81%E0%B8%B2%E0%B8%A3/%E0%B8%A3%E0%B8%B1%E0%B8%9A%E0%B8%8B%E0%B8%B7%E0%B9%89%E0%B8%AD%E0%B8%82%E0%B8%AD%E0%B8%87%E0%B8%AA%E0%B8%B0%E0%B8%AA%E0%B8%A1,/บริการ/รับซื้อของสะสม,/บริการ/รับซื้อของสะสม,yes,no,no,308,308,207,207,yes,PASS
208,/%E0%B8%A3%E0%B8%B1%E0%B8%9A%E0%B8%8B%E0%B8%B7%E0%B9%89%E0%B8%AD/%E0%B8%A3%E0%B8%B1%E0%B8%9A%E0%B8%8B%E0%B8%B7%E0%B9%89%E0%B8%AD%E0%B8%82%E0%B8%AD%E0%B8%87%E0%B8%AA%E0%B8%B0%E0%B8%AA%E0%B8%A1-%E0%B8%A8%E0%B8%A3%E0%B8%B5%E0%B8%AA%E0%B8%B0%E0%B9%80%E0%B8%81%E0%B8%A9,/บริการ/รับซื้อของสะสม,/%E0%B8%9A%E0%B8%A3%E0%B8%B4%E0%B8%81%E0%B8%B2%E0%B8%A3/%E0%B8%A3%E0%B8%B1%E0%B8%9A%E0%B8%8B%E0%B8%B7%E0%B9%89%E0%B8%AD%E0%B8%82%E0%B8%AD%E0%B8%87%E0%B8%AA%E0%B8%B0%E0%B8%AA%E0%B8%A1,/บริการ/รับซื้อของสะสม,/บริการ/รับซื้อของสะสม,yes,no,no,308,308,208,208,yes,PASS
209,/รับซื้อ/รับซื้อของสะสม-สกลนคร,/บริการ/รับซื้อของสะสม,/%E0%B8%9A%E0%B8%A3%E0%B8%B4%E0%B8%81%E0%B8%B2%E0%B8%A3/%E0%B8%A3%E0%B8%B1%E0%B8%9A%E0%B8%8B%E0%B8%B7%E0%B9%89%E0%B8%AD%E0%B8%82%E0%B8%AD%E0%B8%87%E0%B8%AA%E0%B8%B0%E0%B8%AA%E0%B8%A1,/บริการ/รับซื้อของสะสม,/บริการ/รับซื้อของสะสม,yes,no,no,308,308,209,209,yes,PASS
210,/%E0%B8%A3%E0%B8%B1%E0%B8%9A%E0%B8%8B%E0%B8%B7%E0%B9%89%E0%B8%AD/%E0%B8%A3%E0%B8%B1%E0%B8%9A%E0%B8%8B%E0%B8%B7%E0%B9%89%E0%B8%AD%E0%B8%82%E0%B8%AD%E0%B8%87%E0%B8%AA%E0%B8%B0%E0%B8%AA%E0%B8%A1-%E0%B8%AA%E0%B8%81%E0%B8%A5%E0%B8%99%E0%B8%84%E0%B8%A3,/บริการ/รับซื้อของสะสม,/%E0%B8%9A%E0%B8%A3%E0%B8%B4%E0%B8%81%E0%B8%B2%E0%B8%A3/%E0%B8%A3%E0%B8%B1%E0%B8%9A%E0%B8%8B%E0%B8%B7%E0%B9%89%E0%B8%AD%E0%B8%82%E0%B8%AD%E0%B8%87%E0%B8%AA%E0%B8%B0%E0%B8%AA%E0%B8%A1,/บริการ/รับซื้อของสะสม,/บริการ/รับซื้อของสะสม,yes,no,no,308,308,210,210,yes,PASS
211,/รับซื้อ/รับซื้อของสะสม-สุรินทร์,/บริการ/รับซื้อของสะสม,/%E0%B8%9A%E0%B8%A3%E0%B8%B4%E0%B8%81%E0%B8%B2%E0%B8%A3/%E0%B8%A3%E0%B8%B1%E0%B8%9A%E0%B8%8B%E0%B8%B7%E0%B9%89%E0%B8%AD%E0%B8%82%E0%B8%AD%E0%B8%87%E0%B8%AA%E0%B8%B0%E0%B8%AA%E0%B8%A1,/บริการ/รับซื้อของสะสม,/บริการ/รับซื้อของสะสม,yes,no,no,308,308,211,211,yes,PASS
212,/%E0%B8%A3%E0%B8%B1%E0%B8%9A%E0%B8%8B%E0%B8%B7%E0%B9%89%E0%B8%AD/%E0%B8%A3%E0%B8%B1%E0%B8%9A%E0%B8%8B%E0%B8%B7%E0%B9%89%E0%B8%AD%E0%B8%82%E0%B8%AD%E0%B8%87%E0%B8%AA%E0%B8%B0%E0%B8%AA%E0%B8%A1-%E0%B8%AA%E0%B8%B8%E0%B8%A3%E0%B8%B4%E0%B8%99%E0%B8%97%E0%B8%A3%E0%B9%8C,/บริการ/รับซื้อของสะสม,/%E0%B8%9A%E0%B8%A3%E0%B8%B4%E0%B8%81%E0%B8%B2%E0%B8%A3/%E0%B8%A3%E0%B8%B1%E0%B8%9A%E0%B8%8B%E0%B8%B7%E0%B9%89%E0%B8%AD%E0%B8%82%E0%B8%AD%E0%B8%87%E0%B8%AA%E0%B8%B0%E0%B8%AA%E0%B8%A1,/บริการ/รับซื้อของสะสม,/บริการ/รับซื้อของสะสม,yes,no,no,308,308,212,212,yes,PASS
213,/รับซื้อ/รับซื้อของสะสม-หนองคาย,/บริการ/รับซื้อของสะสม,/%E0%B8%9A%E0%B8%A3%E0%B8%B4%E0%B8%81%E0%B8%B2%E0%B8%A3/%E0%B8%A3%E0%B8%B1%E0%B8%9A%E0%B8%8B%E0%B8%B7%E0%B9%89%E0%B8%AD%E0%B8%82%E0%B8%AD%E0%B8%87%E0%B8%AA%E0%B8%B0%E0%B8%AA%E0%B8%A1,/บริการ/รับซื้อของสะสม,/บริการ/รับซื้อของสะสม,yes,no,no,308,308,213,213,yes,PASS
214,/%E0%B8%A3%E0%B8%B1%E0%B8%9A%E0%B8%8B%E0%B8%B7%E0%B9%89%E0%B8%AD/%E0%B8%A3%E0%B8%B1%E0%B8%9A%E0%B8%8B%E0%B8%B7%E0%B9%89%E0%B8%AD%E0%B8%82%E0%B8%AD%E0%B8%87%E0%B8%AA%E0%B8%B0%E0%B8%AA%E0%B8%A1-%E0%B8%AB%E0%B8%99%E0%B8%AD%E0%B8%87%E0%B8%84%E0%B8%B2%E0%B8%A2,/บริการ/รับซื้อของสะสม,/%E0%B8%9A%E0%B8%A3%E0%B8%B4%E0%B8%81%E0%B8%B2%E0%B8%A3/%E0%B8%A3%E0%B8%B1%E0%B8%9A%E0%B8%8B%E0%B8%B7%E0%B9%89%E0%B8%AD%E0%B8%82%E0%B8%AD%E0%B8%87%E0%B8%AA%E0%B8%B0%E0%B8%AA%E0%B8%A1,/บริการ/รับซื้อของสะสม,/บริการ/รับซื้อของสะสม,yes,no,no,308,308,214,214,yes,PASS
215,/รับซื้อ/รับซื้อของสะสม-หนองบัวลำภู,/บริการ/รับซื้อของสะสม,/%E0%B8%9A%E0%B8%A3%E0%B8%B4%E0%B8%81%E0%B8%B2%E0%B8%A3/%E0%B8%A3%E0%B8%B1%E0%B8%9A%E0%B8%8B%E0%B8%B7%E0%B9%89%E0%B8%AD%E0%B8%82%E0%B8%AD%E0%B8%87%E0%B8%AA%E0%B8%B0%E0%B8%AA%E0%B8%A1,/บริการ/รับซื้อของสะสม,/บริการ/รับซื้อของสะสม,yes,no,no,308,308,215,215,yes,PASS
216,/%E0%B8%A3%E0%B8%B1%E0%B8%9A%E0%B8%8B%E0%B8%B7%E0%B9%89%E0%B8%AD/%E0%B8%A3%E0%B8%B1%E0%B8%9A%E0%B8%8B%E0%B8%B7%E0%B9%89%E0%B8%AD%E0%B8%82%E0%B8%AD%E0%B8%87%E0%B8%AA%E0%B8%B0%E0%B8%AA%E0%B8%A1-%E0%B8%AB%E0%B8%99%E0%B8%AD%E0%B8%87%E0%B8%9A%E0%B8%B1%E0%B8%A7%E0%B8%A5%E0%B8%B3%E0%B8%A0%E0%B8%B9,/บริการ/รับซื้อของสะสม,/%E0%B8%9A%E0%B8%A3%E0%B8%B4%E0%B8%81%E0%B8%B2%E0%B8%A3/%E0%B8%A3%E0%B8%B1%E0%B8%9A%E0%B8%8B%E0%B8%B7%E0%B9%89%E0%B8%AD%E0%B8%82%E0%B8%AD%E0%B8%87%E0%B8%AA%E0%B8%B0%E0%B8%AA%E0%B8%A1,/บริการ/รับซื้อของสะสม,/บริการ/รับซื้อของสะสม,yes,no,no,308,308,216,216,yes,PASS
217,/รับซื้อ/รับซื้อของสะสม-อำนาจเจริญ,/บริการ/รับซื้อของสะสม,/%E0%B8%9A%E0%B8%A3%E0%B8%B4%E0%B8%81%E0%B8%B2%E0%B8%A3/%E0%B8%A3%E0%B8%B1%E0%B8%9A%E0%B8%8B%E0%B8%B7%E0%B9%89%E0%B8%AD%E0%B8%82%E0%B8%AD%E0%B8%87%E0%B8%AA%E0%B8%B0%E0%B8%AA%E0%B8%A1,/บริการ/รับซื้อของสะสม,/บริการ/รับซื้อของสะสม,yes,no,no,308,308,217,217,yes,PASS
218,/%E0%B8%A3%E0%B8%B1%E0%B8%9A%E0%B8%8B%E0%B8%B7%E0%B9%89%E0%B8%AD/%E0%B8%A3%E0%B8%B1%E0%B8%9A%E0%B8%8B%E0%B8%B7%E0%B9%89%E0%B8%AD%E0%B8%82%E0%B8%AD%E0%B8%87%E0%B8%AA%E0%B8%B0%E0%B8%AA%E0%B8%A1-%E0%B8%AD%E0%B8%B3%E0%B8%99%E0%B8%B2%E0%B8%88%E0%B9%80%E0%B8%88%E0%B8%A3%E0%B8%B4%E0%B8%8D,/บริการ/รับซื้อของสะสม,/%E0%B8%9A%E0%B8%A3%E0%B8%B4%E0%B8%81%E0%B8%B2%E0%B8%A3/%E0%B8%A3%E0%B8%B1%E0%B8%9A%E0%B8%8B%E0%B8%B7%E0%B9%89%E0%B8%AD%E0%B8%82%E0%B8%AD%E0%B8%87%E0%B8%AA%E0%B8%B0%E0%B8%AA%E0%B8%A1,/บริการ/รับซื้อของสะสม,/บริการ/รับซื้อของสะสม,yes,no,no,308,308,218,218,yes,PASS
219,/รับซื้อ/รับซื้อของสะสม-อุดรธานี,/บริการ/รับซื้อของสะสม,/%E0%B8%9A%E0%B8%A3%E0%B8%B4%E0%B8%81%E0%B8%B2%E0%B8%A3/%E0%B8%A3%E0%B8%B1%E0%B8%9A%E0%B8%8B%E0%B8%B7%E0%B9%89%E0%B8%AD%E0%B8%82%E0%B8%AD%E0%B8%87%E0%B8%AA%E0%B8%B0%E0%B8%AA%E0%B8%A1,/บริการ/รับซื้อของสะสม,/บริการ/รับซื้อของสะสม,yes,no,no,308,308,219,219,yes,PASS
220,/%E0%B8%A3%E0%B8%B1%E0%B8%9A%E0%B8%8B%E0%B8%B7%E0%B9%89%E0%B8%AD/%E0%B8%A3%E0%B8%B1%E0%B8%9A%E0%B8%8B%E0%B8%B7%E0%B9%89%E0%B8%AD%E0%B8%82%E0%B8%AD%E0%B8%87%E0%B8%AA%E0%B8%B0%E0%B8%AA%E0%B8%A1-%E0%B8%AD%E0%B8%B8%E0%B8%94%E0%B8%A3%E0%B8%98%E0%B8%B2%E0%B8%99%E0%B8%B5,/บริการ/รับซื้อของสะสม,/%E0%B8%9A%E0%B8%A3%E0%B8%B4%E0%B8%81%E0%B8%B2%E0%B8%A3/%E0%B8%A3%E0%B8%B1%E0%B8%9A%E0%B8%8B%E0%B8%B7%E0%B9%89%E0%B8%AD%E0%B8%82%E0%B8%AD%E0%B8%87%E0%B8%AA%E0%B8%B0%E0%B8%AA%E0%B8%A1,/บริการ/รับซื้อของสะสม,/บริการ/รับซื้อของสะสม,yes,no,no,308,308,220,220,yes,PASS
221,/:path+/,/:path+,/:path+,/:path+,/:path+,no,no,no,308,308,221,221,yes,PASS
