source_url,source_file,group_id,classification_batch12a,protected_in_batch12b,production_status,canonical,indexable,sitemap,target_url,approved_for_batch12c
/รับซื้อ/รับซื้อของสะสม-ร้อยเอ็ด,src/content/serviceAreas/รับซื้อของสะสม-ร้อยเอ็ด.md,G-SA-รับซื้อของสะสม,MERGE,yes,200,https://amphon.co.th/รับซื้อ/รับซื้อของสะสม-ร้อยเอ็ด,yes,yes,/บริการ/รับซื้อของสะสม,yes
/รับซื้อ/รับซื้อของสะสม-เลย,src/content/serviceAreas/รับซื้อของสะสม-เลย.md,G-SA-รับซื้อของสะสม,MERGE,yes,200,https://amphon.co.th/รับซื้อ/รับซื้อของสะสม-เลย,yes,yes,/บริการ/รับซื้อของสะสม,yes
/รับซื้อ/รับซื้อของสะสม-ศรีสะเกษ,src/content/serviceAreas/รับซื้อของสะสม-ศรีสะเกษ.md,G-SA-รับซื้อของสะสม,MERGE,yes,200,https://amphon.co.th/รับซื้อ/รับซื้อของสะสม-ศรีสะเกษ,yes,yes,/บริการ/รับซื้อของสะสม,yes
/รับซื้อ/รับซื้อของสะสม-สกลนคร,src/content/serviceAreas/รับซื้อของสะสม-สกลนคร.md,G-SA-รับซื้อของสะสม,MERGE,yes,200,https://amphon.co.th/รับซื้อ/รับซื้อของสะสม-สกลนคร,yes,yes,/บริการ/รับซื้อของสะสม,yes
/รับซื้อ/รับซื้อของสะสม-สุรินทร์,src/content/serviceAreas/รับซื้อของสะสม-สุรินทร์.md,G-SA-รับซื้อของสะสม,MERGE,yes,200,https://amphon.co.th/รับซื้อ/รับซื้อของสะสม-สุรินทร์,yes,yes,/บริการ/รับซื้อของสะสม,yes
/รับซื้อ/รับซื้อของสะสม-หนองคาย,src/content/serviceAreas/รับซื้อของสะสม-หนองคาย.md,G-SA-รับซื้อของสะสม,MERGE,yes,200,https://amphon.co.th/รับซื้อ/รับซื้อของสะสม-หนองคาย,yes,yes,/บริการ/รับซื้อของสะสม,yes
/รับซื้อ/รับซื้อของสะสม-หนองบัวลำภู,src/content/serviceAreas/รับซื้อของสะสม-หนองบัวลำภู.md,G-SA-รับซื้อของสะสม,MERGE,yes,200,https://amphon.co.th/รับซื้อ/รับซื้อของสะสม-หนองบัวลำภู,yes,yes,/บริการ/รับซื้อของสะสม,yes
/รับซื้อ/รับซื้อของสะสม-อำนาจเจริญ,src/content/serviceAreas/รับซื้อของสะสม-อำนาจเจริญ.md,G-SA-รับซื้อของสะสม,MERGE,yes,200,https://amphon.co.th/รับซื้อ/รับซื้อของสะสม-อำนาจเจริญ,yes,yes,/บริการ/รับซื้อของสะสม,yes
/รับซื้อ/รับซื้อของสะสม-อุดรธานี,src/content/serviceAreas/รับซื้อของสะสม-อุดรธานี.md,G-SA-รับซื้อของสะสม,MERGE,yes,200,https://amphon.co.th/รับซื้อ/รับซื้อของสะสม-อุดรธานี,yes,yes,/บริการ/รับซื้อของสะสม,yes
