"URL","Status","Final URL","Redirects","Title","Meta description","H1","Canonical","Robots","JSON-LD","Breadcrumb","Internal links","CTA","LINE link","Telephone link","Mobile","Result","Error"
"/บริการ/รับซื้อแท็บเล็ต","200","https://amphon.co.th/บริการ/รับซื้อแท็บเล็ต","0","รับซื้อแท็บเล็ตมือสอง Samsung Xiaomi Huawei Lenovo | อำพล เทรดดิ้ง | Amphon.co.th","รับซื้อแท็บเล็ตมือสอง Samsung Galaxy Tab, Xiaomi Pad, Huawei MatePad, Lenovo Tab, HONOR Pad และ Windows Tablet ส่งรุ่น ความจุ และรูปสภาพผ่าน LINE เพื่อประเมิน","รับซื้อแท็บเล็ตมือสอง Android และ Windows Tablet","https://amphon.co.th/บริการ/รับซื้อแท็บเล็ต","index, follow, max-image-preview:large, max-snippet:-1, max-video-preview:-1","1","Yes","61","Yes","Yes","Yes","PASS","PASS",""
"/บริการ/รับซื้อ-ipad","200","https://amphon.co.th/บริการ/รับซื้อ-ipad","0","รับซื้อ iPad มือสอง Pro / Air / mini ส่งรูปเช็กราคาได้ | Amphon.co.th","รับซื้อ iPad มือสองทั้ง iPad Pro, iPad Air, iPad Gen และ iPad mini ส่งรูป รุ่น ความจุ อุปกรณ์ สภาพเครื่อง และอาการเพื่อประเมินเบื้องต้นได้ทั่วประเทศ","รับซื้อ iPad มือสอง ส่งรูปเช็กราคาได้ทั่วประเทศ","https://amphon.co.th/บริการ/รับซื้อ-ipad","index, follow, max-image-preview:large, max-snippet:-1, max-video-preview:-1","1","Yes","97","Yes","Yes","Yes","PASS","PASS",""
"/บริการ/รับซื้อโทรศัพท์มือสอง","200","https://amphon.co.th/บริการ/รับซื้อโทรศัพท์มือสอง","0","รับซื้อโทรศัพท์มือสองทุกยี่ห้อ Samsung OPPO vivo Xiaomi | อำพล เทรดดิ้ง | Amphon.co.th","รับซื้อโทรศัพท์มือสอง iPhone Samsung OPPO vivo Xiaomi realme Huawei และมือถือหลายยี่ห้อ ส่งรุ่น ความจุ และรูปสภาพผ่าน LINE เพื่อประเมินเบื้องต้นก่อนขาย","รับซื้อโทรศัพท์มือสองทุกยี่ห้อ ส่งรูปประเมินออนไลน์","https://amphon.co.th/บริการ/รับซื้อโทรศัพท์มือสอง","index, follow, max-image-preview:large, max-snippet:-1, max-video-preview:-1","1","Yes","50","Yes","Yes","Yes","PASS","PASS",""
"/บริการ/รับซื้อ-iphone","200","https://amphon.co.th/บริการ/รับซื้อ-iphone","0","รับซื้อ iPhone มือสอง ส่งรูปเช็กราคาได้ทั่วประเทศ | Amphon.co.th","รับซื้อ iPhone มือสองหลายรุ่นทั่วประเทศ ส่งรูป รุ่น ความจุ Battery Health สภาพเครื่อง และอุปกรณ์เพื่อประเมินเบื้องต้นได้ มีหน้าร้านจริงตรวจสอบได้","รับซื้อ iPhone มือสอง ส่งรูปเช็กราคาได้ทั่วประเทศ","https://amphon.co.th/บริการ/รับซื้อ-iphone","index, follow, max-image-preview:large, max-snippet:-1, max-video-preview:-1","1","Yes","97","Yes","Yes","Yes","PASS","PASS",""
"/บริการ/รับซื้อ-ipad-pro","200","https://amphon.co.th/บริการ/รับซื้อ-ipad-pro","0","รับซื้อ iPad Pro มือสอง ประเมินตามรุ่น ความจุ และสภาพจริง | Amphon.co.th","รับซื้อ iPad Pro มือสอง ส่งรูป รุ่น ชิป ขนาดหน้าจอ ความจุ สภาพเครื่อง แบตเตอรี่ และอุปกรณ์ เช่น Apple Pencil หรือ Magic Keyboard เพื่อประเมินราคาเบื้องต้นได้","รับซื้อ iPad Pro มือสอง ส่งรูปประเมินราคาเบื้องต้นได้","https://amphon.co.th/บริการ/รับซื้อ-ipad-pro","index, follow, max-image-preview:large, max-snippet:-1, max-video-preview:-1","1","Yes","65","Yes","Yes","Yes","PASS","PASS",""
"/บริการ/รับซื้อ-ipad-air","200","https://amphon.co.th/บริการ/รับซื้อ-ipad-air","0","รับซื้อ iPad Air มือสอง ประเมินตามสภาพจริง M1 M2 M3 ทุกความจุ | Amphon.co.th","รับซื้อ iPad Air 4, Air 5 (M1), Air M2 และ Air M3 สภาพสวย ประเมินราคาฟรีผ่าน LINE นัดรับง่าย ส่งรูปหรือข้อมูลสินค้าเพื่อประเมินราคาเบื้องต้นได้","รับซื้อ iPad Air มือสอง M1 M2 M3 ประเมินตามสภาพจริง","https://amphon.co.th/บริการ/รับซื้อ-ipad-air","index, follow, max-image-preview:large, max-snippet:-1, max-video-preview:-1","1","Yes","56","Yes","Yes","Yes","PASS","PASS",""
"/บริการ/รับซื้อ-ipad-จอแตก","200","https://amphon.co.th/บริการ/รับซื้อ-ipad-จอแตก","0","รับซื้อ iPad จอแตก จอเป็นเส้น ทัชไม่ติด ให้ราคาแฟร์ | Amphon.co.th","รับซื้อ iPad จอแตก กระจกร้าว จอเป็นเส้น จอดำ ทัชสกรีนไม่ได้ ประเมินราคาตามค่าใช้จ่ายเปลี่ยนหน้าจอ รับซื้อหลายรุ่น Pro Air mini Gen","รับซื้อ iPad จอแตก จอเป็นเส้น ทัชไม่ติด ประเมินตามสภาพ","https://amphon.co.th/บริการ/รับซื้อ-ipad-จอแตก","index, follow, max-image-preview:large, max-snippet:-1, max-video-preview:-1","1","Yes","56","Yes","Yes","Yes","PASS","PASS",""
"/บริการ/รับซื้อ-ipad-เสีย","200","https://amphon.co.th/บริการ/รับซื้อ-ipad-เสีย","0","รับซื้อ iPad เสีย เปิดไม่ติด แบตเสื่อม ประเมินราคาซาก | Amphon.co.th","มี iPad เสีย เปิดไม่ติด ชาร์จไม่เข้า แบตเตอรี่เสื่อม หรือบอร์ดพัง อย่าเพิ่งทิ้ง! เรารับซื้อซาก iPad มือสองเพื่อนำไปเป็นอะไหล่ ประเมินตามสภาพจริง","รับซื้อ iPad เสีย เปิดไม่ติด แบตเสื่อม ประเมินตามอะไหล่","https://amphon.co.th/บริการ/รับซื้อ-ipad-เสีย","index, follow, max-image-preview:large, max-snippet:-1, max-video-preview:-1","1","Yes","56","Yes","Yes","Yes","PASS","PASS",""
"/blog/ipad-ติด-icloud-ขายได้ไหม","200","https://amphon.co.th/blog/ipad-ติด-icloud-ขายได้ไหม","0","iPad ติด iCloud ขายได้ไหม ต้องปลดอะไรให้เรียบร้อย | Amphon.co.th","iPad ที่ยังผูกบัญชี Apple หรือมี Activation Lock ต้องให้เจ้าของเดิมปิด Find My และนำเครื่องออกจากบัญชีก่อนขาย พร้อมขั้นตอนสำรองและลบข้อมูลอย่างถูกต้อง","iPad ติด iCloud ขายได้ไหม ต้องปลดอะไรให้เรียบร้อย","https://amphon.co.th/blog/ipad-ติด-icloud-ขายได้ไหม","index, follow, max-image-preview:large, max-snippet:-1, max-video-preview:-1","1","Yes","40","Yes","Yes","Yes","PASS","PASS",""
"/blog/วิธีเช็กรุ่น-ipad-ว่าเป็น-gen-ไหน","200","https://amphon.co.th/blog/วิธีเช็กรุ่น-ipad-ว่าเป็น-gen-ไหน","0","วิธีดูรุ่น iPad ว่าเป็น Gen ไหน เช็กเลขโมเดล Axxxx พร้อมตาราง | Amphon.co.th","วิธีดูรุ่น iPad ว่าเป็น Gen ไหนจาก Settings ฝาหลัง และเลขโมเดล Axxxx พร้อมตาราง iPad, Air, mini และ Pro แยกปี ขนาดจอ ความจุ และ Wi-Fi หรือ Cellular","วิธีดูรุ่น iPad ว่าเป็น Gen ไหน เช็กเลขโมเดล Axxxx พร้อมตาราง","https://amphon.co.th/blog/วิธีเช็กรุ่น-ipad-ว่าเป็น-gen-ไหน","index, follow, max-image-preview:large, max-snippet:-1, max-video-preview:-1","1","Yes","58","Yes","Yes","Yes","PASS","PASS",""
"/บริการ/รับซื้อ-iphone-13","200","https://amphon.co.th/บริการ/รับซื้อ-iphone-13","0","รับซื้อ iPhone 13 รับซื้อไอโฟน 13 Pro Max มือสอง ประเมินตามสภาพจริง | อำพล เทรดดิ้ง | Amphon.co.th","รับซื้อ iPhone 13 มือสอง หลายรุ่น 13 mini, 13 Pro, 13 Pro Max ประเมินตามสภาพจริง ประเมินตามความจุและสภาพจริง ชำระเงินหลังตรวจสอบสินค้าและตกลงราคาเรียบร้อยแล้ว ร้านรับซื้ออุบลราชธานี","รับซื้อ iPhone 13 มือสอง 13 Pro 13 Pro Max ประเมินตามสภาพ","https://amphon.co.th/บริการ/รับซื้อ-iphone-13","index, follow, max-image-preview:large, max-snippet:-1, max-video-preview:-1","1","Yes","61","Yes","Yes","Yes","PASS","PASS",""
"/บริการ/รับซื้อ-iphone-17","200","https://amphon.co.th/บริการ/รับซื้อ-iphone-17","0","รับซื้อ iPhone 17 มือสอง ประเมินตามสภาพจริง | Amphon.co.th","รับซื้อ iPhone 17 มือสองหลายรุ่น ส่งรูป รุ่น ความจุ สุขภาพแบต สภาพเครื่อง และอุปกรณ์ เพื่อประเมินราคาเบื้องต้นได้ทั่วประเทศ","รับซื้อ iPhone 17 มือสอง ประเมินตามรุ่น ความจุ และสภาพจริง","https://amphon.co.th/บริการ/รับซื้อ-iphone-17","index, follow, max-image-preview:large, max-snippet:-1, max-video-preview:-1","1","Yes","69","Yes","Yes","Yes","PASS","PASS",""
"/บริการ/รับซื้อ-iphone-จอแตก","200","https://amphon.co.th/บริการ/รับซื้อ-iphone-จอแตก","0","รับซื้อ iPhone จอแตก จอเป็นเส้น ทัชไม่ติด มือสอง | อำพล เทรดดิ้ง | Amphon.co.th","รับซื้อ iPhone จอแตก จอดำ จอเป็นเส้นสีเขียว ทัชสกรีนไม่ได้ มือสองหลายรุ่น ตีราคาตามสภาพและค่าซ่อม รับซื้อหน้าร้านอุบลราชธานี","รับซื้อ iPhone จอแตก จอเป็นเส้น ทัชไม่ติด ประเมินตามสภาพ","https://amphon.co.th/บริการ/รับซื้อ-iphone-จอแตก","index, follow, max-image-preview:large, max-snippet:-1, max-video-preview:-1","1","Yes","61","Yes","Yes","Yes","PASS","PASS",""
"/บริการ/รับซื้อ-iphone-face-id-เสีย","200","https://amphon.co.th/บริการ/รับซื้อ-iphone-face-id-เสีย","0","รับซื้อ iPhone Face ID เสีย สแกนหน้าไม่ได้ มือสอง | อำพล เทรดดิ้ง | Amphon.co.th","รับซื้อ iPhone Face ID เสีย สแกนหน้าไม่ได้ กล้องหน้ามีปัญหา True Tone หาย หลายรุ่น ประเมินราคาตามสภาพและค่าซ่อม รับซื้อหน้าร้านอุบลราชธานี","รับซื้อ iPhone Face ID เสีย ประเมินราคาตามอาการจริง","https://amphon.co.th/บริการ/รับซื้อ-iphone-face-id-เสีย","index, follow, max-image-preview:large, max-snippet:-1, max-video-preview:-1","1","Yes","62","Yes","Yes","Yes","PASS","PASS",""
"/blog/iphone-ติด-icloud-ลืม-apple-id-ก่อนขาย","200","https://amphon.co.th/blog/iphone-ติด-icloud-ลืม-apple-id-ก่อนขาย","0","iPhone ติด iCloud หรือลืม Apple Account (Apple ID) ก่อนขาย | Amphon.co.th","iPhone ที่ยังติด iCloud หรือ Activation Lock ต้องให้เจ้าของเดิมปิด Find My และนำเครื่องออกจากบัญชี Apple ก่อนขาย พร้อมแนวทางกู้คืนบัญชีอย่างถูกต้อง","iPhone ติด iCloud หรือลืม Apple Account (Apple ID) ก่อนขาย","https://amphon.co.th/blog/iphone-ติด-icloud-ลืม-apple-id-ก่อนขาย","index, follow, max-image-preview:large, max-snippet:-1, max-video-preview:-1","1","Yes","41","Yes","Yes","Yes","PASS","PASS",""
"/blog/ราคา-iphone-มือสอง-2026","200","https://amphon.co.th/blog/ราคา-iphone-มือสอง-2026","0","ราคา iPhone มือสอง 2026 แต่ละรุ่นราคาเท่าไหร่ | Amphon.co.th","ราคา iPhone มือสอง 2026 ทุกรุ่น iPhone 13 14 15 16 ปัจจัยที่มีผลต่อราคา และวิธีเช็กว่าเครื่องของคุณควรได้เท่าไหร่","ราคา iPhone มือสอง 2026 แต่ละรุ่นราคาเท่าไหร่","https://amphon.co.th/blog/ราคา-iphone-มือสอง-2026","index, follow, max-image-preview:large, max-snippet:-1, max-video-preview:-1","1","Yes","40","Yes","Yes","Yes","PASS","PASS",""
"/รับซื้อ/รับซื้อกล้อง-อุบลราชธานี","200","https://amphon.co.th/รับซื้อ/รับซื้อกล้อง-อุบลราชธานี","0","รับซื้อ กล้อง อุบลราชธานี ประเมินราคาเบื้องต้น | Amphon.co.th","รับซื้อ กล้อง ในอุบลราชธานี ประเมินราคาฟรี ส่งรูปเช็กราคาได้ ชำระเงินหลังตรวจสอบสินค้าและตกลงราคาเรียบร้อยแล้ว ติดต่อ Line @webuy โทร 0642579353","รับซื้อ กล้อง อุบลราชธานี ประเมินราคาเบื้องต้น","https://amphon.co.th/รับซื้อ/รับซื้อกล้อง-อุบลราชธานี","index, follow, max-image-preview:large, max-snippet:-1, max-video-preview:-1","1","Yes","39","Yes","Yes","Yes","PASS","PASS",""
"/บริการ/รับซื้อกล้อง-sony","200","https://amphon.co.th/บริการ/รับซื้อกล้อง-sony","0","รับซื้อกล้อง Sony รับซื้อเลนส์ Sony มือสอง Alpha ประเมินตามสภาพจริง | อำพล เทรดดิ้ง | Amphon.co.th","รับซื้อกล้อง Sony มือสอง ตระกูล Alpha (A7III, A7IV), A6400, A6600, ZV-E10 และรับซื้อเลนส์ FE/E Mount ประเมินราคาตามสภาพ ชำระเงินหลังตรวจสอบสินค้าและตกลงราคาเรียบร้อยแล้ว","รับซื้อกล้อง Sony มือสอง Alpha Full Frame APS-C และเลนส์ Sony","https://amphon.co.th/บริการ/รับซื้อกล้อง-sony","index, follow, max-image-preview:large, max-snippet:-1, max-video-preview:-1","1","Yes","83","Yes","Yes","Yes","PASS","PASS",""
"/บริการ/รับซื้อกล้อง-canon","200","https://amphon.co.th/บริการ/รับซื้อกล้อง-canon","0","รับซื้อกล้อง Canon รับซื้อเลนส์ Canon มือสอง | อำพล เทรดดิ้ง | Amphon.co.th","รับซื้อกล้อง Canon มือสอง ซีรีส์ EOS R, R50, R6, RP, DSLR และรับซื้อเลนส์ RF/EF Mount ทุกระยะ ประเมินราคาตามชัตเตอร์และสภาพจริง ชำระเงินหลังตรวจสอบสินค้าและตกลงราคาเรียบร้อยแล้ว","รับซื้อกล้อง Canon มือสอง DSLR Mirrorless และเลนส์ Canon ประเมินตามสภาพจริง","https://amphon.co.th/บริการ/รับซื้อกล้อง-canon","index, follow, max-image-preview:large, max-snippet:-1, max-video-preview:-1","1","Yes","82","Yes","Yes","Yes","PASS","PASS",""
"/บริการ/รับซื้อกล้อง-nikon","200","https://amphon.co.th/บริการ/รับซื้อกล้อง-nikon","0","รับซื้อกล้อง Nikon มือสอง DSLR Mirrorless Z Series | อำพล เทรดดิ้ง | Amphon.co.th","รับซื้อกล้อง Nikon มือสอง สาย DSLR (D750, D850) และ Mirrorless ตระกูล Z (Z5, Z6, Z7, Z50) พร้อมรับซื้อเลนส์ Z Mount และ F Mount ประเมินราคาฟรี","รับซื้อกล้อง Nikon มือสอง DSLR Mirrorless Nikon Z ประเมินตามสภาพ","https://amphon.co.th/บริการ/รับซื้อกล้อง-nikon","index, follow, max-image-preview:large, max-snippet:-1, max-video-preview:-1","1","Yes","62","Yes","Yes","Yes","PASS","PASS",""
"/บริการ/รับซื้อเลนส์กล้อง","200","https://amphon.co.th/บริการ/รับซื้อเลนส์กล้อง","0","รับซื้อเลนส์กล้องมือสอง รับซื้อเลนส์ Canon Sony Fuji Nikon | อำพล เทรดดิ้ง | Amphon.co.th","รับซื้อเลนส์กล้องมือสองทุกระยะ เลนส์ค่ายและเลนส์อิสระ Sigma Tamron ประเมินตามสภาพชิ้นแก้ว ฝ้า รา ฝุ่น รูรับแสง และระบบ AF ชำระเงินหลังตรวจสอบและตกลงราคา","รับซื้อเลนส์กล้องมือสอง Canon Sony Fuji Nikon Sigma Tamron","https://amphon.co.th/บริการ/รับซื้อเลนส์กล้อง","index, follow, max-image-preview:large, max-snippet:-1, max-video-preview:-1","1","Yes","66","Yes","Yes","Yes","PASS","PASS",""
"/บริการ/รับซื้อกล้องเสีย","200","https://amphon.co.th/บริการ/รับซื้อกล้องเสีย","0","รับซื้อกล้องเสีย กล้องเปิดไม่ติด จอแตก ตกกระแทก | อำพล เทรดดิ้ง | Amphon.co.th","รับซื้อกล้องเสีย กล้องเปิดไม่ติด จอแตก ตกน้ำ เลนส์พัง ประเมินราคาตามสภาพอะไหล่ที่ยังใช้งานได้จริง เปลี่ยนซากกล้องให้เป็นเงินสดได้ที่ อำพล เทรดดิ้ง","รับซื้อกล้องเสีย เปิดไม่ติด ตกกระแทก จอแตก ประเมินตามอะไหล่","https://amphon.co.th/บริการ/รับซื้อกล้องเสีย","index, follow, max-image-preview:large, max-snippet:-1, max-video-preview:-1","1","Yes","65","Yes","Yes","Yes","PASS","PASS",""
"/รับซื้อ/รับซื้อคอมพิวเตอร์-อุบลราชธานี","200","https://amphon.co.th/รับซื้อ/รับซื้อคอมพิวเตอร์-อุบลราชธานี","0","รับซื้อคอมพิวเตอร์ มือสอง อุบลราชธานี ประเมินราคาเบื้องต้น | Amphon.co.th","รับซื้อคอมพิวเตอร์ ในอุบลราชธานี ประเมินราคาฟรี ส่งรูปเช็กราคาได้ ชำระเงินหลังตรวจสอบสินค้าและตกลงราคาเรียบร้อยแล้ว รับซื้อคอมประกอบ Gaming PC คอมสำนักงาน ติดต่อ Line @webuy โทร 0642579353","รับซื้อคอมพิวเตอร์ อุบลราชธานี คอมประกอบ Gaming PC ประเมินราคาเบื้องต้น","https://amphon.co.th/รับซื้อ/รับซื้อคอมพิวเตอร์-อุบลราชธานี","index, follow, max-image-preview:large, max-snippet:-1, max-video-preview:-1","1","Yes","37","Yes","Yes","Yes","PASS","PASS",""
"/บริการ/รับซื้อ-gopro","200","https://amphon.co.th/บริการ/รับซื้อ-gopro","0","รับซื้อ GoPro Action Camera DJI Osmo มือสอง | Amphon Trading","กำลังนำท่านไปยังหน้า บริการรับซื้อ GoPro Action Camera DJI Osmo มือสอง ประเมินราคาเร็ว ตีราคาตามสภาพจริง","กำลังเปลี่ยนเส้นทาง...","https://amphon.co.th/บริการ/รับซื้อ-gopro-action-camera","index,follow (default)","0","No","1","Yes","No","No","PASS","FAIL",""
"/บริการ/รับซื้อเลนส์","200","https://amphon.co.th/%E0%B8%9A%E0%B8%A3%E0%B8%B4%E0%B8%81%E0%B8%B2%E0%B8%A3/%E0%B8%A3%E0%B8%B1%E0%B8%9A%E0%B8%8B%E0%B8%B7%E0%B9%89%E0%B8%AD%E0%B9%80%E0%B8%A5%E0%B8%99%E0%B8%AA%E0%B9%8C%E0%B8%81%E0%B8%A5%E0%B9%89%E0%B8%AD%E0%B8%87","1","รับซื้อเลนส์กล้องมือสอง รับซื้อเลนส์ Canon Sony Fuji Nikon | อำพล เทรดดิ้ง | Amphon.co.th","รับซื้อเลนส์กล้องมือสองทุกระยะ เลนส์ค่ายและเลนส์อิสระ Sigma Tamron ประเมินตามสภาพชิ้นแก้ว ฝ้า รา ฝุ่น รูรับแสง และระบบ AF ชำระเงินหลังตรวจสอบและตกลงราคา","รับซื้อเลนส์กล้องมือสอง Canon Sony Fuji Nikon Sigma Tamron","https://amphon.co.th/บริการ/รับซื้อเลนส์กล้อง","index, follow, max-image-preview:large, max-snippet:-1, max-video-preview:-1","1","Yes","66","Yes","Yes","Yes","PASS","PASS",""
"/บริการ/รับซื้อ-hdd","200","https://amphon.co.th/บริการ/รับซื้อ-hdd","0","รับซื้อ HDD มือสอง | Amphon Trading","กำลังนำท่านไปยังหน้ารับซื้อ SSD และอุปกรณ์จัดเก็บข้อมูลมือสอง เพื่อประเมินตามสภาพจริง","กำลังเปลี่ยนเส้นทาง...","https://amphon.co.th/บริการ/รับซื้อ-ssd","noindex,follow","0","No","1","No","No","No","PASS","FAIL",""
"/บริการ/รับซื้อ-storage-nas","200","https://amphon.co.th/%E0%B8%9A%E0%B8%A3%E0%B8%B4%E0%B8%81%E0%B8%B2%E0%B8%A3/%E0%B8%A3%E0%B8%B1%E0%B8%9A%E0%B8%8B%E0%B8%B7%E0%B9%89%E0%B8%AD-nas","1","รับซื้อ NAS มือสอง Synology QNAP และ Storage องค์กร | Amphon.co.th","รับซื้อ NAS มือสอง และอุปกรณ์สตอเรจเก็บข้อมูล เช่น Synology, QNAP ส่งสเปก จำนวน Bay ความจุฮาร์ดดิสก์ และสภาพอุปกรณ์เพื่อประเมินราคาเบื้องต้นได้","รับซื้อ NAS มือสองและระบบ Storage องค์กร ส่งสเปกเพื่อประเมินราคา","https://amphon.co.th/บริการ/รับซื้อ-nas","index, follow, max-image-preview:large, max-snippet:-1, max-video-preview:-1","1","Yes","63","Yes","Yes","Yes","PASS","PASS",""
