source,source_variant,current_destination,intermediate_targets,final_target,redirect_hops_apex_https,final_status,final_host,final_scheme,self_canonical,indexable,query_preservation_expected,safe_for_www_direct_rule,reason
/บริการ/รับซื้อ-gopro,unicode,/บริการ/รับซื้อ-gopro-action-camera,/บริการ/รับซื้อ-gopro-action-camera,/บริการ/รับซื้อ-gopro-action-camera,1,ASSUMED_200_PENDING_PROD,amphon.co.th,https,ASSUMED,ASSUMED,yes,yes,ok
/%E0%B8%9A%E0%B8%A3%E0%B8%B4%E0%B8%81%E0%B8%B2%E0%B8%A3/%E0%B8%A3%E0%B8%B1%E0%B8%9A%E0%B8%8B%E0%B8%B7%E0%B9%89%E0%B8%AD-gopro,encoded,/บริการ/รับซื้อ-gopro-action-camera,/บริการ/รับซื้อ-gopro-action-camera,/บริการ/รับซื้อ-gopro-action-camera,1,ASSUMED_200_PENDING_PROD,amphon.co.th,https,ASSUMED,ASSUMED,yes,yes,ok
/blog/how-to-reset-playstation,ascii,/blog,/blog,/blog,1,ASSUMED_200_PENDING_PROD,amphon.co.th,https,ASSUMED,ASSUMED,yes,yes,ok
/blog/check-nintendo-joycon,ascii,/blog,/blog,/blog,1,ASSUMED_200_PENDING_PROD,amphon.co.th,https,ASSUMED,ASSUMED,yes,yes,ok
/บริการ/รับซื้อโน๊ตบุ๊คเปิดไม่ติด/,unicode,/บริการ/รับซื้อโน๊ตบุ๊คเปิดไม่ติด,,/บริการ/รับซื้อโน๊ตบุ๊คเปิดไม่ติด,0,ASSUMED_200_PENDING_PROD,amphon.co.th,https,ASSUMED,ASSUMED,yes,yes,ok
/บริการ/รับซื้อเลนส์,unicode,/บริการ/รับซื้อเลนส์กล้อง,/บริการ/รับซื้อเลนส์กล้อง,/บริการ/รับซื้อเลนส์กล้อง,1,ASSUMED_200_PENDING_PROD,amphon.co.th,https,ASSUMED,ASSUMED,yes,yes,ok
/%E0%B8%9A%E0%B8%A3%E0%B8%B4%E0%B8%81%E0%B8%B2%E0%B8%A3/%E0%B8%A3%E0%B8%B1%E0%B8%9A%E0%B8%8B%E0%B8%B7%E0%B9%89%E0%B8%AD%E0%B9%80%E0%B8%A5%E0%B8%99%E0%B8%AA%E0%B9%8C,encoded,/บริการ/รับซื้อเลนส์กล้อง,/บริการ/รับซื้อเลนส์กล้อง,/บริการ/รับซื้อเลนส์กล้อง,1,ASSUMED_200_PENDING_PROD,amphon.co.th,https,ASSUMED,ASSUMED,yes,yes,ok
/บริการ/รับซื้อ-hdd,unicode,/บริการ/รับซื้อ-ssd,/บริการ/รับซื้อ-ssd,/บริการ/รับซื้อ-ssd,1,ASSUMED_200_PENDING_PROD,amphon.co.th,https,ASSUMED,ASSUMED,yes,yes,ok
/%E0%B8%9A%E0%B8%A3%E0%B8%B4%E0%B8%81%E0%B8%B2%E0%B8%A3/%E0%B8%A3%E0%B8%B1%E0%B8%9A%E0%B8%8B%E0%B8%B7%E0%B9%89%E0%B8%AD-hdd,encoded,/บริการ/รับซื้อ-ssd,/บริการ/รับซื้อ-ssd,/บริการ/รับซื้อ-ssd,1,ASSUMED_200_PENDING_PROD,amphon.co.th,https,ASSUMED,ASSUMED,yes,yes,ok
/บริการ/รับซื้อ-storage-nas,unicode,/บริการ/รับซื้อ-nas,/บริการ/รับซื้อ-nas,/บริการ/รับซื้อ-nas,1,ASSUMED_200_PENDING_PROD,amphon.co.th,https,ASSUMED,ASSUMED,yes,yes,ok
/%E0%B8%9A%E0%B8%A3%E0%B8%B4%E0%B8%81%E0%B8%B2%E0%B8%A3/%E0%B8%A3%E0%B8%B1%E0%B8%9A%E0%B8%8B%E0%B8%B7%E0%B9%89%E0%B8%AD-storage-nas,encoded,/บริการ/รับซื้อ-nas,/บริการ/รับซื้อ-nas,/บริการ/รับซื้อ-nas,1,ASSUMED_200_PENDING_PROD,amphon.co.th,https,ASSUMED,ASSUMED,yes,yes,ok
/รับซื้อ/รับซื้อ-hdd,unicode,/บริการ/รับซื้อ-ssd,/บริการ/รับซื้อ-ssd,/บริการ/รับซื้อ-ssd,1,ASSUMED_200_PENDING_PROD,amphon.co.th,https,ASSUMED,ASSUMED,yes,yes,ok
/%E0%B8%A3%E0%B8%B1%E0%B8%9A%E0%B8%8B%E0%B8%B7%E0%B9%89%E0%B8%AD/%E0%B8%A3%E0%B8%B1%E0%B8%9A%E0%B8%8B%E0%B8%B7%E0%B9%89%E0%B8%AD-hdd,encoded,/บริการ/รับซื้อ-ssd,/บริการ/รับซื้อ-ssd,/บริการ/รับซื้อ-ssd,1,ASSUMED_200_PENDING_PROD,amphon.co.th,https,ASSUMED,ASSUMED,yes,yes,ok
/รับซื้อ/รับซื้อ-gopro,unicode,/บริการ/รับซื้อ-gopro-action-camera,/บริการ/รับซื้อ-gopro-action-camera,/บริการ/รับซื้อ-gopro-action-camera,1,ASSUMED_200_PENDING_PROD,amphon.co.th,https,ASSUMED,ASSUMED,yes,yes,ok
/%E0%B8%A3%E0%B8%B1%E0%B8%9A%E0%B8%8B%E0%B8%B7%E0%B9%89%E0%B8%AD/%E0%B8%A3%E0%B8%B1%E0%B8%9A%E0%B8%8B%E0%B8%B7%E0%B9%89%E0%B8%AD-gopro,encoded,/บริการ/รับซื้อ-gopro-action-camera,/บริการ/รับซื้อ-gopro-action-camera,/บริการ/รับซื้อ-gopro-action-camera,1,ASSUMED_200_PENDING_PROD,amphon.co.th,https,ASSUMED,ASSUMED,yes,yes,ok
/รับซื้อ/รับซื้อเลนส์,unicode,/บริการ/รับซื้อเลนส์กล้อง,/บริการ/รับซื้อเลนส์กล้อง,/บริการ/รับซื้อเลนส์กล้อง,1,ASSUMED_200_PENDING_PROD,amphon.co.th,https,ASSUMED,ASSUMED,yes,yes,ok
/%E0%B8%A3%E0%B8%B1%E0%B8%9A%E0%B8%8B%E0%B8%B7%E0%B9%89%E0%B8%AD/%E0%B8%A3%E0%B8%B1%E0%B8%9A%E0%B8%8B%E0%B8%B7%E0%B9%89%E0%B8%AD%E0%B9%80%E0%B8%A5%E0%B8%99%E0%B8%AA%E0%B9%8C,encoded,/บริการ/รับซื้อเลนส์กล้อง,/บริการ/รับซื้อเลนส์กล้อง,/บริการ/รับซื้อเลนส์กล้อง,1,ASSUMED_200_PENDING_PROD,amphon.co.th,https,ASSUMED,ASSUMED,yes,yes,ok
/รับซื้อ/รับซื้อ-storage-nas,unicode,/บริการ/รับซื้อ-nas,/บริการ/รับซื้อ-nas,/บริการ/รับซื้อ-nas,1,ASSUMED_200_PENDING_PROD,amphon.co.th,https,ASSUMED,ASSUMED,yes,yes,ok
/%E0%B8%A3%E0%B8%B1%E0%B8%9A%E0%B8%8B%E0%B8%B7%E0%B9%89%E0%B8%AD/%E0%B8%A3%E0%B8%B1%E0%B8%9A%E0%B8%8B%E0%B8%B7%E0%B9%89%E0%B8%AD-storage-nas,encoded,/บริการ/รับซื้อ-nas,/บริการ/รับซื้อ-nas,/บริการ/รับซื้อ-nas,1,ASSUMED_200_PENDING_PROD,amphon.co.th,https,ASSUMED,ASSUMED,yes,yes,ok
/รับซื้อ,unicode,/รับซื้อสินค้าไอที,/รับซื้อสินค้าไอที,/รับซื้อสินค้าไอที,1,ASSUMED_200_PENDING_PROD,amphon.co.th,https,ASSUMED,ASSUMED,yes,yes,ok
/%E0%B8%A3%E0%B8%B1%E0%B8%9A%E0%B8%8B%E0%B8%B7%E0%B9%89%E0%B8%AD,encoded,/รับซื้อสินค้าไอที,/รับซื้อสินค้าไอที,/รับซื้อสินค้าไอที,1,ASSUMED_200_PENDING_PROD,amphon.co.th,https,ASSUMED,ASSUMED,yes,yes,ok
/บริการ/รับซื้อสินค้าไอที,unicode,/รับซื้อสินค้าไอที,/รับซื้อสินค้าไอที,/รับซื้อสินค้าไอที,1,ASSUMED_200_PENDING_PROD,amphon.co.th,https,ASSUMED,ASSUMED,yes,yes,ok
/%E0%B8%9A%E0%B8%A3%E0%B8%B4%E0%B8%81%E0%B8%B2%E0%B8%A3/%E0%B8%A3%E0%B8%B1%E0%B8%9A%E0%B8%8B%E0%B8%B7%E0%B9%89%E0%B8%AD%E0%B8%AA%E0%B8%B4%E0%B8%99%E0%B8%84%E0%B9%89%E0%B8%B2%E0%B9%84%E0%B8%AD%E0%B8%97%E0%B8%B5,encoded,/รับซื้อสินค้าไอที,/รับซื้อสินค้าไอที,/รับซื้อสินค้าไอที,1,ASSUMED_200_PENDING_PROD,amphon.co.th,https,ASSUMED,ASSUMED,yes,yes,ok
/รับซื้อ/รับซื้อ-hdd-กาฬสินธุ์,unicode,/รับซื้อ/รับซื้อ-ssd-กาฬสินธุ์,/รับซื้อ/รับซื้อ-ssd-กาฬสินธุ์,/รับซื้อ/รับซื้อ-ssd-กาฬสินธุ์,1,ASSUMED_200_PENDING_PROD,amphon.co.th,https,ASSUMED,ASSUMED,yes,yes,ok
/%E0%B8%A3%E0%B8%B1%E0%B8%9A%E0%B8%8B%E0%B8%B7%E0%B9%89%E0%B8%AD/%E0%B8%A3%E0%B8%B1%E0%B8%9A%E0%B8%8B%E0%B8%B7%E0%B9%89%E0%B8%AD-hdd-%E0%B8%81%E0%B8%B2%E0%B8%AC%E0%B8%AA%E0%B8%B4%E0%B8%99%E0%B8%98%E0%B8%B8%E0%B9%8C,encoded,/รับซื้อ/รับซื้อ-ssd-กาฬสินธุ์,/รับซื้อ/รับซื้อ-ssd-กาฬสินธุ์,/รับซื้อ/รับซื้อ-ssd-กาฬสินธุ์,1,ASSUMED_200_PENDING_PROD,amphon.co.th,https,ASSUMED,ASSUMED,yes,yes,ok
/รับซื้อ/รับซื้อ-gopro-กาฬสินธุ์,unicode,/บริการ/รับซื้อ-gopro-action-camera,/บริการ/รับซื้อ-gopro-action-camera,/บริการ/รับซื้อ-gopro-action-camera,1,ASSUMED_200_PENDING_PROD,amphon.co.th,https,ASSUMED,ASSUMED,yes,yes,ok
/%E0%B8%A3%E0%B8%B1%E0%B8%9A%E0%B8%8B%E0%B8%B7%E0%B9%89%E0%B8%AD/%E0%B8%A3%E0%B8%B1%E0%B8%9A%E0%B8%8B%E0%B8%B7%E0%B9%89%E0%B8%AD-gopro-%E0%B8%81%E0%B8%B2%E0%B8%AC%E0%B8%AA%E0%B8%B4%E0%B8%99%E0%B8%98%E0%B8%B8%E0%B9%8C,encoded,/บริการ/รับซื้อ-gopro-action-camera,/บริการ/รับซื้อ-gopro-action-camera,/บริการ/รับซื้อ-gopro-action-camera,1,ASSUMED_200_PENDING_PROD,amphon.co.th,https,ASSUMED,ASSUMED,yes,yes,ok
/รับซื้อ/รับซื้อเลนส์-กาฬสินธุ์,unicode,/บริการ/รับซื้อเลนส์กล้อง,/บริการ/รับซื้อเลนส์กล้อง,/บริการ/รับซื้อเลนส์กล้อง,1,ASSUMED_200_PENDING_PROD,amphon.co.th,https,ASSUMED,ASSUMED,yes,yes,ok
/%E0%B8%A3%E0%B8%B1%E0%B8%9A%E0%B8%8B%E0%B8%B7%E0%B9%89%E0%B8%AD/%E0%B8%A3%E0%B8%B1%E0%B8%9A%E0%B8%8B%E0%B8%B7%E0%B9%89%E0%B8%AD%E0%B9%80%E0%B8%A5%E0%B8%99%E0%B8%AA%E0%B9%8C-%E0%B8%81%E0%B8%B2%E0%B8%AC%E0%B8%AA%E0%B8%B4%E0%B8%99%E0%B8%98%E0%B8%B8%E0%B9%8C,encoded,/บริการ/รับซื้อเลนส์กล้อง,/บริการ/รับซื้อเลนส์กล้อง,/บริการ/รับซื้อเลนส์กล้อง,1,ASSUMED_200_PENDING_PROD,amphon.co.th,https,ASSUMED,ASSUMED,yes,yes,ok
/รับซื้อ/รับซื้อ-storage-nas-กาฬสินธุ์,unicode,/บริการ/รับซื้อ-nas,/บริการ/รับซื้อ-nas,/บริการ/รับซื้อ-nas,1,ASSUMED_200_PENDING_PROD,amphon.co.th,https,ASSUMED,ASSUMED,yes,yes,ok
/%E0%B8%A3%E0%B8%B1%E0%B8%9A%E0%B8%8B%E0%B8%B7%E0%B9%89%E0%B8%AD/%E0%B8%A3%E0%B8%B1%E0%B8%9A%E0%B8%8B%E0%B8%B7%E0%B9%89%E0%B8%AD-storage-nas-%E0%B8%81%E0%B8%B2%E0%B8%AC%E0%B8%AA%E0%B8%B4%E0%B8%99%E0%B8%98%E0%B8%B8%E0%B9%8C,encoded,/บริการ/รับซื้อ-nas,/บริการ/รับซื้อ-nas,/บริการ/รับซื้อ-nas,1,ASSUMED_200_PENDING_PROD,amphon.co.th,https,ASSUMED,ASSUMED,yes,yes,ok
/รับซื้อ/รับซื้อ-hdd-ขอนแก่น,unicode,/รับซื้อ/รับซื้อ-ssd-ขอนแก่น,/รับซื้อ/รับซื้อ-ssd-ขอนแก่น,/รับซื้อ/รับซื้อ-ssd-ขอนแก่น,1,ASSUMED_200_PENDING_PROD,amphon.co.th,https,ASSUMED,ASSUMED,yes,yes,ok
/%E0%B8%A3%E0%B8%B1%E0%B8%9A%E0%B8%8B%E0%B8%B7%E0%B9%89%E0%B8%AD/%E0%B8%A3%E0%B8%B1%E0%B8%9A%E0%B8%8B%E0%B8%B7%E0%B9%89%E0%B8%AD-hdd-%E0%B8%82%E0%B8%AD%E0%B8%99%E0%B9%81%E0%B8%81%E0%B9%88%E0%B8%99,encoded,/รับซื้อ/รับซื้อ-ssd-ขอนแก่น,/รับซื้อ/รับซื้อ-ssd-ขอนแก่น,/รับซื้อ/รับซื้อ-ssd-ขอนแก่น,1,ASSUMED_200_PENDING_PROD,amphon.co.th,https,ASSUMED,ASSUMED,yes,yes,ok
/รับซื้อ/รับซื้อ-gopro-ขอนแก่น,unicode,/บริการ/รับซื้อ-gopro-action-camera,/บริการ/รับซื้อ-gopro-action-camera,/บริการ/รับซื้อ-gopro-action-camera,1,ASSUMED_200_PENDING_PROD,amphon.co.th,https,ASSUMED,ASSUMED,yes,yes,ok
/%E0%B8%A3%E0%B8%B1%E0%B8%9A%E0%B8%8B%E0%B8%B7%E0%B9%89%E0%B8%AD/%E0%B8%A3%E0%B8%B1%E0%B8%9A%E0%B8%8B%E0%B8%B7%E0%B9%89%E0%B8%AD-gopro-%E0%B8%82%E0%B8%AD%E0%B8%99%E0%B9%81%E0%B8%81%E0%B9%88%E0%B8%99,encoded,/บริการ/รับซื้อ-gopro-action-camera,/บริการ/รับซื้อ-gopro-action-camera,/บริการ/รับซื้อ-gopro-action-camera,1,ASSUMED_200_PENDING_PROD,amphon.co.th,https,ASSUMED,ASSUMED,yes,yes,ok
/รับซื้อ/รับซื้อเลนส์-ขอนแก่น,unicode,/บริการ/รับซื้อเลนส์กล้อง,/บริการ/รับซื้อเลนส์กล้อง,/บริการ/รับซื้อเลนส์กล้อง,1,ASSUMED_200_PENDING_PROD,amphon.co.th,https,ASSUMED,ASSUMED,yes,yes,ok
/%E0%B8%A3%E0%B8%B1%E0%B8%9A%E0%B8%8B%E0%B8%B7%E0%B9%89%E0%B8%AD/%E0%B8%A3%E0%B8%B1%E0%B8%9A%E0%B8%8B%E0%B8%B7%E0%B9%89%E0%B8%AD%E0%B9%80%E0%B8%A5%E0%B8%99%E0%B8%AA%E0%B9%8C-%E0%B8%82%E0%B8%AD%E0%B8%99%E0%B9%81%E0%B8%81%E0%B9%88%E0%B8%99,encoded,/บริการ/รับซื้อเลนส์กล้อง,/บริการ/รับซื้อเลนส์กล้อง,/บริการ/รับซื้อเลนส์กล้อง,1,ASSUMED_200_PENDING_PROD,amphon.co.th,https,ASSUMED,ASSUMED,yes,yes,ok
/รับซื้อ/รับซื้อ-storage-nas-ขอนแก่น,unicode,/บริการ/รับซื้อ-nas,/บริการ/รับซื้อ-nas,/บริการ/รับซื้อ-nas,1,ASSUMED_200_PENDING_PROD,amphon.co.th,https,ASSUMED,ASSUMED,yes,yes,ok
/%E0%B8%A3%E0%B8%B1%E0%B8%9A%E0%B8%8B%E0%B8%B7%E0%B9%89%E0%B8%AD/%E0%B8%A3%E0%B8%B1%E0%B8%9A%E0%B8%8B%E0%B8%B7%E0%B9%89%E0%B8%AD-storage-nas-%E0%B8%82%E0%B8%AD%E0%B8%99%E0%B9%81%E0%B8%81%E0%B9%88%E0%B8%99,encoded,/บริการ/รับซื้อ-nas,/บริการ/รับซื้อ-nas,/บริการ/รับซื้อ-nas,1,ASSUMED_200_PENDING_PROD,amphon.co.th,https,ASSUMED,ASSUMED,yes,yes,ok
/รับซื้อ/รับซื้อ-hdd-ชัยภูมิ,unicode,/รับซื้อ/รับซื้อ-ssd-ชัยภูมิ,/รับซื้อ/รับซื้อ-ssd-ชัยภูมิ,/รับซื้อ/รับซื้อ-ssd-ชัยภูมิ,1,ASSUMED_200_PENDING_PROD,amphon.co.th,https,ASSUMED,ASSUMED,yes,yes,ok
/%E0%B8%A3%E0%B8%B1%E0%B8%9A%E0%B8%8B%E0%B8%B7%E0%B9%89%E0%B8%AD/%E0%B8%A3%E0%B8%B1%E0%B8%9A%E0%B8%8B%E0%B8%B7%E0%B9%89%E0%B8%AD-hdd-%E0%B8%8A%E0%B8%B1%E0%B8%A2%E0%B8%A0%E0%B8%B9%E0%B8%A1%E0%B8%B4,encoded,/รับซื้อ/รับซื้อ-ssd-ชัยภูมิ,/รับซื้อ/รับซื้อ-ssd-ชัยภูมิ,/รับซื้อ/รับซื้อ-ssd-ชัยภูมิ,1,ASSUMED_200_PENDING_PROD,amphon.co.th,https,ASSUMED,ASSUMED,yes,yes,ok
/รับซื้อ/รับซื้อ-gopro-ชัยภูมิ,unicode,/บริการ/รับซื้อ-gopro-action-camera,/บริการ/รับซื้อ-gopro-action-camera,/บริการ/รับซื้อ-gopro-action-camera,1,ASSUMED_200_PENDING_PROD,amphon.co.th,https,ASSUMED,ASSUMED,yes,yes,ok
/%E0%B8%A3%E0%B8%B1%E0%B8%9A%E0%B8%8B%E0%B8%B7%E0%B9%89%E0%B8%AD/%E0%B8%A3%E0%B8%B1%E0%B8%9A%E0%B8%8B%E0%B8%B7%E0%B9%89%E0%B8%AD-gopro-%E0%B8%8A%E0%B8%B1%E0%B8%A2%E0%B8%A0%E0%B8%B9%E0%B8%A1%E0%B8%B4,encoded,/บริการ/รับซื้อ-gopro-action-camera,/บริการ/รับซื้อ-gopro-action-camera,/บริการ/รับซื้อ-gopro-action-camera,1,ASSUMED_200_PENDING_PROD,amphon.co.th,https,ASSUMED,ASSUMED,yes,yes,ok
/รับซื้อ/รับซื้อเลนส์-ชัยภูมิ,unicode,/บริการ/รับซื้อเลนส์กล้อง,/บริการ/รับซื้อเลนส์กล้อง,/บริการ/รับซื้อเลนส์กล้อง,1,ASSUMED_200_PENDING_PROD,amphon.co.th,https,ASSUMED,ASSUMED,yes,yes,ok
/%E0%B8%A3%E0%B8%B1%E0%B8%9A%E0%B8%8B%E0%B8%B7%E0%B9%89%E0%B8%AD/%E0%B8%A3%E0%B8%B1%E0%B8%9A%E0%B8%8B%E0%B8%B7%E0%B9%89%E0%B8%AD%E0%B9%80%E0%B8%A5%E0%B8%99%E0%B8%AA%E0%B9%8C-%E0%B8%8A%E0%B8%B1%E0%B8%A2%E0%B8%A0%E0%B8%B9%E0%B8%A1%E0%B8%B4,encoded,/บริการ/รับซื้อเลนส์กล้อง,/บริการ/รับซื้อเลนส์กล้อง,/บริการ/รับซื้อเลนส์กล้อง,1,ASSUMED_200_PENDING_PROD,amphon.co.th,https,ASSUMED,ASSUMED,yes,yes,ok
/รับซื้อ/รับซื้อ-storage-nas-ชัยภูมิ,unicode,/บริการ/รับซื้อ-nas,/บริการ/รับซื้อ-nas,/บริการ/รับซื้อ-nas,1,ASSUMED_200_PENDING_PROD,amphon.co.th,https,ASSUMED,ASSUMED,yes,yes,ok
/%E0%B8%A3%E0%B8%B1%E0%B8%9A%E0%B8%8B%E0%B8%B7%E0%B9%89%E0%B8%AD/%E0%B8%A3%E0%B8%B1%E0%B8%9A%E0%B8%8B%E0%B8%B7%E0%B9%89%E0%B8%AD-storage-nas-%E0%B8%8A%E0%B8%B1%E0%B8%A2%E0%B8%A0%E0%B8%B9%E0%B8%A1%E0%B8%B4,encoded,/บริการ/รับซื้อ-nas,/บริการ/รับซื้อ-nas,/บริการ/รับซื้อ-nas,1,ASSUMED_200_PENDING_PROD,amphon.co.th,https,ASSUMED,ASSUMED,yes,yes,ok
/รับซื้อ/รับซื้อ-hdd-นครพนม,unicode,/รับซื้อ/รับซื้อ-ssd-นครพนม,/รับซื้อ/รับซื้อ-ssd-นครพนม,/รับซื้อ/รับซื้อ-ssd-นครพนม,1,ASSUMED_200_PENDING_PROD,amphon.co.th,https,ASSUMED,ASSUMED,yes,yes,ok
/%E0%B8%A3%E0%B8%B1%E0%B8%9A%E0%B8%8B%E0%B8%B7%E0%B9%89%E0%B8%AD/%E0%B8%A3%E0%B8%B1%E0%B8%9A%E0%B8%8B%E0%B8%B7%E0%B9%89%E0%B8%AD-hdd-%E0%B8%99%E0%B8%84%E0%B8%A3%E0%B8%9E%E0%B8%99%E0%B8%A1,encoded,/รับซื้อ/รับซื้อ-ssd-นครพนม,/รับซื้อ/รับซื้อ-ssd-นครพนม,/รับซื้อ/รับซื้อ-ssd-นครพนม,1,ASSUMED_200_PENDING_PROD,amphon.co.th,https,ASSUMED,ASSUMED,yes,yes,ok
/รับซื้อ/รับซื้อ-gopro-นครพนม,unicode,/บริการ/รับซื้อ-gopro-action-camera,/บริการ/รับซื้อ-gopro-action-camera,/บริการ/รับซื้อ-gopro-action-camera,1,ASSUMED_200_PENDING_PROD,amphon.co.th,https,ASSUMED,ASSUMED,yes,yes,ok
/%E0%B8%A3%E0%B8%B1%E0%B8%9A%E0%B8%8B%E0%B8%B7%E0%B9%89%E0%B8%AD/%E0%B8%A3%E0%B8%B1%E0%B8%9A%E0%B8%8B%E0%B8%B7%E0%B9%89%E0%B8%AD-gopro-%E0%B8%99%E0%B8%84%E0%B8%A3%E0%B8%9E%E0%B8%99%E0%B8%A1,encoded,/บริการ/รับซื้อ-gopro-action-camera,/บริการ/รับซื้อ-gopro-action-camera,/บริการ/รับซื้อ-gopro-action-camera,1,ASSUMED_200_PENDING_PROD,amphon.co.th,https,ASSUMED,ASSUMED,yes,yes,ok
/รับซื้อ/รับซื้อเลนส์-นครพนม,unicode,/บริการ/รับซื้อเลนส์กล้อง,/บริการ/รับซื้อเลนส์กล้อง,/บริการ/รับซื้อเลนส์กล้อง,1,ASSUMED_200_PENDING_PROD,amphon.co.th,https,ASSUMED,ASSUMED,yes,yes,ok
/%E0%B8%A3%E0%B8%B1%E0%B8%9A%E0%B8%8B%E0%B8%B7%E0%B9%89%E0%B8%AD/%E0%B8%A3%E0%B8%B1%E0%B8%9A%E0%B8%8B%E0%B8%B7%E0%B9%89%E0%B8%AD%E0%B9%80%E0%B8%A5%E0%B8%99%E0%B8%AA%E0%B9%8C-%E0%B8%99%E0%B8%84%E0%B8%A3%E0%B8%9E%E0%B8%99%E0%B8%A1,encoded,/บริการ/รับซื้อเลนส์กล้อง,/บริการ/รับซื้อเลนส์กล้อง,/บริการ/รับซื้อเลนส์กล้อง,1,ASSUMED_200_PENDING_PROD,amphon.co.th,https,ASSUMED,ASSUMED,yes,yes,ok
/รับซื้อ/รับซื้อ-storage-nas-นครพนม,unicode,/บริการ/รับซื้อ-nas,/บริการ/รับซื้อ-nas,/บริการ/รับซื้อ-nas,1,ASSUMED_200_PENDING_PROD,amphon.co.th,https,ASSUMED,ASSUMED,yes,yes,ok
/%E0%B8%A3%E0%B8%B1%E0%B8%9A%E0%B8%8B%E0%B8%B7%E0%B9%89%E0%B8%AD/%E0%B8%A3%E0%B8%B1%E0%B8%9A%E0%B8%8B%E0%B8%B7%E0%B9%89%E0%B8%AD-storage-nas-%E0%B8%99%E0%B8%84%E0%B8%A3%E0%B8%9E%E0%B8%99%E0%B8%A1,encoded,/บริการ/รับซื้อ-nas,/บริการ/รับซื้อ-nas,/บริการ/รับซื้อ-nas,1,ASSUMED_200_PENDING_PROD,amphon.co.th,https,ASSUMED,ASSUMED,yes,yes,ok
/รับซื้อ/รับซื้อ-hdd-นครราชสีมา,unicode,/รับซื้อ/รับซื้อ-ssd-นครราชสีมา,/รับซื้อ/รับซื้อ-ssd-นครราชสีมา,/รับซื้อ/รับซื้อ-ssd-นครราชสีมา,1,ASSUMED_200_PENDING_PROD,amphon.co.th,https,ASSUMED,ASSUMED,yes,yes,ok
/%E0%B8%A3%E0%B8%B1%E0%B8%9A%E0%B8%8B%E0%B8%B7%E0%B9%89%E0%B8%AD/%E0%B8%A3%E0%B8%B1%E0%B8%9A%E0%B8%8B%E0%B8%B7%E0%B9%89%E0%B8%AD-hdd-%E0%B8%99%E0%B8%84%E0%B8%A3%E0%B8%A3%E0%B8%B2%E0%B8%8A%E0%B8%AA%E0%B8%B5%E0%B8%A1%E0%B8%B2,encoded,/รับซื้อ/รับซื้อ-ssd-นครราชสีมา,/รับซื้อ/รับซื้อ-ssd-นครราชสีมา,/รับซื้อ/รับซื้อ-ssd-นครราชสีมา,1,ASSUMED_200_PENDING_PROD,amphon.co.th,https,ASSUMED,ASSUMED,yes,yes,ok
/รับซื้อ/รับซื้อ-gopro-นครราชสีมา,unicode,/บริการ/รับซื้อ-gopro-action-camera,/บริการ/รับซื้อ-gopro-action-camera,/บริการ/รับซื้อ-gopro-action-camera,1,ASSUMED_200_PENDING_PROD,amphon.co.th,https,ASSUMED,ASSUMED,yes,yes,ok
/%E0%B8%A3%E0%B8%B1%E0%B8%9A%E0%B8%8B%E0%B8%B7%E0%B9%89%E0%B8%AD/%E0%B8%A3%E0%B8%B1%E0%B8%9A%E0%B8%8B%E0%B8%B7%E0%B9%89%E0%B8%AD-gopro-%E0%B8%99%E0%B8%84%E0%B8%A3%E0%B8%A3%E0%B8%B2%E0%B8%8A%E0%B8%AA%E0%B8%B5%E0%B8%A1%E0%B8%B2,encoded,/บริการ/รับซื้อ-gopro-action-camera,/บริการ/รับซื้อ-gopro-action-camera,/บริการ/รับซื้อ-gopro-action-camera,1,ASSUMED_200_PENDING_PROD,amphon.co.th,https,ASSUMED,ASSUMED,yes,yes,ok
/รับซื้อ/รับซื้อเลนส์-นครราชสีมา,unicode,/บริการ/รับซื้อเลนส์กล้อง,/บริการ/รับซื้อเลนส์กล้อง,/บริการ/รับซื้อเลนส์กล้อง,1,ASSUMED_200_PENDING_PROD,amphon.co.th,https,ASSUMED,ASSUMED,yes,yes,ok
/%E0%B8%A3%E0%B8%B1%E0%B8%9A%E0%B8%8B%E0%B8%B7%E0%B9%89%E0%B8%AD/%E0%B8%A3%E0%B8%B1%E0%B8%9A%E0%B8%8B%E0%B8%B7%E0%B9%89%E0%B8%AD%E0%B9%80%E0%B8%A5%E0%B8%99%E0%B8%AA%E0%B9%8C-%E0%B8%99%E0%B8%84%E0%B8%A3%E0%B8%A3%E0%B8%B2%E0%B8%8A%E0%B8%AA%E0%B8%B5%E0%B8%A1%E0%B8%B2,encoded,/บริการ/รับซื้อเลนส์กล้อง,/บริการ/รับซื้อเลนส์กล้อง,/บริการ/รับซื้อเลนส์กล้อง,1,ASSUMED_200_PENDING_PROD,amphon.co.th,https,ASSUMED,ASSUMED,yes,yes,ok
/รับซื้อ/รับซื้อ-storage-nas-นครราชสีมา,unicode,/บริการ/รับซื้อ-nas,/บริการ/รับซื้อ-nas,/บริการ/รับซื้อ-nas,1,ASSUMED_200_PENDING_PROD,amphon.co.th,https,ASSUMED,ASSUMED,yes,yes,ok
/%E0%B8%A3%E0%B8%B1%E0%B8%9A%E0%B8%8B%E0%B8%B7%E0%B9%89%E0%B8%AD/%E0%B8%A3%E0%B8%B1%E0%B8%9A%E0%B8%8B%E0%B8%B7%E0%B9%89%E0%B8%AD-storage-nas-%E0%B8%99%E0%B8%84%E0%B8%A3%E0%B8%A3%E0%B8%B2%E0%B8%8A%E0%B8%AA%E0%B8%B5%E0%B8%A1%E0%B8%B2,encoded,/บริการ/รับซื้อ-nas,/บริการ/รับซื้อ-nas,/บริการ/รับซื้อ-nas,1,ASSUMED_200_PENDING_PROD,amphon.co.th,https,ASSUMED,ASSUMED,yes,yes,ok
/รับซื้อ/รับซื้อ-hdd-บึงกาฬ,unicode,/รับซื้อ/รับซื้อ-ssd-บึงกาฬ,/รับซื้อ/รับซื้อ-ssd-บึงกาฬ,/รับซื้อ/รับซื้อ-ssd-บึงกาฬ,1,ASSUMED_200_PENDING_PROD,amphon.co.th,https,ASSUMED,ASSUMED,yes,yes,ok
/%E0%B8%A3%E0%B8%B1%E0%B8%9A%E0%B8%8B%E0%B8%B7%E0%B9%89%E0%B8%AD/%E0%B8%A3%E0%B8%B1%E0%B8%9A%E0%B8%8B%E0%B8%B7%E0%B9%89%E0%B8%AD-hdd-%E0%B8%9A%E0%B8%B6%E0%B8%87%E0%B8%81%E0%B8%B2%E0%B8%AC,encoded,/รับซื้อ/รับซื้อ-ssd-บึงกาฬ,/รับซื้อ/รับซื้อ-ssd-บึงกาฬ,/รับซื้อ/รับซื้อ-ssd-บึงกาฬ,1,ASSUMED_200_PENDING_PROD,amphon.co.th,https,ASSUMED,ASSUMED,yes,yes,ok
/รับซื้อ/รับซื้อ-gopro-บึงกาฬ,unicode,/บริการ/รับซื้อ-gopro-action-camera,/บริการ/รับซื้อ-gopro-action-camera,/บริการ/รับซื้อ-gopro-action-camera,1,ASSUMED_200_PENDING_PROD,amphon.co.th,https,ASSUMED,ASSUMED,yes,yes,ok
/%E0%B8%A3%E0%B8%B1%E0%B8%9A%E0%B8%8B%E0%B8%B7%E0%B9%89%E0%B8%AD/%E0%B8%A3%E0%B8%B1%E0%B8%9A%E0%B8%8B%E0%B8%B7%E0%B9%89%E0%B8%AD-gopro-%E0%B8%9A%E0%B8%B6%E0%B8%87%E0%B8%81%E0%B8%B2%E0%B8%AC,encoded,/บริการ/รับซื้อ-gopro-action-camera,/บริการ/รับซื้อ-gopro-action-camera,/บริการ/รับซื้อ-gopro-action-camera,1,ASSUMED_200_PENDING_PROD,amphon.co.th,https,ASSUMED,ASSUMED,yes,yes,ok
/รับซื้อ/รับซื้อเลนส์-บึงกาฬ,unicode,/บริการ/รับซื้อเลนส์กล้อง,/บริการ/รับซื้อเลนส์กล้อง,/บริการ/รับซื้อเลนส์กล้อง,1,ASSUMED_200_PENDING_PROD,amphon.co.th,https,ASSUMED,ASSUMED,yes,yes,ok
/%E0%B8%A3%E0%B8%B1%E0%B8%9A%E0%B8%8B%E0%B8%B7%E0%B9%89%E0%B8%AD/%E0%B8%A3%E0%B8%B1%E0%B8%9A%E0%B8%8B%E0%B8%B7%E0%B9%89%E0%B8%AD%E0%B9%80%E0%B8%A5%E0%B8%99%E0%B8%AA%E0%B9%8C-%E0%B8%9A%E0%B8%B6%E0%B8%87%E0%B8%81%E0%B8%B2%E0%B8%AC,encoded,/บริการ/รับซื้อเลนส์กล้อง,/บริการ/รับซื้อเลนส์กล้อง,/บริการ/รับซื้อเลนส์กล้อง,1,ASSUMED_200_PENDING_PROD,amphon.co.th,https,ASSUMED,ASSUMED,yes,yes,ok
/รับซื้อ/รับซื้อ-storage-nas-บึงกาฬ,unicode,/บริการ/รับซื้อ-nas,/บริการ/รับซื้อ-nas,/บริการ/รับซื้อ-nas,1,ASSUMED_200_PENDING_PROD,amphon.co.th,https,ASSUMED,ASSUMED,yes,yes,ok
/%E0%B8%A3%E0%B8%B1%E0%B8%9A%E0%B8%8B%E0%B8%B7%E0%B9%89%E0%B8%AD/%E0%B8%A3%E0%B8%B1%E0%B8%9A%E0%B8%8B%E0%B8%B7%E0%B9%89%E0%B8%AD-storage-nas-%E0%B8%9A%E0%B8%B6%E0%B8%87%E0%B8%81%E0%B8%B2%E0%B8%AC,encoded,/บริการ/รับซื้อ-nas,/บริการ/รับซื้อ-nas,/บริการ/รับซื้อ-nas,1,ASSUMED_200_PENDING_PROD,amphon.co.th,https,ASSUMED,ASSUMED,yes,yes,ok
/รับซื้อ/รับซื้อ-hdd-บุรีรัมย์,unicode,/รับซื้อ/รับซื้อ-ssd-บุรีรัมย์,/รับซื้อ/รับซื้อ-ssd-บุรีรัมย์,/รับซื้อ/รับซื้อ-ssd-บุรีรัมย์,1,ASSUMED_200_PENDING_PROD,amphon.co.th,https,ASSUMED,ASSUMED,yes,yes,ok
/%E0%B8%A3%E0%B8%B1%E0%B8%9A%E0%B8%8B%E0%B8%B7%E0%B9%89%E0%B8%AD/%E0%B8%A3%E0%B8%B1%E0%B8%9A%E0%B8%8B%E0%B8%B7%E0%B9%89%E0%B8%AD-hdd-%E0%B8%9A%E0%B8%B8%E0%B8%A3%E0%B8%B5%E0%B8%A3%E0%B8%B1%E0%B8%A1%E0%B8%A2%E0%B9%8C,encoded,/รับซื้อ/รับซื้อ-ssd-บุรีรัมย์,/รับซื้อ/รับซื้อ-ssd-บุรีรัมย์,/รับซื้อ/รับซื้อ-ssd-บุรีรัมย์,1,ASSUMED_200_PENDING_PROD,amphon.co.th,https,ASSUMED,ASSUMED,yes,yes,ok
/รับซื้อ/รับซื้อ-gopro-บุรีรัมย์,unicode,/บริการ/รับซื้อ-gopro-action-camera,/บริการ/รับซื้อ-gopro-action-camera,/บริการ/รับซื้อ-gopro-action-camera,1,ASSUMED_200_PENDING_PROD,amphon.co.th,https,ASSUMED,ASSUMED,yes,yes,ok
/%E0%B8%A3%E0%B8%B1%E0%B8%9A%E0%B8%8B%E0%B8%B7%E0%B9%89%E0%B8%AD/%E0%B8%A3%E0%B8%B1%E0%B8%9A%E0%B8%8B%E0%B8%B7%E0%B9%89%E0%B8%AD-gopro-%E0%B8%9A%E0%B8%B8%E0%B8%A3%E0%B8%B5%E0%B8%A3%E0%B8%B1%E0%B8%A1%E0%B8%A2%E0%B9%8C,encoded,/บริการ/รับซื้อ-gopro-action-camera,/บริการ/รับซื้อ-gopro-action-camera,/บริการ/รับซื้อ-gopro-action-camera,1,ASSUMED_200_PENDING_PROD,amphon.co.th,https,ASSUMED,ASSUMED,yes,yes,ok
/รับซื้อ/รับซื้อเลนส์-บุรีรัมย์,unicode,/บริการ/รับซื้อเลนส์กล้อง,/บริการ/รับซื้อเลนส์กล้อง,/บริการ/รับซื้อเลนส์กล้อง,1,ASSUMED_200_PENDING_PROD,amphon.co.th,https,ASSUMED,ASSUMED,yes,yes,ok
/%E0%B8%A3%E0%B8%B1%E0%B8%9A%E0%B8%8B%E0%B8%B7%E0%B9%89%E0%B8%AD/%E0%B8%A3%E0%B8%B1%E0%B8%9A%E0%B8%8B%E0%B8%B7%E0%B9%89%E0%B8%AD%E0%B9%80%E0%B8%A5%E0%B8%99%E0%B8%AA%E0%B9%8C-%E0%B8%9A%E0%B8%B8%E0%B8%A3%E0%B8%B5%E0%B8%A3%E0%B8%B1%E0%B8%A1%E0%B8%A2%E0%B9%8C,encoded,/บริการ/รับซื้อเลนส์กล้อง,/บริการ/รับซื้อเลนส์กล้อง,/บริการ/รับซื้อเลนส์กล้อง,1,ASSUMED_200_PENDING_PROD,amphon.co.th,https,ASSUMED,ASSUMED,yes,yes,ok
/รับซื้อ/รับซื้อ-storage-nas-บุรีรัมย์,unicode,/บริการ/รับซื้อ-nas,/บริการ/รับซื้อ-nas,/บริการ/รับซื้อ-nas,1,ASSUMED_200_PENDING_PROD,amphon.co.th,https,ASSUMED,ASSUMED,yes,yes,ok
/%E0%B8%A3%E0%B8%B1%E0%B8%9A%E0%B8%8B%E0%B8%B7%E0%B9%89%E0%B8%AD/%E0%B8%A3%E0%B8%B1%E0%B8%9A%E0%B8%8B%E0%B8%B7%E0%B9%89%E0%B8%AD-storage-nas-%E0%B8%9A%E0%B8%B8%E0%B8%A3%E0%B8%B5%E0%B8%A3%E0%B8%B1%E0%B8%A1%E0%B8%A2%E0%B9%8C,encoded,/บริการ/รับซื้อ-nas,/บริการ/รับซื้อ-nas,/บริการ/รับซื้อ-nas,1,ASSUMED_200_PENDING_PROD,amphon.co.th,https,ASSUMED,ASSUMED,yes,yes,ok
/รับซื้อ/รับซื้อ-hdd-มหาสารคาม,unicode,/รับซื้อ/รับซื้อ-ssd-มหาสารคาม,/รับซื้อ/รับซื้อ-ssd-มหาสารคาม,/รับซื้อ/รับซื้อ-ssd-มหาสารคาม,1,ASSUMED_200_PENDING_PROD,amphon.co.th,https,ASSUMED,ASSUMED,yes,yes,ok
/%E0%B8%A3%E0%B8%B1%E0%B8%9A%E0%B8%8B%E0%B8%B7%E0%B9%89%E0%B8%AD/%E0%B8%A3%E0%B8%B1%E0%B8%9A%E0%B8%8B%E0%B8%B7%E0%B9%89%E0%B8%AD-hdd-%E0%B8%A1%E0%B8%AB%E0%B8%B2%E0%B8%AA%E0%B8%B2%E0%B8%A3%E0%B8%84%E0%B8%B2%E0%B8%A1,encoded,/รับซื้อ/รับซื้อ-ssd-มหาสารคาม,/รับซื้อ/รับซื้อ-ssd-มหาสารคาม,/รับซื้อ/รับซื้อ-ssd-มหาสารคาม,1,ASSUMED_200_PENDING_PROD,amphon.co.th,https,ASSUMED,ASSUMED,yes,yes,ok
/รับซื้อ/รับซื้อ-gopro-มหาสารคาม,unicode,/บริการ/รับซื้อ-gopro-action-camera,/บริการ/รับซื้อ-gopro-action-camera,/บริการ/รับซื้อ-gopro-action-camera,1,ASSUMED_200_PENDING_PROD,amphon.co.th,https,ASSUMED,ASSUMED,yes,yes,ok
/%E0%B8%A3%E0%B8%B1%E0%B8%9A%E0%B8%8B%E0%B8%B7%E0%B9%89%E0%B8%AD/%E0%B8%A3%E0%B8%B1%E0%B8%9A%E0%B8%8B%E0%B8%B7%E0%B9%89%E0%B8%AD-gopro-%E0%B8%A1%E0%B8%AB%E0%B8%B2%E0%B8%AA%E0%B8%B2%E0%B8%A3%E0%B8%84%E0%B8%B2%E0%B8%A1,encoded,/บริการ/รับซื้อ-gopro-action-camera,/บริการ/รับซื้อ-gopro-action-camera,/บริการ/รับซื้อ-gopro-action-camera,1,ASSUMED_200_PENDING_PROD,amphon.co.th,https,ASSUMED,ASSUMED,yes,yes,ok
/รับซื้อ/รับซื้อเลนส์-มหาสารคาม,unicode,/บริการ/รับซื้อเลนส์กล้อง,/บริการ/รับซื้อเลนส์กล้อง,/บริการ/รับซื้อเลนส์กล้อง,1,ASSUMED_200_PENDING_PROD,amphon.co.th,https,ASSUMED,ASSUMED,yes,yes,ok
/%E0%B8%A3%E0%B8%B1%E0%B8%9A%E0%B8%8B%E0%B8%B7%E0%B9%89%E0%B8%AD/%E0%B8%A3%E0%B8%B1%E0%B8%9A%E0%B8%8B%E0%B8%B7%E0%B9%89%E0%B8%AD%E0%B9%80%E0%B8%A5%E0%B8%99%E0%B8%AA%E0%B9%8C-%E0%B8%A1%E0%B8%AB%E0%B8%B2%E0%B8%AA%E0%B8%B2%E0%B8%A3%E0%B8%84%E0%B8%B2%E0%B8%A1,encoded,/บริการ/รับซื้อเลนส์กล้อง,/บริการ/รับซื้อเลนส์กล้อง,/บริการ/รับซื้อเลนส์กล้อง,1,ASSUMED_200_PENDING_PROD,amphon.co.th,https,ASSUMED,ASSUMED,yes,yes,ok
/รับซื้อ/รับซื้อ-storage-nas-มหาสารคาม,unicode,/บริการ/รับซื้อ-nas,/บริการ/รับซื้อ-nas,/บริการ/รับซื้อ-nas,1,ASSUMED_200_PENDING_PROD,amphon.co.th,https,ASSUMED,ASSUMED,yes,yes,ok
/%E0%B8%A3%E0%B8%B1%E0%B8%9A%E0%B8%8B%E0%B8%B7%E0%B9%89%E0%B8%AD/%E0%B8%A3%E0%B8%B1%E0%B8%9A%E0%B8%8B%E0%B8%B7%E0%B9%89%E0%B8%AD-storage-nas-%E0%B8%A1%E0%B8%AB%E0%B8%B2%E0%B8%AA%E0%B8%B2%E0%B8%A3%E0%B8%84%E0%B8%B2%E0%B8%A1,encoded,/บริการ/รับซื้อ-nas,/บริการ/รับซื้อ-nas,/บริการ/รับซื้อ-nas,1,ASSUMED_200_PENDING_PROD,amphon.co.th,https,ASSUMED,ASSUMED,yes,yes,ok
/รับซื้อ/รับซื้อ-hdd-มุกดาหาร,unicode,/รับซื้อ/รับซื้อ-ssd-มุกดาหาร,/รับซื้อ/รับซื้อ-ssd-มุกดาหาร,/รับซื้อ/รับซื้อ-ssd-มุกดาหาร,1,ASSUMED_200_PENDING_PROD,amphon.co.th,https,ASSUMED,ASSUMED,yes,yes,ok
/%E0%B8%A3%E0%B8%B1%E0%B8%9A%E0%B8%8B%E0%B8%B7%E0%B9%89%E0%B8%AD/%E0%B8%A3%E0%B8%B1%E0%B8%9A%E0%B8%8B%E0%B8%B7%E0%B9%89%E0%B8%AD-hdd-%E0%B8%A1%E0%B8%B8%E0%B8%81%E0%B8%94%E0%B8%B2%E0%B8%AB%E0%B8%B2%E0%B8%A3,encoded,/รับซื้อ/รับซื้อ-ssd-มุกดาหาร,/รับซื้อ/รับซื้อ-ssd-มุกดาหาร,/รับซื้อ/รับซื้อ-ssd-มุกดาหาร,1,ASSUMED_200_PENDING_PROD,amphon.co.th,https,ASSUMED,ASSUMED,yes,yes,ok
/รับซื้อ/รับซื้อ-gopro-มุกดาหาร,unicode,/บริการ/รับซื้อ-gopro-action-camera,/บริการ/รับซื้อ-gopro-action-camera,/บริการ/รับซื้อ-gopro-action-camera,1,ASSUMED_200_PENDING_PROD,amphon.co.th,https,ASSUMED,ASSUMED,yes,yes,ok
/%E0%B8%A3%E0%B8%B1%E0%B8%9A%E0%B8%8B%E0%B8%B7%E0%B9%89%E0%B8%AD/%E0%B8%A3%E0%B8%B1%E0%B8%9A%E0%B8%8B%E0%B8%B7%E0%B9%89%E0%B8%AD-gopro-%E0%B8%A1%E0%B8%B8%E0%B8%81%E0%B8%94%E0%B8%B2%E0%B8%AB%E0%B8%B2%E0%B8%A3,encoded,/บริการ/รับซื้อ-gopro-action-camera,/บริการ/รับซื้อ-gopro-action-camera,/บริการ/รับซื้อ-gopro-action-camera,1,ASSUMED_200_PENDING_PROD,amphon.co.th,https,ASSUMED,ASSUMED,yes,yes,ok
/รับซื้อ/รับซื้อเลนส์-มุกดาหาร,unicode,/บริการ/รับซื้อเลนส์กล้อง,/บริการ/รับซื้อเลนส์กล้อง,/บริการ/รับซื้อเลนส์กล้อง,1,ASSUMED_200_PENDING_PROD,amphon.co.th,https,ASSUMED,ASSUMED,yes,yes,ok
/%E0%B8%A3%E0%B8%B1%E0%B8%9A%E0%B8%8B%E0%B8%B7%E0%B9%89%E0%B8%AD/%E0%B8%A3%E0%B8%B1%E0%B8%9A%E0%B8%8B%E0%B8%B7%E0%B9%89%E0%B8%AD%E0%B9%80%E0%B8%A5%E0%B8%99%E0%B8%AA%E0%B9%8C-%E0%B8%A1%E0%B8%B8%E0%B8%81%E0%B8%94%E0%B8%B2%E0%B8%AB%E0%B8%B2%E0%B8%A3,encoded,/บริการ/รับซื้อเลนส์กล้อง,/บริการ/รับซื้อเลนส์กล้อง,/บริการ/รับซื้อเลนส์กล้อง,1,ASSUMED_200_PENDING_PROD,amphon.co.th,https,ASSUMED,ASSUMED,yes,yes,ok
/รับซื้อ/รับซื้อ-storage-nas-มุกดาหาร,unicode,/บริการ/รับซื้อ-nas,/บริการ/รับซื้อ-nas,/บริการ/รับซื้อ-nas,1,ASSUMED_200_PENDING_PROD,amphon.co.th,https,ASSUMED,ASSUMED,yes,yes,ok
/%E0%B8%A3%E0%B8%B1%E0%B8%9A%E0%B8%8B%E0%B8%B7%E0%B9%89%E0%B8%AD/%E0%B8%A3%E0%B8%B1%E0%B8%9A%E0%B8%8B%E0%B8%B7%E0%B9%89%E0%B8%AD-storage-nas-%E0%B8%A1%E0%B8%B8%E0%B8%81%E0%B8%94%E0%B8%B2%E0%B8%AB%E0%B8%B2%E0%B8%A3,encoded,/บริการ/รับซื้อ-nas,/บริการ/รับซื้อ-nas,/บริการ/รับซื้อ-nas,1,ASSUMED_200_PENDING_PROD,amphon.co.th,https,ASSUMED,ASSUMED,yes,yes,ok
/รับซื้อ/รับซื้อ-hdd-ยโสธร,unicode,/รับซื้อ/รับซื้อ-ssd-ยโสธร,/รับซื้อ/รับซื้อ-ssd-ยโสธร,/รับซื้อ/รับซื้อ-ssd-ยโสธร,1,ASSUMED_200_PENDING_PROD,amphon.co.th,https,ASSUMED,ASSUMED,yes,yes,ok
/%E0%B8%A3%E0%B8%B1%E0%B8%9A%E0%B8%8B%E0%B8%B7%E0%B9%89%E0%B8%AD/%E0%B8%A3%E0%B8%B1%E0%B8%9A%E0%B8%8B%E0%B8%B7%E0%B9%89%E0%B8%AD-hdd-%E0%B8%A2%E0%B9%82%E0%B8%AA%E0%B8%98%E0%B8%A3,encoded,/รับซื้อ/รับซื้อ-ssd-ยโสธร,/รับซื้อ/รับซื้อ-ssd-ยโสธร,/รับซื้อ/รับซื้อ-ssd-ยโสธร,1,ASSUMED_200_PENDING_PROD,amphon.co.th,https,ASSUMED,ASSUMED,yes,yes,ok
/รับซื้อ/รับซื้อ-gopro-ยโสธร,unicode,/บริการ/รับซื้อ-gopro-action-camera,/บริการ/รับซื้อ-gopro-action-camera,/บริการ/รับซื้อ-gopro-action-camera,1,ASSUMED_200_PENDING_PROD,amphon.co.th,https,ASSUMED,ASSUMED,yes,yes,ok
/%E0%B8%A3%E0%B8%B1%E0%B8%9A%E0%B8%8B%E0%B8%B7%E0%B9%89%E0%B8%AD/%E0%B8%A3%E0%B8%B1%E0%B8%9A%E0%B8%8B%E0%B8%B7%E0%B9%89%E0%B8%AD-gopro-%E0%B8%A2%E0%B9%82%E0%B8%AA%E0%B8%98%E0%B8%A3,encoded,/บริการ/รับซื้อ-gopro-action-camera,/บริการ/รับซื้อ-gopro-action-camera,/บริการ/รับซื้อ-gopro-action-camera,1,ASSUMED_200_PENDING_PROD,amphon.co.th,https,ASSUMED,ASSUMED,yes,yes,ok
/รับซื้อ/รับซื้อเลนส์-ยโสธร,unicode,/บริการ/รับซื้อเลนส์กล้อง,/บริการ/รับซื้อเลนส์กล้อง,/บริการ/รับซื้อเลนส์กล้อง,1,ASSUMED_200_PENDING_PROD,amphon.co.th,https,ASSUMED,ASSUMED,yes,yes,ok
/%E0%B8%A3%E0%B8%B1%E0%B8%9A%E0%B8%8B%E0%B8%B7%E0%B9%89%E0%B8%AD/%E0%B8%A3%E0%B8%B1%E0%B8%9A%E0%B8%8B%E0%B8%B7%E0%B9%89%E0%B8%AD%E0%B9%80%E0%B8%A5%E0%B8%99%E0%B8%AA%E0%B9%8C-%E0%B8%A2%E0%B9%82%E0%B8%AA%E0%B8%98%E0%B8%A3,encoded,/บริการ/รับซื้อเลนส์กล้อง,/บริการ/รับซื้อเลนส์กล้อง,/บริการ/รับซื้อเลนส์กล้อง,1,ASSUMED_200_PENDING_PROD,amphon.co.th,https,ASSUMED,ASSUMED,yes,yes,ok
/รับซื้อ/รับซื้อ-storage-nas-ยโสธร,unicode,/บริการ/รับซื้อ-nas,/บริการ/รับซื้อ-nas,/บริการ/รับซื้อ-nas,1,ASSUMED_200_PENDING_PROD,amphon.co.th,https,ASSUMED,ASSUMED,yes,yes,ok
/%E0%B8%A3%E0%B8%B1%E0%B8%9A%E0%B8%8B%E0%B8%B7%E0%B9%89%E0%B8%AD/%E0%B8%A3%E0%B8%B1%E0%B8%9A%E0%B8%8B%E0%B8%B7%E0%B9%89%E0%B8%AD-storage-nas-%E0%B8%A2%E0%B9%82%E0%B8%AA%E0%B8%98%E0%B8%A3,encoded,/บริการ/รับซื้อ-nas,/บริการ/รับซื้อ-nas,/บริการ/รับซื้อ-nas,1,ASSUMED_200_PENDING_PROD,amphon.co.th,https,ASSUMED,ASSUMED,yes,yes,ok
/รับซื้อ/รับซื้อ-hdd-ร้อยเอ็ด,unicode,/รับซื้อ/รับซื้อ-ssd-ร้อยเอ็ด,/รับซื้อ/รับซื้อ-ssd-ร้อยเอ็ด,/รับซื้อ/รับซื้อ-ssd-ร้อยเอ็ด,1,ASSUMED_200_PENDING_PROD,amphon.co.th,https,ASSUMED,ASSUMED,yes,yes,ok
/%E0%B8%A3%E0%B8%B1%E0%B8%9A%E0%B8%8B%E0%B8%B7%E0%B9%89%E0%B8%AD/%E0%B8%A3%E0%B8%B1%E0%B8%9A%E0%B8%8B%E0%B8%B7%E0%B9%89%E0%B8%AD-hdd-%E0%B8%A3%E0%B9%89%E0%B8%AD%E0%B8%A2%E0%B9%80%E0%B8%AD%E0%B9%87%E0%B8%94,encoded,/รับซื้อ/รับซื้อ-ssd-ร้อยเอ็ด,/รับซื้อ/รับซื้อ-ssd-ร้อยเอ็ด,/รับซื้อ/รับซื้อ-ssd-ร้อยเอ็ด,1,ASSUMED_200_PENDING_PROD,amphon.co.th,https,ASSUMED,ASSUMED,yes,yes,ok
/รับซื้อ/รับซื้อ-gopro-ร้อยเอ็ด,unicode,/บริการ/รับซื้อ-gopro-action-camera,/บริการ/รับซื้อ-gopro-action-camera,/บริการ/รับซื้อ-gopro-action-camera,1,ASSUMED_200_PENDING_PROD,amphon.co.th,https,ASSUMED,ASSUMED,yes,yes,ok
/%E0%B8%A3%E0%B8%B1%E0%B8%9A%E0%B8%8B%E0%B8%B7%E0%B9%89%E0%B8%AD/%E0%B8%A3%E0%B8%B1%E0%B8%9A%E0%B8%8B%E0%B8%B7%E0%B9%89%E0%B8%AD-gopro-%E0%B8%A3%E0%B9%89%E0%B8%AD%E0%B8%A2%E0%B9%80%E0%B8%AD%E0%B9%87%E0%B8%94,encoded,/บริการ/รับซื้อ-gopro-action-camera,/บริการ/รับซื้อ-gopro-action-camera,/บริการ/รับซื้อ-gopro-action-camera,1,ASSUMED_200_PENDING_PROD,amphon.co.th,https,ASSUMED,ASSUMED,yes,yes,ok
/รับซื้อ/รับซื้อเลนส์-ร้อยเอ็ด,unicode,/บริการ/รับซื้อเลนส์กล้อง,/บริการ/รับซื้อเลนส์กล้อง,/บริการ/รับซื้อเลนส์กล้อง,1,ASSUMED_200_PENDING_PROD,amphon.co.th,https,ASSUMED,ASSUMED,yes,yes,ok
/%E0%B8%A3%E0%B8%B1%E0%B8%9A%E0%B8%8B%E0%B8%B7%E0%B9%89%E0%B8%AD/%E0%B8%A3%E0%B8%B1%E0%B8%9A%E0%B8%8B%E0%B8%B7%E0%B9%89%E0%B8%AD%E0%B9%80%E0%B8%A5%E0%B8%99%E0%B8%AA%E0%B9%8C-%E0%B8%A3%E0%B9%89%E0%B8%AD%E0%B8%A2%E0%B9%80%E0%B8%AD%E0%B9%87%E0%B8%94,encoded,/บริการ/รับซื้อเลนส์กล้อง,/บริการ/รับซื้อเลนส์กล้อง,/บริการ/รับซื้อเลนส์กล้อง,1,ASSUMED_200_PENDING_PROD,amphon.co.th,https,ASSUMED,ASSUMED,yes,yes,ok
/รับซื้อ/รับซื้อ-storage-nas-ร้อยเอ็ด,unicode,/บริการ/รับซื้อ-nas,/บริการ/รับซื้อ-nas,/บริการ/รับซื้อ-nas,1,ASSUMED_200_PENDING_PROD,amphon.co.th,https,ASSUMED,ASSUMED,yes,yes,ok
/%E0%B8%A3%E0%B8%B1%E0%B8%9A%E0%B8%8B%E0%B8%B7%E0%B9%89%E0%B8%AD/%E0%B8%A3%E0%B8%B1%E0%B8%9A%E0%B8%8B%E0%B8%B7%E0%B9%89%E0%B8%AD-storage-nas-%E0%B8%A3%E0%B9%89%E0%B8%AD%E0%B8%A2%E0%B9%80%E0%B8%AD%E0%B9%87%E0%B8%94,encoded,/บริการ/รับซื้อ-nas,/บริการ/รับซื้อ-nas,/บริการ/รับซื้อ-nas,1,ASSUMED_200_PENDING_PROD,amphon.co.th,https,ASSUMED,ASSUMED,yes,yes,ok
/รับซื้อ/รับซื้อ-hdd-เลย,unicode,/รับซื้อ/รับซื้อ-ssd-เลย,/รับซื้อ/รับซื้อ-ssd-เลย,/รับซื้อ/รับซื้อ-ssd-เลย,1,ASSUMED_200_PENDING_PROD,amphon.co.th,https,ASSUMED,ASSUMED,yes,yes,ok
/%E0%B8%A3%E0%B8%B1%E0%B8%9A%E0%B8%8B%E0%B8%B7%E0%B9%89%E0%B8%AD/%E0%B8%A3%E0%B8%B1%E0%B8%9A%E0%B8%8B%E0%B8%B7%E0%B9%89%E0%B8%AD-hdd-%E0%B9%80%E0%B8%A5%E0%B8%A2,encoded,/รับซื้อ/รับซื้อ-ssd-เลย,/รับซื้อ/รับซื้อ-ssd-เลย,/รับซื้อ/รับซื้อ-ssd-เลย,1,ASSUMED_200_PENDING_PROD,amphon.co.th,https,ASSUMED,ASSUMED,yes,yes,ok
/รับซื้อ/รับซื้อ-gopro-เลย,unicode,/บริการ/รับซื้อ-gopro-action-camera,/บริการ/รับซื้อ-gopro-action-camera,/บริการ/รับซื้อ-gopro-action-camera,1,ASSUMED_200_PENDING_PROD,amphon.co.th,https,ASSUMED,ASSUMED,yes,yes,ok
/%E0%B8%A3%E0%B8%B1%E0%B8%9A%E0%B8%8B%E0%B8%B7%E0%B9%89%E0%B8%AD/%E0%B8%A3%E0%B8%B1%E0%B8%9A%E0%B8%8B%E0%B8%B7%E0%B9%89%E0%B8%AD-gopro-%E0%B9%80%E0%B8%A5%E0%B8%A2,encoded,/บริการ/รับซื้อ-gopro-action-camera,/บริการ/รับซื้อ-gopro-action-camera,/บริการ/รับซื้อ-gopro-action-camera,1,ASSUMED_200_PENDING_PROD,amphon.co.th,https,ASSUMED,ASSUMED,yes,yes,ok
/รับซื้อ/รับซื้อเลนส์-เลย,unicode,/บริการ/รับซื้อเลนส์กล้อง,/บริการ/รับซื้อเลนส์กล้อง,/บริการ/รับซื้อเลนส์กล้อง,1,ASSUMED_200_PENDING_PROD,amphon.co.th,https,ASSUMED,ASSUMED,yes,yes,ok
/%E0%B8%A3%E0%B8%B1%E0%B8%9A%E0%B8%8B%E0%B8%B7%E0%B9%89%E0%B8%AD/%E0%B8%A3%E0%B8%B1%E0%B8%9A%E0%B8%8B%E0%B8%B7%E0%B9%89%E0%B8%AD%E0%B9%80%E0%B8%A5%E0%B8%99%E0%B8%AA%E0%B9%8C-%E0%B9%80%E0%B8%A5%E0%B8%A2,encoded,/บริการ/รับซื้อเลนส์กล้อง,/บริการ/รับซื้อเลนส์กล้อง,/บริการ/รับซื้อเลนส์กล้อง,1,ASSUMED_200_PENDING_PROD,amphon.co.th,https,ASSUMED,ASSUMED,yes,yes,ok
/รับซื้อ/รับซื้อ-storage-nas-เลย,unicode,/บริการ/รับซื้อ-nas,/บริการ/รับซื้อ-nas,/บริการ/รับซื้อ-nas,1,ASSUMED_200_PENDING_PROD,amphon.co.th,https,ASSUMED,ASSUMED,yes,yes,ok
/%E0%B8%A3%E0%B8%B1%E0%B8%9A%E0%B8%8B%E0%B8%B7%E0%B9%89%E0%B8%AD/%E0%B8%A3%E0%B8%B1%E0%B8%9A%E0%B8%8B%E0%B8%B7%E0%B9%89%E0%B8%AD-storage-nas-%E0%B9%80%E0%B8%A5%E0%B8%A2,encoded,/บริการ/รับซื้อ-nas,/บริการ/รับซื้อ-nas,/บริการ/รับซื้อ-nas,1,ASSUMED_200_PENDING_PROD,amphon.co.th,https,ASSUMED,ASSUMED,yes,yes,ok
/รับซื้อ/รับซื้อ-hdd-ศรีสะเกษ,unicode,/รับซื้อ/รับซื้อ-ssd-ศรีสะเกษ,/รับซื้อ/รับซื้อ-ssd-ศรีสะเกษ,/รับซื้อ/รับซื้อ-ssd-ศรีสะเกษ,1,ASSUMED_200_PENDING_PROD,amphon.co.th,https,ASSUMED,ASSUMED,yes,yes,ok
/%E0%B8%A3%E0%B8%B1%E0%B8%9A%E0%B8%8B%E0%B8%B7%E0%B9%89%E0%B8%AD/%E0%B8%A3%E0%B8%B1%E0%B8%9A%E0%B8%8B%E0%B8%B7%E0%B9%89%E0%B8%AD-hdd-%E0%B8%A8%E0%B8%A3%E0%B8%B5%E0%B8%AA%E0%B8%B0%E0%B9%80%E0%B8%81%E0%B8%A9,encoded,/รับซื้อ/รับซื้อ-ssd-ศรีสะเกษ,/รับซื้อ/รับซื้อ-ssd-ศรีสะเกษ,/รับซื้อ/รับซื้อ-ssd-ศรีสะเกษ,1,ASSUMED_200_PENDING_PROD,amphon.co.th,https,ASSUMED,ASSUMED,yes,yes,ok
/รับซื้อ/รับซื้อ-gopro-ศรีสะเกษ,unicode,/บริการ/รับซื้อ-gopro-action-camera,/บริการ/รับซื้อ-gopro-action-camera,/บริการ/รับซื้อ-gopro-action-camera,1,ASSUMED_200_PENDING_PROD,amphon.co.th,https,ASSUMED,ASSUMED,yes,yes,ok
/%E0%B8%A3%E0%B8%B1%E0%B8%9A%E0%B8%8B%E0%B8%B7%E0%B9%89%E0%B8%AD/%E0%B8%A3%E0%B8%B1%E0%B8%9A%E0%B8%8B%E0%B8%B7%E0%B9%89%E0%B8%AD-gopro-%E0%B8%A8%E0%B8%A3%E0%B8%B5%E0%B8%AA%E0%B8%B0%E0%B9%80%E0%B8%81%E0%B8%A9,encoded,/บริการ/รับซื้อ-gopro-action-camera,/บริการ/รับซื้อ-gopro-action-camera,/บริการ/รับซื้อ-gopro-action-camera,1,ASSUMED_200_PENDING_PROD,amphon.co.th,https,ASSUMED,ASSUMED,yes,yes,ok
/รับซื้อ/รับซื้อเลนส์-ศรีสะเกษ,unicode,/บริการ/รับซื้อเลนส์กล้อง,/บริการ/รับซื้อเลนส์กล้อง,/บริการ/รับซื้อเลนส์กล้อง,1,ASSUMED_200_PENDING_PROD,amphon.co.th,https,ASSUMED,ASSUMED,yes,yes,ok
/%E0%B8%A3%E0%B8%B1%E0%B8%9A%E0%B8%8B%E0%B8%B7%E0%B9%89%E0%B8%AD/%E0%B8%A3%E0%B8%B1%E0%B8%9A%E0%B8%8B%E0%B8%B7%E0%B9%89%E0%B8%AD%E0%B9%80%E0%B8%A5%E0%B8%99%E0%B8%AA%E0%B9%8C-%E0%B8%A8%E0%B8%A3%E0%B8%B5%E0%B8%AA%E0%B8%B0%E0%B9%80%E0%B8%81%E0%B8%A9,encoded,/บริการ/รับซื้อเลนส์กล้อง,/บริการ/รับซื้อเลนส์กล้อง,/บริการ/รับซื้อเลนส์กล้อง,1,ASSUMED_200_PENDING_PROD,amphon.co.th,https,ASSUMED,ASSUMED,yes,yes,ok
/รับซื้อ/รับซื้อ-storage-nas-ศรีสะเกษ,unicode,/บริการ/รับซื้อ-nas,/บริการ/รับซื้อ-nas,/บริการ/รับซื้อ-nas,1,ASSUMED_200_PENDING_PROD,amphon.co.th,https,ASSUMED,ASSUMED,yes,yes,ok
/%E0%B8%A3%E0%B8%B1%E0%B8%9A%E0%B8%8B%E0%B8%B7%E0%B9%89%E0%B8%AD/%E0%B8%A3%E0%B8%B1%E0%B8%9A%E0%B8%8B%E0%B8%B7%E0%B9%89%E0%B8%AD-storage-nas-%E0%B8%A8%E0%B8%A3%E0%B8%B5%E0%B8%AA%E0%B8%B0%E0%B9%80%E0%B8%81%E0%B8%A9,encoded,/บริการ/รับซื้อ-nas,/บริการ/รับซื้อ-nas,/บริการ/รับซื้อ-nas,1,ASSUMED_200_PENDING_PROD,amphon.co.th,https,ASSUMED,ASSUMED,yes,yes,ok
/รับซื้อ/รับซื้อ-hdd-สกลนคร,unicode,/รับซื้อ/รับซื้อ-ssd-สกลนคร,/รับซื้อ/รับซื้อ-ssd-สกลนคร,/รับซื้อ/รับซื้อ-ssd-สกลนคร,1,ASSUMED_200_PENDING_PROD,amphon.co.th,https,ASSUMED,ASSUMED,yes,yes,ok
/%E0%B8%A3%E0%B8%B1%E0%B8%9A%E0%B8%8B%E0%B8%B7%E0%B9%89%E0%B8%AD/%E0%B8%A3%E0%B8%B1%E0%B8%9A%E0%B8%8B%E0%B8%B7%E0%B9%89%E0%B8%AD-hdd-%E0%B8%AA%E0%B8%81%E0%B8%A5%E0%B8%99%E0%B8%84%E0%B8%A3,encoded,/รับซื้อ/รับซื้อ-ssd-สกลนคร,/รับซื้อ/รับซื้อ-ssd-สกลนคร,/รับซื้อ/รับซื้อ-ssd-สกลนคร,1,ASSUMED_200_PENDING_PROD,amphon.co.th,https,ASSUMED,ASSUMED,yes,yes,ok
/รับซื้อ/รับซื้อ-gopro-สกลนคร,unicode,/บริการ/รับซื้อ-gopro-action-camera,/บริการ/รับซื้อ-gopro-action-camera,/บริการ/รับซื้อ-gopro-action-camera,1,ASSUMED_200_PENDING_PROD,amphon.co.th,https,ASSUMED,ASSUMED,yes,yes,ok
/%E0%B8%A3%E0%B8%B1%E0%B8%9A%E0%B8%8B%E0%B8%B7%E0%B9%89%E0%B8%AD/%E0%B8%A3%E0%B8%B1%E0%B8%9A%E0%B8%8B%E0%B8%B7%E0%B9%89%E0%B8%AD-gopro-%E0%B8%AA%E0%B8%81%E0%B8%A5%E0%B8%99%E0%B8%84%E0%B8%A3,encoded,/บริการ/รับซื้อ-gopro-action-camera,/บริการ/รับซื้อ-gopro-action-camera,/บริการ/รับซื้อ-gopro-action-camera,1,ASSUMED_200_PENDING_PROD,amphon.co.th,https,ASSUMED,ASSUMED,yes,yes,ok
/รับซื้อ/รับซื้อเลนส์-สกลนคร,unicode,/บริการ/รับซื้อเลนส์กล้อง,/บริการ/รับซื้อเลนส์กล้อง,/บริการ/รับซื้อเลนส์กล้อง,1,ASSUMED_200_PENDING_PROD,amphon.co.th,https,ASSUMED,ASSUMED,yes,yes,ok
/%E0%B8%A3%E0%B8%B1%E0%B8%9A%E0%B8%8B%E0%B8%B7%E0%B9%89%E0%B8%AD/%E0%B8%A3%E0%B8%B1%E0%B8%9A%E0%B8%8B%E0%B8%B7%E0%B9%89%E0%B8%AD%E0%B9%80%E0%B8%A5%E0%B8%99%E0%B8%AA%E0%B9%8C-%E0%B8%AA%E0%B8%81%E0%B8%A5%E0%B8%99%E0%B8%84%E0%B8%A3,encoded,/บริการ/รับซื้อเลนส์กล้อง,/บริการ/รับซื้อเลนส์กล้อง,/บริการ/รับซื้อเลนส์กล้อง,1,ASSUMED_200_PENDING_PROD,amphon.co.th,https,ASSUMED,ASSUMED,yes,yes,ok
/รับซื้อ/รับซื้อ-storage-nas-สกลนคร,unicode,/บริการ/รับซื้อ-nas,/บริการ/รับซื้อ-nas,/บริการ/รับซื้อ-nas,1,ASSUMED_200_PENDING_PROD,amphon.co.th,https,ASSUMED,ASSUMED,yes,yes,ok
/%E0%B8%A3%E0%B8%B1%E0%B8%9A%E0%B8%8B%E0%B8%B7%E0%B9%89%E0%B8%AD/%E0%B8%A3%E0%B8%B1%E0%B8%9A%E0%B8%8B%E0%B8%B7%E0%B9%89%E0%B8%AD-storage-nas-%E0%B8%AA%E0%B8%81%E0%B8%A5%E0%B8%99%E0%B8%84%E0%B8%A3,encoded,/บริการ/รับซื้อ-nas,/บริการ/รับซื้อ-nas,/บริการ/รับซื้อ-nas,1,ASSUMED_200_PENDING_PROD,amphon.co.th,https,ASSUMED,ASSUMED,yes,yes,ok
/รับซื้อ/รับซื้อ-hdd-สุรินทร์,unicode,/รับซื้อ/รับซื้อ-ssd-สุรินทร์,/รับซื้อ/รับซื้อ-ssd-สุรินทร์,/รับซื้อ/รับซื้อ-ssd-สุรินทร์,1,ASSUMED_200_PENDING_PROD,amphon.co.th,https,ASSUMED,ASSUMED,yes,yes,ok
/%E0%B8%A3%E0%B8%B1%E0%B8%9A%E0%B8%8B%E0%B8%B7%E0%B9%89%E0%B8%AD/%E0%B8%A3%E0%B8%B1%E0%B8%9A%E0%B8%8B%E0%B8%B7%E0%B9%89%E0%B8%AD-hdd-%E0%B8%AA%E0%B8%B8%E0%B8%A3%E0%B8%B4%E0%B8%99%E0%B8%97%E0%B8%A3%E0%B9%8C,encoded,/รับซื้อ/รับซื้อ-ssd-สุรินทร์,/รับซื้อ/รับซื้อ-ssd-สุรินทร์,/รับซื้อ/รับซื้อ-ssd-สุรินทร์,1,ASSUMED_200_PENDING_PROD,amphon.co.th,https,ASSUMED,ASSUMED,yes,yes,ok
/รับซื้อ/รับซื้อ-gopro-สุรินทร์,unicode,/บริการ/รับซื้อ-gopro-action-camera,/บริการ/รับซื้อ-gopro-action-camera,/บริการ/รับซื้อ-gopro-action-camera,1,ASSUMED_200_PENDING_PROD,amphon.co.th,https,ASSUMED,ASSUMED,yes,yes,ok
/%E0%B8%A3%E0%B8%B1%E0%B8%9A%E0%B8%8B%E0%B8%B7%E0%B9%89%E0%B8%AD/%E0%B8%A3%E0%B8%B1%E0%B8%9A%E0%B8%8B%E0%B8%B7%E0%B9%89%E0%B8%AD-gopro-%E0%B8%AA%E0%B8%B8%E0%B8%A3%E0%B8%B4%E0%B8%99%E0%B8%97%E0%B8%A3%E0%B9%8C,encoded,/บริการ/รับซื้อ-gopro-action-camera,/บริการ/รับซื้อ-gopro-action-camera,/บริการ/รับซื้อ-gopro-action-camera,1,ASSUMED_200_PENDING_PROD,amphon.co.th,https,ASSUMED,ASSUMED,yes,yes,ok
/รับซื้อ/รับซื้อเลนส์-สุรินทร์,unicode,/บริการ/รับซื้อเลนส์กล้อง,/บริการ/รับซื้อเลนส์กล้อง,/บริการ/รับซื้อเลนส์กล้อง,1,ASSUMED_200_PENDING_PROD,amphon.co.th,https,ASSUMED,ASSUMED,yes,yes,ok
/%E0%B8%A3%E0%B8%B1%E0%B8%9A%E0%B8%8B%E0%B8%B7%E0%B9%89%E0%B8%AD/%E0%B8%A3%E0%B8%B1%E0%B8%9A%E0%B8%8B%E0%B8%B7%E0%B9%89%E0%B8%AD%E0%B9%80%E0%B8%A5%E0%B8%99%E0%B8%AA%E0%B9%8C-%E0%B8%AA%E0%B8%B8%E0%B8%A3%E0%B8%B4%E0%B8%99%E0%B8%97%E0%B8%A3%E0%B9%8C,encoded,/บริการ/รับซื้อเลนส์กล้อง,/บริการ/รับซื้อเลนส์กล้อง,/บริการ/รับซื้อเลนส์กล้อง,1,ASSUMED_200_PENDING_PROD,amphon.co.th,https,ASSUMED,ASSUMED,yes,yes,ok
/รับซื้อ/รับซื้อ-storage-nas-สุรินทร์,unicode,/บริการ/รับซื้อ-nas,/บริการ/รับซื้อ-nas,/บริการ/รับซื้อ-nas,1,ASSUMED_200_PENDING_PROD,amphon.co.th,https,ASSUMED,ASSUMED,yes,yes,ok
/%E0%B8%A3%E0%B8%B1%E0%B8%9A%E0%B8%8B%E0%B8%B7%E0%B9%89%E0%B8%AD/%E0%B8%A3%E0%B8%B1%E0%B8%9A%E0%B8%8B%E0%B8%B7%E0%B9%89%E0%B8%AD-storage-nas-%E0%B8%AA%E0%B8%B8%E0%B8%A3%E0%B8%B4%E0%B8%99%E0%B8%97%E0%B8%A3%E0%B9%8C,encoded,/บริการ/รับซื้อ-nas,/บริการ/รับซื้อ-nas,/บริการ/รับซื้อ-nas,1,ASSUMED_200_PENDING_PROD,amphon.co.th,https,ASSUMED,ASSUMED,yes,yes,ok
/รับซื้อ/รับซื้อ-hdd-หนองคาย,unicode,/รับซื้อ/รับซื้อ-ssd-หนองคาย,/รับซื้อ/รับซื้อ-ssd-หนองคาย,/รับซื้อ/รับซื้อ-ssd-หนองคาย,1,ASSUMED_200_PENDING_PROD,amphon.co.th,https,ASSUMED,ASSUMED,yes,yes,ok
/%E0%B8%A3%E0%B8%B1%E0%B8%9A%E0%B8%8B%E0%B8%B7%E0%B9%89%E0%B8%AD/%E0%B8%A3%E0%B8%B1%E0%B8%9A%E0%B8%8B%E0%B8%B7%E0%B9%89%E0%B8%AD-hdd-%E0%B8%AB%E0%B8%99%E0%B8%AD%E0%B8%87%E0%B8%84%E0%B8%B2%E0%B8%A2,encoded,/รับซื้อ/รับซื้อ-ssd-หนองคาย,/รับซื้อ/รับซื้อ-ssd-หนองคาย,/รับซื้อ/รับซื้อ-ssd-หนองคาย,1,ASSUMED_200_PENDING_PROD,amphon.co.th,https,ASSUMED,ASSUMED,yes,yes,ok
/รับซื้อ/รับซื้อ-gopro-หนองคาย,unicode,/บริการ/รับซื้อ-gopro-action-camera,/บริการ/รับซื้อ-gopro-action-camera,/บริการ/รับซื้อ-gopro-action-camera,1,ASSUMED_200_PENDING_PROD,amphon.co.th,https,ASSUMED,ASSUMED,yes,yes,ok
/%E0%B8%A3%E0%B8%B1%E0%B8%9A%E0%B8%8B%E0%B8%B7%E0%B9%89%E0%B8%AD/%E0%B8%A3%E0%B8%B1%E0%B8%9A%E0%B8%8B%E0%B8%B7%E0%B9%89%E0%B8%AD-gopro-%E0%B8%AB%E0%B8%99%E0%B8%AD%E0%B8%87%E0%B8%84%E0%B8%B2%E0%B8%A2,encoded,/บริการ/รับซื้อ-gopro-action-camera,/บริการ/รับซื้อ-gopro-action-camera,/บริการ/รับซื้อ-gopro-action-camera,1,ASSUMED_200_PENDING_PROD,amphon.co.th,https,ASSUMED,ASSUMED,yes,yes,ok
/รับซื้อ/รับซื้อเลนส์-หนองคาย,unicode,/บริการ/รับซื้อเลนส์กล้อง,/บริการ/รับซื้อเลนส์กล้อง,/บริการ/รับซื้อเลนส์กล้อง,1,ASSUMED_200_PENDING_PROD,amphon.co.th,https,ASSUMED,ASSUMED,yes,yes,ok
/%E0%B8%A3%E0%B8%B1%E0%B8%9A%E0%B8%8B%E0%B8%B7%E0%B9%89%E0%B8%AD/%E0%B8%A3%E0%B8%B1%E0%B8%9A%E0%B8%8B%E0%B8%B7%E0%B9%89%E0%B8%AD%E0%B9%80%E0%B8%A5%E0%B8%99%E0%B8%AA%E0%B9%8C-%E0%B8%AB%E0%B8%99%E0%B8%AD%E0%B8%87%E0%B8%84%E0%B8%B2%E0%B8%A2,encoded,/บริการ/รับซื้อเลนส์กล้อง,/บริการ/รับซื้อเลนส์กล้อง,/บริการ/รับซื้อเลนส์กล้อง,1,ASSUMED_200_PENDING_PROD,amphon.co.th,https,ASSUMED,ASSUMED,yes,yes,ok
/รับซื้อ/รับซื้อ-storage-nas-หนองคาย,unicode,/บริการ/รับซื้อ-nas,/บริการ/รับซื้อ-nas,/บริการ/รับซื้อ-nas,1,ASSUMED_200_PENDING_PROD,amphon.co.th,https,ASSUMED,ASSUMED,yes,yes,ok
/%E0%B8%A3%E0%B8%B1%E0%B8%9A%E0%B8%8B%E0%B8%B7%E0%B9%89%E0%B8%AD/%E0%B8%A3%E0%B8%B1%E0%B8%9A%E0%B8%8B%E0%B8%B7%E0%B9%89%E0%B8%AD-storage-nas-%E0%B8%AB%E0%B8%99%E0%B8%AD%E0%B8%87%E0%B8%84%E0%B8%B2%E0%B8%A2,encoded,/บริการ/รับซื้อ-nas,/บริการ/รับซื้อ-nas,/บริการ/รับซื้อ-nas,1,ASSUMED_200_PENDING_PROD,amphon.co.th,https,ASSUMED,ASSUMED,yes,yes,ok
/รับซื้อ/รับซื้อ-hdd-หนองบัวลำภู,unicode,/รับซื้อ/รับซื้อ-ssd-หนองบัวลำภู,/รับซื้อ/รับซื้อ-ssd-หนองบัวลำภู,/รับซื้อ/รับซื้อ-ssd-หนองบัวลำภู,1,ASSUMED_200_PENDING_PROD,amphon.co.th,https,ASSUMED,ASSUMED,yes,yes,ok
/%E0%B8%A3%E0%B8%B1%E0%B8%9A%E0%B8%8B%E0%B8%B7%E0%B9%89%E0%B8%AD/%E0%B8%A3%E0%B8%B1%E0%B8%9A%E0%B8%8B%E0%B8%B7%E0%B9%89%E0%B8%AD-hdd-%E0%B8%AB%E0%B8%99%E0%B8%AD%E0%B8%87%E0%B8%9A%E0%B8%B1%E0%B8%A7%E0%B8%A5%E0%B8%B3%E0%B8%A0%E0%B8%B9,encoded,/รับซื้อ/รับซื้อ-ssd-หนองบัวลำภู,/รับซื้อ/รับซื้อ-ssd-หนองบัวลำภู,/รับซื้อ/รับซื้อ-ssd-หนองบัวลำภู,1,ASSUMED_200_PENDING_PROD,amphon.co.th,https,ASSUMED,ASSUMED,yes,yes,ok
/รับซื้อ/รับซื้อ-gopro-หนองบัวลำภู,unicode,/บริการ/รับซื้อ-gopro-action-camera,/บริการ/รับซื้อ-gopro-action-camera,/บริการ/รับซื้อ-gopro-action-camera,1,ASSUMED_200_PENDING_PROD,amphon.co.th,https,ASSUMED,ASSUMED,yes,yes,ok
/%E0%B8%A3%E0%B8%B1%E0%B8%9A%E0%B8%8B%E0%B8%B7%E0%B9%89%E0%B8%AD/%E0%B8%A3%E0%B8%B1%E0%B8%9A%E0%B8%8B%E0%B8%B7%E0%B9%89%E0%B8%AD-gopro-%E0%B8%AB%E0%B8%99%E0%B8%AD%E0%B8%87%E0%B8%9A%E0%B8%B1%E0%B8%A7%E0%B8%A5%E0%B8%B3%E0%B8%A0%E0%B8%B9,encoded,/บริการ/รับซื้อ-gopro-action-camera,/บริการ/รับซื้อ-gopro-action-camera,/บริการ/รับซื้อ-gopro-action-camera,1,ASSUMED_200_PENDING_PROD,amphon.co.th,https,ASSUMED,ASSUMED,yes,yes,ok
/รับซื้อ/รับซื้อเลนส์-หนองบัวลำภู,unicode,/บริการ/รับซื้อเลนส์กล้อง,/บริการ/รับซื้อเลนส์กล้อง,/บริการ/รับซื้อเลนส์กล้อง,1,ASSUMED_200_PENDING_PROD,amphon.co.th,https,ASSUMED,ASSUMED,yes,yes,ok
/%E0%B8%A3%E0%B8%B1%E0%B8%9A%E0%B8%8B%E0%B8%B7%E0%B9%89%E0%B8%AD/%E0%B8%A3%E0%B8%B1%E0%B8%9A%E0%B8%8B%E0%B8%B7%E0%B9%89%E0%B8%AD%E0%B9%80%E0%B8%A5%E0%B8%99%E0%B8%AA%E0%B9%8C-%E0%B8%AB%E0%B8%99%E0%B8%AD%E0%B8%87%E0%B8%9A%E0%B8%B1%E0%B8%A7%E0%B8%A5%E0%B8%B3%E0%B8%A0%E0%B8%B9,encoded,/บริการ/รับซื้อเลนส์กล้อง,/บริการ/รับซื้อเลนส์กล้อง,/บริการ/รับซื้อเลนส์กล้อง,1,ASSUMED_200_PENDING_PROD,amphon.co.th,https,ASSUMED,ASSUMED,yes,yes,ok
/รับซื้อ/รับซื้อ-storage-nas-หนองบัวลำภู,unicode,/บริการ/รับซื้อ-nas,/บริการ/รับซื้อ-nas,/บริการ/รับซื้อ-nas,1,ASSUMED_200_PENDING_PROD,amphon.co.th,https,ASSUMED,ASSUMED,yes,yes,ok
/%E0%B8%A3%E0%B8%B1%E0%B8%9A%E0%B8%8B%E0%B8%B7%E0%B9%89%E0%B8%AD/%E0%B8%A3%E0%B8%B1%E0%B8%9A%E0%B8%8B%E0%B8%B7%E0%B9%89%E0%B8%AD-storage-nas-%E0%B8%AB%E0%B8%99%E0%B8%AD%E0%B8%87%E0%B8%9A%E0%B8%B1%E0%B8%A7%E0%B8%A5%E0%B8%B3%E0%B8%A0%E0%B8%B9,encoded,/บริการ/รับซื้อ-nas,/บริการ/รับซื้อ-nas,/บริการ/รับซื้อ-nas,1,ASSUMED_200_PENDING_PROD,amphon.co.th,https,ASSUMED,ASSUMED,yes,yes,ok
/รับซื้อ/รับซื้อ-hdd-อำนาจเจริญ,unicode,/รับซื้อ/รับซื้อ-ssd-อำนาจเจริญ,/รับซื้อ/รับซื้อ-ssd-อำนาจเจริญ,/รับซื้อ/รับซื้อ-ssd-อำนาจเจริญ,1,ASSUMED_200_PENDING_PROD,amphon.co.th,https,ASSUMED,ASSUMED,yes,yes,ok
/%E0%B8%A3%E0%B8%B1%E0%B8%9A%E0%B8%8B%E0%B8%B7%E0%B9%89%E0%B8%AD/%E0%B8%A3%E0%B8%B1%E0%B8%9A%E0%B8%8B%E0%B8%B7%E0%B9%89%E0%B8%AD-hdd-%E0%B8%AD%E0%B8%B3%E0%B8%99%E0%B8%B2%E0%B8%88%E0%B9%80%E0%B8%88%E0%B8%A3%E0%B8%B4%E0%B8%8D,encoded,/รับซื้อ/รับซื้อ-ssd-อำนาจเจริญ,/รับซื้อ/รับซื้อ-ssd-อำนาจเจริญ,/รับซื้อ/รับซื้อ-ssd-อำนาจเจริญ,1,ASSUMED_200_PENDING_PROD,amphon.co.th,https,ASSUMED,ASSUMED,yes,yes,ok
/รับซื้อ/รับซื้อ-gopro-อำนาจเจริญ,unicode,/บริการ/รับซื้อ-gopro-action-camera,/บริการ/รับซื้อ-gopro-action-camera,/บริการ/รับซื้อ-gopro-action-camera,1,ASSUMED_200_PENDING_PROD,amphon.co.th,https,ASSUMED,ASSUMED,yes,yes,ok
/%E0%B8%A3%E0%B8%B1%E0%B8%9A%E0%B8%8B%E0%B8%B7%E0%B9%89%E0%B8%AD/%E0%B8%A3%E0%B8%B1%E0%B8%9A%E0%B8%8B%E0%B8%B7%E0%B9%89%E0%B8%AD-gopro-%E0%B8%AD%E0%B8%B3%E0%B8%99%E0%B8%B2%E0%B8%88%E0%B9%80%E0%B8%88%E0%B8%A3%E0%B8%B4%E0%B8%8D,encoded,/บริการ/รับซื้อ-gopro-action-camera,/บริการ/รับซื้อ-gopro-action-camera,/บริการ/รับซื้อ-gopro-action-camera,1,ASSUMED_200_PENDING_PROD,amphon.co.th,https,ASSUMED,ASSUMED,yes,yes,ok
/รับซื้อ/รับซื้อเลนส์-อำนาจเจริญ,unicode,/บริการ/รับซื้อเลนส์กล้อง,/บริการ/รับซื้อเลนส์กล้อง,/บริการ/รับซื้อเลนส์กล้อง,1,ASSUMED_200_PENDING_PROD,amphon.co.th,https,ASSUMED,ASSUMED,yes,yes,ok
/%E0%B8%A3%E0%B8%B1%E0%B8%9A%E0%B8%8B%E0%B8%B7%E0%B9%89%E0%B8%AD/%E0%B8%A3%E0%B8%B1%E0%B8%9A%E0%B8%8B%E0%B8%B7%E0%B9%89%E0%B8%AD%E0%B9%80%E0%B8%A5%E0%B8%99%E0%B8%AA%E0%B9%8C-%E0%B8%AD%E0%B8%B3%E0%B8%99%E0%B8%B2%E0%B8%88%E0%B9%80%E0%B8%88%E0%B8%A3%E0%B8%B4%E0%B8%8D,encoded,/บริการ/รับซื้อเลนส์กล้อง,/บริการ/รับซื้อเลนส์กล้อง,/บริการ/รับซื้อเลนส์กล้อง,1,ASSUMED_200_PENDING_PROD,amphon.co.th,https,ASSUMED,ASSUMED,yes,yes,ok
/รับซื้อ/รับซื้อ-storage-nas-อำนาจเจริญ,unicode,/บริการ/รับซื้อ-nas,/บริการ/รับซื้อ-nas,/บริการ/รับซื้อ-nas,1,ASSUMED_200_PENDING_PROD,amphon.co.th,https,ASSUMED,ASSUMED,yes,yes,ok
/%E0%B8%A3%E0%B8%B1%E0%B8%9A%E0%B8%8B%E0%B8%B7%E0%B9%89%E0%B8%AD/%E0%B8%A3%E0%B8%B1%E0%B8%9A%E0%B8%8B%E0%B8%B7%E0%B9%89%E0%B8%AD-storage-nas-%E0%B8%AD%E0%B8%B3%E0%B8%99%E0%B8%B2%E0%B8%88%E0%B9%80%E0%B8%88%E0%B8%A3%E0%B8%B4%E0%B8%8D,encoded,/บริการ/รับซื้อ-nas,/บริการ/รับซื้อ-nas,/บริการ/รับซื้อ-nas,1,ASSUMED_200_PENDING_PROD,amphon.co.th,https,ASSUMED,ASSUMED,yes,yes,ok
/รับซื้อ/รับซื้อ-hdd-อุดรธานี,unicode,/รับซื้อ/รับซื้อ-ssd-อุดรธานี,/รับซื้อ/รับซื้อ-ssd-อุดรธานี,/รับซื้อ/รับซื้อ-ssd-อุดรธานี,1,ASSUMED_200_PENDING_PROD,amphon.co.th,https,ASSUMED,ASSUMED,yes,yes,ok
/%E0%B8%A3%E0%B8%B1%E0%B8%9A%E0%B8%8B%E0%B8%B7%E0%B9%89%E0%B8%AD/%E0%B8%A3%E0%B8%B1%E0%B8%9A%E0%B8%8B%E0%B8%B7%E0%B9%89%E0%B8%AD-hdd-%E0%B8%AD%E0%B8%B8%E0%B8%94%E0%B8%A3%E0%B8%98%E0%B8%B2%E0%B8%99%E0%B8%B5,encoded,/รับซื้อ/รับซื้อ-ssd-อุดรธานี,/รับซื้อ/รับซื้อ-ssd-อุดรธานี,/รับซื้อ/รับซื้อ-ssd-อุดรธานี,1,ASSUMED_200_PENDING_PROD,amphon.co.th,https,ASSUMED,ASSUMED,yes,yes,ok
/รับซื้อ/รับซื้อ-gopro-อุดรธานี,unicode,/บริการ/รับซื้อ-gopro-action-camera,/บริการ/รับซื้อ-gopro-action-camera,/บริการ/รับซื้อ-gopro-action-camera,1,ASSUMED_200_PENDING_PROD,amphon.co.th,https,ASSUMED,ASSUMED,yes,yes,ok
/%E0%B8%A3%E0%B8%B1%E0%B8%9A%E0%B8%8B%E0%B8%B7%E0%B9%89%E0%B8%AD/%E0%B8%A3%E0%B8%B1%E0%B8%9A%E0%B8%8B%E0%B8%B7%E0%B9%89%E0%B8%AD-gopro-%E0%B8%AD%E0%B8%B8%E0%B8%94%E0%B8%A3%E0%B8%98%E0%B8%B2%E0%B8%99%E0%B8%B5,encoded,/บริการ/รับซื้อ-gopro-action-camera,/บริการ/รับซื้อ-gopro-action-camera,/บริการ/รับซื้อ-gopro-action-camera,1,ASSUMED_200_PENDING_PROD,amphon.co.th,https,ASSUMED,ASSUMED,yes,yes,ok
/รับซื้อ/รับซื้อเลนส์-อุดรธานี,unicode,/บริการ/รับซื้อเลนส์กล้อง,/บริการ/รับซื้อเลนส์กล้อง,/บริการ/รับซื้อเลนส์กล้อง,1,ASSUMED_200_PENDING_PROD,amphon.co.th,https,ASSUMED,ASSUMED,yes,yes,ok
/%E0%B8%A3%E0%B8%B1%E0%B8%9A%E0%B8%8B%E0%B8%B7%E0%B9%89%E0%B8%AD/%E0%B8%A3%E0%B8%B1%E0%B8%9A%E0%B8%8B%E0%B8%B7%E0%B9%89%E0%B8%AD%E0%B9%80%E0%B8%A5%E0%B8%99%E0%B8%AA%E0%B9%8C-%E0%B8%AD%E0%B8%B8%E0%B8%94%E0%B8%A3%E0%B8%98%E0%B8%B2%E0%B8%99%E0%B8%B5,encoded,/บริการ/รับซื้อเลนส์กล้อง,/บริการ/รับซื้อเลนส์กล้อง,/บริการ/รับซื้อเลนส์กล้อง,1,ASSUMED_200_PENDING_PROD,amphon.co.th,https,ASSUMED,ASSUMED,yes,yes,ok
/รับซื้อ/รับซื้อ-storage-nas-อุดรธานี,unicode,/บริการ/รับซื้อ-nas,/บริการ/รับซื้อ-nas,/บริการ/รับซื้อ-nas,1,ASSUMED_200_PENDING_PROD,amphon.co.th,https,ASSUMED,ASSUMED,yes,yes,ok
/%E0%B8%A3%E0%B8%B1%E0%B8%9A%E0%B8%8B%E0%B8%B7%E0%B9%89%E0%B8%AD/%E0%B8%A3%E0%B8%B1%E0%B8%9A%E0%B8%8B%E0%B8%B7%E0%B9%89%E0%B8%AD-storage-nas-%E0%B8%AD%E0%B8%B8%E0%B8%94%E0%B8%A3%E0%B8%98%E0%B8%B2%E0%B8%99%E0%B8%B5,encoded,/บริการ/รับซื้อ-nas,/บริการ/รับซื้อ-nas,/บริการ/รับซื้อ-nas,1,ASSUMED_200_PENDING_PROD,amphon.co.th,https,ASSUMED,ASSUMED,yes,yes,ok
/รับซื้อ/รับซื้อ-hdd-อุบลราชธานี,unicode,/รับซื้อ/รับซื้อ-ssd-อุบลราชธานี,/รับซื้อ/รับซื้อ-ssd-อุบลราชธานี,/รับซื้อ/รับซื้อ-ssd-อุบลราชธานี,1,ASSUMED_200_PENDING_PROD,amphon.co.th,https,ASSUMED,ASSUMED,yes,yes,ok
/%E0%B8%A3%E0%B8%B1%E0%B8%9A%E0%B8%8B%E0%B8%B7%E0%B9%89%E0%B8%AD/%E0%B8%A3%E0%B8%B1%E0%B8%9A%E0%B8%8B%E0%B8%B7%E0%B9%89%E0%B8%AD-hdd-%E0%B8%AD%E0%B8%B8%E0%B8%9A%E0%B8%A5%E0%B8%A3%E0%B8%B2%E0%B8%8A%E0%B8%98%E0%B8%B2%E0%B8%99%E0%B8%B5,encoded,/รับซื้อ/รับซื้อ-ssd-อุบลราชธานี,/รับซื้อ/รับซื้อ-ssd-อุบลราชธานี,/รับซื้อ/รับซื้อ-ssd-อุบลราชธานี,1,ASSUMED_200_PENDING_PROD,amphon.co.th,https,ASSUMED,ASSUMED,yes,yes,ok
/รับซื้อ/รับซื้อ-gopro-อุบลราชธานี,unicode,/บริการ/รับซื้อ-gopro-action-camera,/บริการ/รับซื้อ-gopro-action-camera,/บริการ/รับซื้อ-gopro-action-camera,1,ASSUMED_200_PENDING_PROD,amphon.co.th,https,ASSUMED,ASSUMED,yes,yes,ok
/%E0%B8%A3%E0%B8%B1%E0%B8%9A%E0%B8%8B%E0%B8%B7%E0%B9%89%E0%B8%AD/%E0%B8%A3%E0%B8%B1%E0%B8%9A%E0%B8%8B%E0%B8%B7%E0%B9%89%E0%B8%AD-gopro-%E0%B8%AD%E0%B8%B8%E0%B8%9A%E0%B8%A5%E0%B8%A3%E0%B8%B2%E0%B8%8A%E0%B8%98%E0%B8%B2%E0%B8%99%E0%B8%B5,encoded,/บริการ/รับซื้อ-gopro-action-camera,/บริการ/รับซื้อ-gopro-action-camera,/บริการ/รับซื้อ-gopro-action-camera,1,ASSUMED_200_PENDING_PROD,amphon.co.th,https,ASSUMED,ASSUMED,yes,yes,ok
/รับซื้อ/รับซื้อเลนส์-อุบลราชธานี,unicode,/บริการ/รับซื้อเลนส์กล้อง,/บริการ/รับซื้อเลนส์กล้อง,/บริการ/รับซื้อเลนส์กล้อง,1,ASSUMED_200_PENDING_PROD,amphon.co.th,https,ASSUMED,ASSUMED,yes,yes,ok
/%E0%B8%A3%E0%B8%B1%E0%B8%9A%E0%B8%8B%E0%B8%B7%E0%B9%89%E0%B8%AD/%E0%B8%A3%E0%B8%B1%E0%B8%9A%E0%B8%8B%E0%B8%B7%E0%B9%89%E0%B8%AD%E0%B9%80%E0%B8%A5%E0%B8%99%E0%B8%AA%E0%B9%8C-%E0%B8%AD%E0%B8%B8%E0%B8%9A%E0%B8%A5%E0%B8%A3%E0%B8%B2%E0%B8%8A%E0%B8%98%E0%B8%B2%E0%B8%99%E0%B8%B5,encoded,/บริการ/รับซื้อเลนส์กล้อง,/บริการ/รับซื้อเลนส์กล้อง,/บริการ/รับซื้อเลนส์กล้อง,1,ASSUMED_200_PENDING_PROD,amphon.co.th,https,ASSUMED,ASSUMED,yes,yes,ok
/รับซื้อ/รับซื้อ-storage-nas-อุบลราชธานี,unicode,/บริการ/รับซื้อ-nas,/บริการ/รับซื้อ-nas,/บริการ/รับซื้อ-nas,1,ASSUMED_200_PENDING_PROD,amphon.co.th,https,ASSUMED,ASSUMED,yes,yes,ok
/%E0%B8%A3%E0%B8%B1%E0%B8%9A%E0%B8%8B%E0%B8%B7%E0%B9%89%E0%B8%AD/%E0%B8%A3%E0%B8%B1%E0%B8%9A%E0%B8%8B%E0%B8%B7%E0%B9%89%E0%B8%AD-storage-nas-%E0%B8%AD%E0%B8%B8%E0%B8%9A%E0%B8%A5%E0%B8%A3%E0%B8%B2%E0%B8%8A%E0%B8%98%E0%B8%B2%E0%B8%99%E0%B8%B5,encoded,/บริการ/รับซื้อ-nas,/บริการ/รับซื้อ-nas,/บริการ/รับซื้อ-nas,1,ASSUMED_200_PENDING_PROD,amphon.co.th,https,ASSUMED,ASSUMED,yes,yes,ok
/รับซื้อ/รับซื้อของสะสม-กาฬสินธุ์,unicode,/บริการ/รับซื้อของสะสม,/บริการ/รับซื้อของสะสม,/บริการ/รับซื้อของสะสม,1,ASSUMED_200_PENDING_PROD,amphon.co.th,https,ASSUMED,ASSUMED,yes,yes,ok
/%E0%B8%A3%E0%B8%B1%E0%B8%9A%E0%B8%8B%E0%B8%B7%E0%B9%89%E0%B8%AD/%E0%B8%A3%E0%B8%B1%E0%B8%9A%E0%B8%8B%E0%B8%B7%E0%B9%89%E0%B8%AD%E0%B8%82%E0%B8%AD%E0%B8%87%E0%B8%AA%E0%B8%B0%E0%B8%AA%E0%B8%A1-%E0%B8%81%E0%B8%B2%E0%B8%AC%E0%B8%AA%E0%B8%B4%E0%B8%99%E0%B8%98%E0%B8%B8%E0%B9%8C,encoded,/บริการ/รับซื้อของสะสม,/บริการ/รับซื้อของสะสม,/บริการ/รับซื้อของสะสม,1,ASSUMED_200_PENDING_PROD,amphon.co.th,https,ASSUMED,ASSUMED,yes,yes,ok
/รับซื้อ/รับซื้อของสะสม-ขอนแก่น,unicode,/บริการ/รับซื้อของสะสม,/บริการ/รับซื้อของสะสม,/บริการ/รับซื้อของสะสม,1,ASSUMED_200_PENDING_PROD,amphon.co.th,https,ASSUMED,ASSUMED,yes,yes,ok
/%E0%B8%A3%E0%B8%B1%E0%B8%9A%E0%B8%8B%E0%B8%B7%E0%B9%89%E0%B8%AD/%E0%B8%A3%E0%B8%B1%E0%B8%9A%E0%B8%8B%E0%B8%B7%E0%B9%89%E0%B8%AD%E0%B8%82%E0%B8%AD%E0%B8%87%E0%B8%AA%E0%B8%B0%E0%B8%AA%E0%B8%A1-%E0%B8%82%E0%B8%AD%E0%B8%99%E0%B9%81%E0%B8%81%E0%B9%88%E0%B8%99,encoded,/บริการ/รับซื้อของสะสม,/บริการ/รับซื้อของสะสม,/บริการ/รับซื้อของสะสม,1,ASSUMED_200_PENDING_PROD,amphon.co.th,https,ASSUMED,ASSUMED,yes,yes,ok
/รับซื้อ/รับซื้อของสะสม-ชัยภูมิ,unicode,/บริการ/รับซื้อของสะสม,/บริการ/รับซื้อของสะสม,/บริการ/รับซื้อของสะสม,1,ASSUMED_200_PENDING_PROD,amphon.co.th,https,ASSUMED,ASSUMED,yes,yes,ok
/%E0%B8%A3%E0%B8%B1%E0%B8%9A%E0%B8%8B%E0%B8%B7%E0%B9%89%E0%B8%AD/%E0%B8%A3%E0%B8%B1%E0%B8%9A%E0%B8%8B%E0%B8%B7%E0%B9%89%E0%B8%AD%E0%B8%82%E0%B8%AD%E0%B8%87%E0%B8%AA%E0%B8%B0%E0%B8%AA%E0%B8%A1-%E0%B8%8A%E0%B8%B1%E0%B8%A2%E0%B8%A0%E0%B8%B9%E0%B8%A1%E0%B8%B4,encoded,/บริการ/รับซื้อของสะสม,/บริการ/รับซื้อของสะสม,/บริการ/รับซื้อของสะสม,1,ASSUMED_200_PENDING_PROD,amphon.co.th,https,ASSUMED,ASSUMED,yes,yes,ok
/รับซื้อ/รับซื้อของสะสม-นครพนม,unicode,/บริการ/รับซื้อของสะสม,/บริการ/รับซื้อของสะสม,/บริการ/รับซื้อของสะสม,1,ASSUMED_200_PENDING_PROD,amphon.co.th,https,ASSUMED,ASSUMED,yes,yes,ok
/%E0%B8%A3%E0%B8%B1%E0%B8%9A%E0%B8%8B%E0%B8%B7%E0%B9%89%E0%B8%AD/%E0%B8%A3%E0%B8%B1%E0%B8%9A%E0%B8%8B%E0%B8%B7%E0%B9%89%E0%B8%AD%E0%B8%82%E0%B8%AD%E0%B8%87%E0%B8%AA%E0%B8%B0%E0%B8%AA%E0%B8%A1-%E0%B8%99%E0%B8%84%E0%B8%A3%E0%B8%9E%E0%B8%99%E0%B8%A1,encoded,/บริการ/รับซื้อของสะสม,/บริการ/รับซื้อของสะสม,/บริการ/รับซื้อของสะสม,1,ASSUMED_200_PENDING_PROD,amphon.co.th,https,ASSUMED,ASSUMED,yes,yes,ok
/รับซื้อ/รับซื้อของสะสม-นครราชสีมา,unicode,/บริการ/รับซื้อของสะสม,/บริการ/รับซื้อของสะสม,/บริการ/รับซื้อของสะสม,1,ASSUMED_200_PENDING_PROD,amphon.co.th,https,ASSUMED,ASSUMED,yes,yes,ok
/%E0%B8%A3%E0%B8%B1%E0%B8%9A%E0%B8%8B%E0%B8%B7%E0%B9%89%E0%B8%AD/%E0%B8%A3%E0%B8%B1%E0%B8%9A%E0%B8%8B%E0%B8%B7%E0%B9%89%E0%B8%AD%E0%B8%82%E0%B8%AD%E0%B8%87%E0%B8%AA%E0%B8%B0%E0%B8%AA%E0%B8%A1-%E0%B8%99%E0%B8%84%E0%B8%A3%E0%B8%A3%E0%B8%B2%E0%B8%8A%E0%B8%AA%E0%B8%B5%E0%B8%A1%E0%B8%B2,encoded,/บริการ/รับซื้อของสะสม,/บริการ/รับซื้อของสะสม,/บริการ/รับซื้อของสะสม,1,ASSUMED_200_PENDING_PROD,amphon.co.th,https,ASSUMED,ASSUMED,yes,yes,ok
/รับซื้อ/รับซื้อของสะสม-บึงกาฬ,unicode,/บริการ/รับซื้อของสะสม,/บริการ/รับซื้อของสะสม,/บริการ/รับซื้อของสะสม,1,ASSUMED_200_PENDING_PROD,amphon.co.th,https,ASSUMED,ASSUMED,yes,yes,ok
/%E0%B8%A3%E0%B8%B1%E0%B8%9A%E0%B8%8B%E0%B8%B7%E0%B9%89%E0%B8%AD/%E0%B8%A3%E0%B8%B1%E0%B8%9A%E0%B8%8B%E0%B8%B7%E0%B9%89%E0%B8%AD%E0%B8%82%E0%B8%AD%E0%B8%87%E0%B8%AA%E0%B8%B0%E0%B8%AA%E0%B8%A1-%E0%B8%9A%E0%B8%B6%E0%B8%87%E0%B8%81%E0%B8%B2%E0%B8%AC,encoded,/บริการ/รับซื้อของสะสม,/บริการ/รับซื้อของสะสม,/บริการ/รับซื้อของสะสม,1,ASSUMED_200_PENDING_PROD,amphon.co.th,https,ASSUMED,ASSUMED,yes,yes,ok
/รับซื้อ/รับซื้อของสะสม-บุรีรัมย์,unicode,/บริการ/รับซื้อของสะสม,/บริการ/รับซื้อของสะสม,/บริการ/รับซื้อของสะสม,1,ASSUMED_200_PENDING_PROD,amphon.co.th,https,ASSUMED,ASSUMED,yes,yes,ok
/%E0%B8%A3%E0%B8%B1%E0%B8%9A%E0%B8%8B%E0%B8%B7%E0%B9%89%E0%B8%AD/%E0%B8%A3%E0%B8%B1%E0%B8%9A%E0%B8%8B%E0%B8%B7%E0%B9%89%E0%B8%AD%E0%B8%82%E0%B8%AD%E0%B8%87%E0%B8%AA%E0%B8%B0%E0%B8%AA%E0%B8%A1-%E0%B8%9A%E0%B8%B8%E0%B8%A3%E0%B8%B5%E0%B8%A3%E0%B8%B1%E0%B8%A1%E0%B8%A2%E0%B9%8C,encoded,/บริการ/รับซื้อของสะสม,/บริการ/รับซื้อของสะสม,/บริการ/รับซื้อของสะสม,1,ASSUMED_200_PENDING_PROD,amphon.co.th,https,ASSUMED,ASSUMED,yes,yes,ok
/รับซื้อ/รับซื้อของสะสม-มหาสารคาม,unicode,/บริการ/รับซื้อของสะสม,/บริการ/รับซื้อของสะสม,/บริการ/รับซื้อของสะสม,1,ASSUMED_200_PENDING_PROD,amphon.co.th,https,ASSUMED,ASSUMED,yes,yes,ok
/%E0%B8%A3%E0%B8%B1%E0%B8%9A%E0%B8%8B%E0%B8%B7%E0%B9%89%E0%B8%AD/%E0%B8%A3%E0%B8%B1%E0%B8%9A%E0%B8%8B%E0%B8%B7%E0%B9%89%E0%B8%AD%E0%B8%82%E0%B8%AD%E0%B8%87%E0%B8%AA%E0%B8%B0%E0%B8%AA%E0%B8%A1-%E0%B8%A1%E0%B8%AB%E0%B8%B2%E0%B8%AA%E0%B8%B2%E0%B8%A3%E0%B8%84%E0%B8%B2%E0%B8%A1,encoded,/บริการ/รับซื้อของสะสม,/บริการ/รับซื้อของสะสม,/บริการ/รับซื้อของสะสม,1,ASSUMED_200_PENDING_PROD,amphon.co.th,https,ASSUMED,ASSUMED,yes,yes,ok
/รับซื้อ/รับซื้อของสะสม-มุกดาหาร,unicode,/บริการ/รับซื้อของสะสม,/บริการ/รับซื้อของสะสม,/บริการ/รับซื้อของสะสม,1,ASSUMED_200_PENDING_PROD,amphon.co.th,https,ASSUMED,ASSUMED,yes,yes,ok
/%E0%B8%A3%E0%B8%B1%E0%B8%9A%E0%B8%8B%E0%B8%B7%E0%B9%89%E0%B8%AD/%E0%B8%A3%E0%B8%B1%E0%B8%9A%E0%B8%8B%E0%B8%B7%E0%B9%89%E0%B8%AD%E0%B8%82%E0%B8%AD%E0%B8%87%E0%B8%AA%E0%B8%B0%E0%B8%AA%E0%B8%A1-%E0%B8%A1%E0%B8%B8%E0%B8%81%E0%B8%94%E0%B8%B2%E0%B8%AB%E0%B8%B2%E0%B8%A3,encoded,/บริการ/รับซื้อของสะสม,/บริการ/รับซื้อของสะสม,/บริการ/รับซื้อของสะสม,1,ASSUMED_200_PENDING_PROD,amphon.co.th,https,ASSUMED,ASSUMED,yes,yes,ok
/รับซื้อ/รับซื้อของสะสม-ยโสธร,unicode,/บริการ/รับซื้อของสะสม,/บริการ/รับซื้อของสะสม,/บริการ/รับซื้อของสะสม,1,ASSUMED_200_PENDING_PROD,amphon.co.th,https,ASSUMED,ASSUMED,yes,yes,ok
/%E0%B8%A3%E0%B8%B1%E0%B8%9A%E0%B8%8B%E0%B8%B7%E0%B9%89%E0%B8%AD/%E0%B8%A3%E0%B8%B1%E0%B8%9A%E0%B8%8B%E0%B8%B7%E0%B9%89%E0%B8%AD%E0%B8%82%E0%B8%AD%E0%B8%87%E0%B8%AA%E0%B8%B0%E0%B8%AA%E0%B8%A1-%E0%B8%A2%E0%B9%82%E0%B8%AA%E0%B8%98%E0%B8%A3,encoded,/บริการ/รับซื้อของสะสม,/บริการ/รับซื้อของสะสม,/บริการ/รับซื้อของสะสม,1,ASSUMED_200_PENDING_PROD,amphon.co.th,https,ASSUMED,ASSUMED,yes,yes,ok
/รับซื้อ/รับซื้อของสะสม-ร้อยเอ็ด,unicode,/บริการ/รับซื้อของสะสม,/บริการ/รับซื้อของสะสม,/บริการ/รับซื้อของสะสม,1,ASSUMED_200_PENDING_PROD,amphon.co.th,https,ASSUMED,ASSUMED,yes,yes,ok
/%E0%B8%A3%E0%B8%B1%E0%B8%9A%E0%B8%8B%E0%B8%B7%E0%B9%89%E0%B8%AD/%E0%B8%A3%E0%B8%B1%E0%B8%9A%E0%B8%8B%E0%B8%B7%E0%B9%89%E0%B8%AD%E0%B8%82%E0%B8%AD%E0%B8%87%E0%B8%AA%E0%B8%B0%E0%B8%AA%E0%B8%A1-%E0%B8%A3%E0%B9%89%E0%B8%AD%E0%B8%A2%E0%B9%80%E0%B8%AD%E0%B9%87%E0%B8%94,encoded,/บริการ/รับซื้อของสะสม,/บริการ/รับซื้อของสะสม,/บริการ/รับซื้อของสะสม,1,ASSUMED_200_PENDING_PROD,amphon.co.th,https,ASSUMED,ASSUMED,yes,yes,ok
/รับซื้อ/รับซื้อของสะสม-เลย,unicode,/บริการ/รับซื้อของสะสม,/บริการ/รับซื้อของสะสม,/บริการ/รับซื้อของสะสม,1,ASSUMED_200_PENDING_PROD,amphon.co.th,https,ASSUMED,ASSUMED,yes,yes,ok
/%E0%B8%A3%E0%B8%B1%E0%B8%9A%E0%B8%8B%E0%B8%B7%E0%B9%89%E0%B8%AD/%E0%B8%A3%E0%B8%B1%E0%B8%9A%E0%B8%8B%E0%B8%B7%E0%B9%89%E0%B8%AD%E0%B8%82%E0%B8%AD%E0%B8%87%E0%B8%AA%E0%B8%B0%E0%B8%AA%E0%B8%A1-%E0%B9%80%E0%B8%A5%E0%B8%A2,encoded,/บริการ/รับซื้อของสะสม,/บริการ/รับซื้อของสะสม,/บริการ/รับซื้อของสะสม,1,ASSUMED_200_PENDING_PROD,amphon.co.th,https,ASSUMED,ASSUMED,yes,yes,ok
/รับซื้อ/รับซื้อของสะสม-ศรีสะเกษ,unicode,/บริการ/รับซื้อของสะสม,/บริการ/รับซื้อของสะสม,/บริการ/รับซื้อของสะสม,1,ASSUMED_200_PENDING_PROD,amphon.co.th,https,ASSUMED,ASSUMED,yes,yes,ok
/%E0%B8%A3%E0%B8%B1%E0%B8%9A%E0%B8%8B%E0%B8%B7%E0%B9%89%E0%B8%AD/%E0%B8%A3%E0%B8%B1%E0%B8%9A%E0%B8%8B%E0%B8%B7%E0%B9%89%E0%B8%AD%E0%B8%82%E0%B8%AD%E0%B8%87%E0%B8%AA%E0%B8%B0%E0%B8%AA%E0%B8%A1-%E0%B8%A8%E0%B8%A3%E0%B8%B5%E0%B8%AA%E0%B8%B0%E0%B9%80%E0%B8%81%E0%B8%A9,encoded,/บริการ/รับซื้อของสะสม,/บริการ/รับซื้อของสะสม,/บริการ/รับซื้อของสะสม,1,ASSUMED_200_PENDING_PROD,amphon.co.th,https,ASSUMED,ASSUMED,yes,yes,ok
/รับซื้อ/รับซื้อของสะสม-สกลนคร,unicode,/บริการ/รับซื้อของสะสม,/บริการ/รับซื้อของสะสม,/บริการ/รับซื้อของสะสม,1,ASSUMED_200_PENDING_PROD,amphon.co.th,https,ASSUMED,ASSUMED,yes,yes,ok
/%E0%B8%A3%E0%B8%B1%E0%B8%9A%E0%B8%8B%E0%B8%B7%E0%B9%89%E0%B8%AD/%E0%B8%A3%E0%B8%B1%E0%B8%9A%E0%B8%8B%E0%B8%B7%E0%B9%89%E0%B8%AD%E0%B8%82%E0%B8%AD%E0%B8%87%E0%B8%AA%E0%B8%B0%E0%B8%AA%E0%B8%A1-%E0%B8%AA%E0%B8%81%E0%B8%A5%E0%B8%99%E0%B8%84%E0%B8%A3,encoded,/บริการ/รับซื้อของสะสม,/บริการ/รับซื้อของสะสม,/บริการ/รับซื้อของสะสม,1,ASSUMED_200_PENDING_PROD,amphon.co.th,https,ASSUMED,ASSUMED,yes,yes,ok
/รับซื้อ/รับซื้อของสะสม-สุรินทร์,unicode,/บริการ/รับซื้อของสะสม,/บริการ/รับซื้อของสะสม,/บริการ/รับซื้อของสะสม,1,ASSUMED_200_PENDING_PROD,amphon.co.th,https,ASSUMED,ASSUMED,yes,yes,ok
/%E0%B8%A3%E0%B8%B1%E0%B8%9A%E0%B8%8B%E0%B8%B7%E0%B9%89%E0%B8%AD/%E0%B8%A3%E0%B8%B1%E0%B8%9A%E0%B8%8B%E0%B8%B7%E0%B9%89%E0%B8%AD%E0%B8%82%E0%B8%AD%E0%B8%87%E0%B8%AA%E0%B8%B0%E0%B8%AA%E0%B8%A1-%E0%B8%AA%E0%B8%B8%E0%B8%A3%E0%B8%B4%E0%B8%99%E0%B8%97%E0%B8%A3%E0%B9%8C,encoded,/บริการ/รับซื้อของสะสม,/บริการ/รับซื้อของสะสม,/บริการ/รับซื้อของสะสม,1,ASSUMED_200_PENDING_PROD,amphon.co.th,https,ASSUMED,ASSUMED,yes,yes,ok
/รับซื้อ/รับซื้อของสะสม-หนองคาย,unicode,/บริการ/รับซื้อของสะสม,/บริการ/รับซื้อของสะสม,/บริการ/รับซื้อของสะสม,1,ASSUMED_200_PENDING_PROD,amphon.co.th,https,ASSUMED,ASSUMED,yes,yes,ok
/%E0%B8%A3%E0%B8%B1%E0%B8%9A%E0%B8%8B%E0%B8%B7%E0%B9%89%E0%B8%AD/%E0%B8%A3%E0%B8%B1%E0%B8%9A%E0%B8%8B%E0%B8%B7%E0%B9%89%E0%B8%AD%E0%B8%82%E0%B8%AD%E0%B8%87%E0%B8%AA%E0%B8%B0%E0%B8%AA%E0%B8%A1-%E0%B8%AB%E0%B8%99%E0%B8%AD%E0%B8%87%E0%B8%84%E0%B8%B2%E0%B8%A2,encoded,/บริการ/รับซื้อของสะสม,/บริการ/รับซื้อของสะสม,/บริการ/รับซื้อของสะสม,1,ASSUMED_200_PENDING_PROD,amphon.co.th,https,ASSUMED,ASSUMED,yes,yes,ok
/รับซื้อ/รับซื้อของสะสม-หนองบัวลำภู,unicode,/บริการ/รับซื้อของสะสม,/บริการ/รับซื้อของสะสม,/บริการ/รับซื้อของสะสม,1,ASSUMED_200_PENDING_PROD,amphon.co.th,https,ASSUMED,ASSUMED,yes,yes,ok
/%E0%B8%A3%E0%B8%B1%E0%B8%9A%E0%B8%8B%E0%B8%B7%E0%B9%89%E0%B8%AD/%E0%B8%A3%E0%B8%B1%E0%B8%9A%E0%B8%8B%E0%B8%B7%E0%B9%89%E0%B8%AD%E0%B8%82%E0%B8%AD%E0%B8%87%E0%B8%AA%E0%B8%B0%E0%B8%AA%E0%B8%A1-%E0%B8%AB%E0%B8%99%E0%B8%AD%E0%B8%87%E0%B8%9A%E0%B8%B1%E0%B8%A7%E0%B8%A5%E0%B8%B3%E0%B8%A0%E0%B8%B9,encoded,/บริการ/รับซื้อของสะสม,/บริการ/รับซื้อของสะสม,/บริการ/รับซื้อของสะสม,1,ASSUMED_200_PENDING_PROD,amphon.co.th,https,ASSUMED,ASSUMED,yes,yes,ok
/รับซื้อ/รับซื้อของสะสม-อำนาจเจริญ,unicode,/บริการ/รับซื้อของสะสม,/บริการ/รับซื้อของสะสม,/บริการ/รับซื้อของสะสม,1,ASSUMED_200_PENDING_PROD,amphon.co.th,https,ASSUMED,ASSUMED,yes,yes,ok
/%E0%B8%A3%E0%B8%B1%E0%B8%9A%E0%B8%8B%E0%B8%B7%E0%B9%89%E0%B8%AD/%E0%B8%A3%E0%B8%B1%E0%B8%9A%E0%B8%8B%E0%B8%B7%E0%B9%89%E0%B8%AD%E0%B8%82%E0%B8%AD%E0%B8%87%E0%B8%AA%E0%B8%B0%E0%B8%AA%E0%B8%A1-%E0%B8%AD%E0%B8%B3%E0%B8%99%E0%B8%B2%E0%B8%88%E0%B9%80%E0%B8%88%E0%B8%A3%E0%B8%B4%E0%B8%8D,encoded,/บริการ/รับซื้อของสะสม,/บริการ/รับซื้อของสะสม,/บริการ/รับซื้อของสะสม,1,ASSUMED_200_PENDING_PROD,amphon.co.th,https,ASSUMED,ASSUMED,yes,yes,ok
/รับซื้อ/รับซื้อของสะสม-อุดรธานี,unicode,/บริการ/รับซื้อของสะสม,/บริการ/รับซื้อของสะสม,/บริการ/รับซื้อของสะสม,1,ASSUMED_200_PENDING_PROD,amphon.co.th,https,ASSUMED,ASSUMED,yes,yes,ok
/%E0%B8%A3%E0%B8%B1%E0%B8%9A%E0%B8%8B%E0%B8%B7%E0%B9%89%E0%B8%AD/%E0%B8%A3%E0%B8%B1%E0%B8%9A%E0%B8%8B%E0%B8%B7%E0%B9%89%E0%B8%AD%E0%B8%82%E0%B8%AD%E0%B8%87%E0%B8%AA%E0%B8%B0%E0%B8%AA%E0%B8%A1-%E0%B8%AD%E0%B8%B8%E0%B8%94%E0%B8%A3%E0%B8%98%E0%B8%B2%E0%B8%99%E0%B8%B5,encoded,/บริการ/รับซื้อของสะสม,/บริการ/รับซื้อของสะสม,/บริการ/รับซื้อของสะสม,1,ASSUMED_200_PENDING_PROD,amphon.co.th,https,ASSUMED,ASSUMED,yes,yes,ok
/:path+/,ascii,/:path+,,/:path+,0,ASSUMED_200_PENDING_PROD,amphon.co.th,https,ASSUMED,ASSUMED,yes,yes,ok
