rule_id,source,destination,status_code,permanent,host_condition,query_preserved,unicode_source,encoded_source,external,source_file,rule_order,active,notes
R0001,/บริการ/รับซื้อ-gopro,/บริการ/รับซื้อ-gopro-action-camera,308,true,,default-false,unicode,no,no,vercel.json,1,yes,
R0002,/%E0%B8%9A%E0%B8%A3%E0%B8%B4%E0%B8%81%E0%B8%B2%E0%B8%A3/%E0%B8%A3%E0%B8%B1%E0%B8%9A%E0%B8%8B%E0%B8%B7%E0%B9%89%E0%B8%AD-gopro,/บริการ/รับซื้อ-gopro-action-camera,308,true,,default-false,encoded,yes,no,vercel.json,2,yes,
R0003,/blog/how-to-reset-playstation,/blog,308,true,,default-false,ascii,no,no,vercel.json,3,yes,
R0004,/blog/check-nintendo-joycon,/blog,308,true,,default-false,ascii,no,no,vercel.json,4,yes,
R0005,/บริการ/รับซื้อโน๊ตบุ๊คเปิดไม่ติด/,/บริการ/รับซื้อโน๊ตบุ๊คเปิดไม่ติด,308,true,,default-false,unicode,no,no,vercel.json,5,yes,
R0006,/บริการ/รับซื้อเลนส์,/บริการ/รับซื้อเลนส์กล้อง,308,true,,default-false,unicode,no,no,vercel.json,6,yes,
R0007,/%E0%B8%9A%E0%B8%A3%E0%B8%B4%E0%B8%81%E0%B8%B2%E0%B8%A3/%E0%B8%A3%E0%B8%B1%E0%B8%9A%E0%B8%8B%E0%B8%B7%E0%B9%89%E0%B8%AD%E0%B9%80%E0%B8%A5%E0%B8%99%E0%B8%AA%E0%B9%8C,/บริการ/รับซื้อเลนส์กล้อง,308,true,,default-false,encoded,yes,no,vercel.json,7,yes,
R0008,/บริการ/รับซื้อ-hdd,/บริการ/รับซื้อ-ssd,308,true,,default-false,unicode,no,no,vercel.json,8,yes,
R0009,/%E0%B8%9A%E0%B8%A3%E0%B8%B4%E0%B8%81%E0%B8%B2%E0%B8%A3/%E0%B8%A3%E0%B8%B1%E0%B8%9A%E0%B8%8B%E0%B8%B7%E0%B9%89%E0%B8%AD-hdd,/บริการ/รับซื้อ-ssd,308,true,,default-false,encoded,yes,no,vercel.json,9,yes,
R0010,/บริการ/รับซื้อ-storage-nas,/บริการ/รับซื้อ-nas,308,true,,default-false,unicode,no,no,vercel.json,10,yes,
R0011,/%E0%B8%9A%E0%B8%A3%E0%B8%B4%E0%B8%81%E0%B8%B2%E0%B8%A3/%E0%B8%A3%E0%B8%B1%E0%B8%9A%E0%B8%8B%E0%B8%B7%E0%B9%89%E0%B8%AD-storage-nas,/บริการ/รับซื้อ-nas,308,true,,default-false,encoded,yes,no,vercel.json,11,yes,
R0012,/รับซื้อ/รับซื้อ-hdd,/บริการ/รับซื้อ-ssd,308,true,,default-false,unicode,no,no,vercel.json,12,yes,
R0013,/%E0%B8%A3%E0%B8%B1%E0%B8%9A%E0%B8%8B%E0%B8%B7%E0%B9%89%E0%B8%AD/%E0%B8%A3%E0%B8%B1%E0%B8%9A%E0%B8%8B%E0%B8%B7%E0%B9%89%E0%B8%AD-hdd,/บริการ/รับซื้อ-ssd,308,true,,default-false,encoded,yes,no,vercel.json,13,yes,
R0014,/รับซื้อ/รับซื้อ-gopro,/บริการ/รับซื้อ-gopro-action-camera,308,true,,default-false,unicode,no,no,vercel.json,14,yes,
R0015,/%E0%B8%A3%E0%B8%B1%E0%B8%9A%E0%B8%8B%E0%B8%B7%E0%B9%89%E0%B8%AD/%E0%B8%A3%E0%B8%B1%E0%B8%9A%E0%B8%8B%E0%B8%B7%E0%B9%89%E0%B8%AD-gopro,/บริการ/รับซื้อ-gopro-action-camera,308,true,,default-false,encoded,yes,no,vercel.json,15,yes,
R0016,/รับซื้อ/รับซื้อเลนส์,/บริการ/รับซื้อเลนส์กล้อง,308,true,,default-false,unicode,no,no,vercel.json,16,yes,
R0017,/%E0%B8%A3%E0%B8%B1%E0%B8%9A%E0%B8%8B%E0%B8%B7%E0%B9%89%E0%B8%AD/%E0%B8%A3%E0%B8%B1%E0%B8%9A%E0%B8%8B%E0%B8%B7%E0%B9%89%E0%B8%AD%E0%B9%80%E0%B8%A5%E0%B8%99%E0%B8%AA%E0%B9%8C,/บริการ/รับซื้อเลนส์กล้อง,308,true,,default-false,encoded,yes,no,vercel.json,17,yes,
R0018,/รับซื้อ/รับซื้อ-storage-nas,/บริการ/รับซื้อ-nas,308,true,,default-false,unicode,no,no,vercel.json,18,yes,
R0019,/%E0%B8%A3%E0%B8%B1%E0%B8%9A%E0%B8%8B%E0%B8%B7%E0%B9%89%E0%B8%AD/%E0%B8%A3%E0%B8%B1%E0%B8%9A%E0%B8%8B%E0%B8%B7%E0%B9%89%E0%B8%AD-storage-nas,/บริการ/รับซื้อ-nas,308,true,,default-false,encoded,yes,no,vercel.json,19,yes,
R0020,/รับซื้อ,/รับซื้อสินค้าไอที,308,true,,default-false,unicode,no,no,vercel.json,20,yes,
R0021,/%E0%B8%A3%E0%B8%B1%E0%B8%9A%E0%B8%8B%E0%B8%B7%E0%B9%89%E0%B8%AD,/รับซื้อสินค้าไอที,308,true,,default-false,encoded,yes,no,vercel.json,21,yes,
R0022,/บริการ/รับซื้อสินค้าไอที,/รับซื้อสินค้าไอที,308,true,,default-false,unicode,no,no,vercel.json,22,yes,
R0023,/%E0%B8%9A%E0%B8%A3%E0%B8%B4%E0%B8%81%E0%B8%B2%E0%B8%A3/%E0%B8%A3%E0%B8%B1%E0%B8%9A%E0%B8%8B%E0%B8%B7%E0%B9%89%E0%B8%AD%E0%B8%AA%E0%B8%B4%E0%B8%99%E0%B8%84%E0%B9%89%E0%B8%B2%E0%B9%84%E0%B8%AD%E0%B8%97%E0%B8%B5,/รับซื้อสินค้าไอที,308,true,,default-false,encoded,yes,no,vercel.json,23,yes,
R0024,/รับซื้อ/รับซื้อ-hdd-กาฬสินธุ์,/รับซื้อ/รับซื้อ-ssd-กาฬสินธุ์,308,true,,default-false,unicode,no,no,vercel.json,24,yes,
R0025,/%E0%B8%A3%E0%B8%B1%E0%B8%9A%E0%B8%8B%E0%B8%B7%E0%B9%89%E0%B8%AD/%E0%B8%A3%E0%B8%B1%E0%B8%9A%E0%B8%8B%E0%B8%B7%E0%B9%89%E0%B8%AD-hdd-%E0%B8%81%E0%B8%B2%E0%B8%AC%E0%B8%AA%E0%B8%B4%E0%B8%99%E0%B8%98%E0%B8%B8%E0%B9%8C,/รับซื้อ/รับซื้อ-ssd-กาฬสินธุ์,308,true,,default-false,encoded,yes,no,vercel.json,25,yes,
R0026,/รับซื้อ/รับซื้อ-gopro-กาฬสินธุ์,/บริการ/รับซื้อ-gopro-action-camera,308,true,,default-false,unicode,no,no,vercel.json,26,yes,
R0027,/%E0%B8%A3%E0%B8%B1%E0%B8%9A%E0%B8%8B%E0%B8%B7%E0%B9%89%E0%B8%AD/%E0%B8%A3%E0%B8%B1%E0%B8%9A%E0%B8%8B%E0%B8%B7%E0%B9%89%E0%B8%AD-gopro-%E0%B8%81%E0%B8%B2%E0%B8%AC%E0%B8%AA%E0%B8%B4%E0%B8%99%E0%B8%98%E0%B8%B8%E0%B9%8C,/บริการ/รับซื้อ-gopro-action-camera,308,true,,default-false,encoded,yes,no,vercel.json,27,yes,
R0028,/รับซื้อ/รับซื้อเลนส์-กาฬสินธุ์,/บริการ/รับซื้อเลนส์กล้อง,308,true,,default-false,unicode,no,no,vercel.json,28,yes,
R0029,/%E0%B8%A3%E0%B8%B1%E0%B8%9A%E0%B8%8B%E0%B8%B7%E0%B9%89%E0%B8%AD/%E0%B8%A3%E0%B8%B1%E0%B8%9A%E0%B8%8B%E0%B8%B7%E0%B9%89%E0%B8%AD%E0%B9%80%E0%B8%A5%E0%B8%99%E0%B8%AA%E0%B9%8C-%E0%B8%81%E0%B8%B2%E0%B8%AC%E0%B8%AA%E0%B8%B4%E0%B8%99%E0%B8%98%E0%B8%B8%E0%B9%8C,/บริการ/รับซื้อเลนส์กล้อง,308,true,,default-false,encoded,yes,no,vercel.json,29,yes,
R0030,/รับซื้อ/รับซื้อ-storage-nas-กาฬสินธุ์,/บริการ/รับซื้อ-nas,308,true,,default-false,unicode,no,no,vercel.json,30,yes,
R0031,/%E0%B8%A3%E0%B8%B1%E0%B8%9A%E0%B8%8B%E0%B8%B7%E0%B9%89%E0%B8%AD/%E0%B8%A3%E0%B8%B1%E0%B8%9A%E0%B8%8B%E0%B8%B7%E0%B9%89%E0%B8%AD-storage-nas-%E0%B8%81%E0%B8%B2%E0%B8%AC%E0%B8%AA%E0%B8%B4%E0%B8%99%E0%B8%98%E0%B8%B8%E0%B9%8C,/บริการ/รับซื้อ-nas,308,true,,default-false,encoded,yes,no,vercel.json,31,yes,
R0032,/รับซื้อ/รับซื้อ-hdd-ขอนแก่น,/รับซื้อ/รับซื้อ-ssd-ขอนแก่น,308,true,,default-false,unicode,no,no,vercel.json,32,yes,
R0033,/%E0%B8%A3%E0%B8%B1%E0%B8%9A%E0%B8%8B%E0%B8%B7%E0%B9%89%E0%B8%AD/%E0%B8%A3%E0%B8%B1%E0%B8%9A%E0%B8%8B%E0%B8%B7%E0%B9%89%E0%B8%AD-hdd-%E0%B8%82%E0%B8%AD%E0%B8%99%E0%B9%81%E0%B8%81%E0%B9%88%E0%B8%99,/รับซื้อ/รับซื้อ-ssd-ขอนแก่น,308,true,,default-false,encoded,yes,no,vercel.json,33,yes,
R0034,/รับซื้อ/รับซื้อ-gopro-ขอนแก่น,/บริการ/รับซื้อ-gopro-action-camera,308,true,,default-false,unicode,no,no,vercel.json,34,yes,
R0035,/%E0%B8%A3%E0%B8%B1%E0%B8%9A%E0%B8%8B%E0%B8%B7%E0%B9%89%E0%B8%AD/%E0%B8%A3%E0%B8%B1%E0%B8%9A%E0%B8%8B%E0%B8%B7%E0%B9%89%E0%B8%AD-gopro-%E0%B8%82%E0%B8%AD%E0%B8%99%E0%B9%81%E0%B8%81%E0%B9%88%E0%B8%99,/บริการ/รับซื้อ-gopro-action-camera,308,true,,default-false,encoded,yes,no,vercel.json,35,yes,
R0036,/รับซื้อ/รับซื้อเลนส์-ขอนแก่น,/บริการ/รับซื้อเลนส์กล้อง,308,true,,default-false,unicode,no,no,vercel.json,36,yes,
R0037,/%E0%B8%A3%E0%B8%B1%E0%B8%9A%E0%B8%8B%E0%B8%B7%E0%B9%89%E0%B8%AD/%E0%B8%A3%E0%B8%B1%E0%B8%9A%E0%B8%8B%E0%B8%B7%E0%B9%89%E0%B8%AD%E0%B9%80%E0%B8%A5%E0%B8%99%E0%B8%AA%E0%B9%8C-%E0%B8%82%E0%B8%AD%E0%B8%99%E0%B9%81%E0%B8%81%E0%B9%88%E0%B8%99,/บริการ/รับซื้อเลนส์กล้อง,308,true,,default-false,encoded,yes,no,vercel.json,37,yes,
R0038,/รับซื้อ/รับซื้อ-storage-nas-ขอนแก่น,/บริการ/รับซื้อ-nas,308,true,,default-false,unicode,no,no,vercel.json,38,yes,
R0039,/%E0%B8%A3%E0%B8%B1%E0%B8%9A%E0%B8%8B%E0%B8%B7%E0%B9%89%E0%B8%AD/%E0%B8%A3%E0%B8%B1%E0%B8%9A%E0%B8%8B%E0%B8%B7%E0%B9%89%E0%B8%AD-storage-nas-%E0%B8%82%E0%B8%AD%E0%B8%99%E0%B9%81%E0%B8%81%E0%B9%88%E0%B8%99,/บริการ/รับซื้อ-nas,308,true,,default-false,encoded,yes,no,vercel.json,39,yes,
R0040,/รับซื้อ/รับซื้อ-hdd-ชัยภูมิ,/รับซื้อ/รับซื้อ-ssd-ชัยภูมิ,308,true,,default-false,unicode,no,no,vercel.json,40,yes,
R0041,/%E0%B8%A3%E0%B8%B1%E0%B8%9A%E0%B8%8B%E0%B8%B7%E0%B9%89%E0%B8%AD/%E0%B8%A3%E0%B8%B1%E0%B8%9A%E0%B8%8B%E0%B8%B7%E0%B9%89%E0%B8%AD-hdd-%E0%B8%8A%E0%B8%B1%E0%B8%A2%E0%B8%A0%E0%B8%B9%E0%B8%A1%E0%B8%B4,/รับซื้อ/รับซื้อ-ssd-ชัยภูมิ,308,true,,default-false,encoded,yes,no,vercel.json,41,yes,
R0042,/รับซื้อ/รับซื้อ-gopro-ชัยภูมิ,/บริการ/รับซื้อ-gopro-action-camera,308,true,,default-false,unicode,no,no,vercel.json,42,yes,
R0043,/%E0%B8%A3%E0%B8%B1%E0%B8%9A%E0%B8%8B%E0%B8%B7%E0%B9%89%E0%B8%AD/%E0%B8%A3%E0%B8%B1%E0%B8%9A%E0%B8%8B%E0%B8%B7%E0%B9%89%E0%B8%AD-gopro-%E0%B8%8A%E0%B8%B1%E0%B8%A2%E0%B8%A0%E0%B8%B9%E0%B8%A1%E0%B8%B4,/บริการ/รับซื้อ-gopro-action-camera,308,true,,default-false,encoded,yes,no,vercel.json,43,yes,
R0044,/รับซื้อ/รับซื้อเลนส์-ชัยภูมิ,/บริการ/รับซื้อเลนส์กล้อง,308,true,,default-false,unicode,no,no,vercel.json,44,yes,
R0045,/%E0%B8%A3%E0%B8%B1%E0%B8%9A%E0%B8%8B%E0%B8%B7%E0%B9%89%E0%B8%AD/%E0%B8%A3%E0%B8%B1%E0%B8%9A%E0%B8%8B%E0%B8%B7%E0%B9%89%E0%B8%AD%E0%B9%80%E0%B8%A5%E0%B8%99%E0%B8%AA%E0%B9%8C-%E0%B8%8A%E0%B8%B1%E0%B8%A2%E0%B8%A0%E0%B8%B9%E0%B8%A1%E0%B8%B4,/บริการ/รับซื้อเลนส์กล้อง,308,true,,default-false,encoded,yes,no,vercel.json,45,yes,
R0046,/รับซื้อ/รับซื้อ-storage-nas-ชัยภูมิ,/บริการ/รับซื้อ-nas,308,true,,default-false,unicode,no,no,vercel.json,46,yes,
R0047,/%E0%B8%A3%E0%B8%B1%E0%B8%9A%E0%B8%8B%E0%B8%B7%E0%B9%89%E0%B8%AD/%E0%B8%A3%E0%B8%B1%E0%B8%9A%E0%B8%8B%E0%B8%B7%E0%B9%89%E0%B8%AD-storage-nas-%E0%B8%8A%E0%B8%B1%E0%B8%A2%E0%B8%A0%E0%B8%B9%E0%B8%A1%E0%B8%B4,/บริการ/รับซื้อ-nas,308,true,,default-false,encoded,yes,no,vercel.json,47,yes,
R0048,/รับซื้อ/รับซื้อ-hdd-นครพนม,/รับซื้อ/รับซื้อ-ssd-นครพนม,308,true,,default-false,unicode,no,no,vercel.json,48,yes,
R0049,/%E0%B8%A3%E0%B8%B1%E0%B8%9A%E0%B8%8B%E0%B8%B7%E0%B9%89%E0%B8%AD/%E0%B8%A3%E0%B8%B1%E0%B8%9A%E0%B8%8B%E0%B8%B7%E0%B9%89%E0%B8%AD-hdd-%E0%B8%99%E0%B8%84%E0%B8%A3%E0%B8%9E%E0%B8%99%E0%B8%A1,/รับซื้อ/รับซื้อ-ssd-นครพนม,308,true,,default-false,encoded,yes,no,vercel.json,49,yes,
R0050,/รับซื้อ/รับซื้อ-gopro-นครพนม,/บริการ/รับซื้อ-gopro-action-camera,308,true,,default-false,unicode,no,no,vercel.json,50,yes,
R0051,/%E0%B8%A3%E0%B8%B1%E0%B8%9A%E0%B8%8B%E0%B8%B7%E0%B9%89%E0%B8%AD/%E0%B8%A3%E0%B8%B1%E0%B8%9A%E0%B8%8B%E0%B8%B7%E0%B9%89%E0%B8%AD-gopro-%E0%B8%99%E0%B8%84%E0%B8%A3%E0%B8%9E%E0%B8%99%E0%B8%A1,/บริการ/รับซื้อ-gopro-action-camera,308,true,,default-false,encoded,yes,no,vercel.json,51,yes,
R0052,/รับซื้อ/รับซื้อเลนส์-นครพนม,/บริการ/รับซื้อเลนส์กล้อง,308,true,,default-false,unicode,no,no,vercel.json,52,yes,
R0053,/%E0%B8%A3%E0%B8%B1%E0%B8%9A%E0%B8%8B%E0%B8%B7%E0%B9%89%E0%B8%AD/%E0%B8%A3%E0%B8%B1%E0%B8%9A%E0%B8%8B%E0%B8%B7%E0%B9%89%E0%B8%AD%E0%B9%80%E0%B8%A5%E0%B8%99%E0%B8%AA%E0%B9%8C-%E0%B8%99%E0%B8%84%E0%B8%A3%E0%B8%9E%E0%B8%99%E0%B8%A1,/บริการ/รับซื้อเลนส์กล้อง,308,true,,default-false,encoded,yes,no,vercel.json,53,yes,
R0054,/รับซื้อ/รับซื้อ-storage-nas-นครพนม,/บริการ/รับซื้อ-nas,308,true,,default-false,unicode,no,no,vercel.json,54,yes,
R0055,/%E0%B8%A3%E0%B8%B1%E0%B8%9A%E0%B8%8B%E0%B8%B7%E0%B9%89%E0%B8%AD/%E0%B8%A3%E0%B8%B1%E0%B8%9A%E0%B8%8B%E0%B8%B7%E0%B9%89%E0%B8%AD-storage-nas-%E0%B8%99%E0%B8%84%E0%B8%A3%E0%B8%9E%E0%B8%99%E0%B8%A1,/บริการ/รับซื้อ-nas,308,true,,default-false,encoded,yes,no,vercel.json,55,yes,
R0056,/รับซื้อ/รับซื้อ-hdd-นครราชสีมา,/รับซื้อ/รับซื้อ-ssd-นครราชสีมา,308,true,,default-false,unicode,no,no,vercel.json,56,yes,
R0057,/%E0%B8%A3%E0%B8%B1%E0%B8%9A%E0%B8%8B%E0%B8%B7%E0%B9%89%E0%B8%AD/%E0%B8%A3%E0%B8%B1%E0%B8%9A%E0%B8%8B%E0%B8%B7%E0%B9%89%E0%B8%AD-hdd-%E0%B8%99%E0%B8%84%E0%B8%A3%E0%B8%A3%E0%B8%B2%E0%B8%8A%E0%B8%AA%E0%B8%B5%E0%B8%A1%E0%B8%B2,/รับซื้อ/รับซื้อ-ssd-นครราชสีมา,308,true,,default-false,encoded,yes,no,vercel.json,57,yes,
R0058,/รับซื้อ/รับซื้อ-gopro-นครราชสีมา,/บริการ/รับซื้อ-gopro-action-camera,308,true,,default-false,unicode,no,no,vercel.json,58,yes,
R0059,/%E0%B8%A3%E0%B8%B1%E0%B8%9A%E0%B8%8B%E0%B8%B7%E0%B9%89%E0%B8%AD/%E0%B8%A3%E0%B8%B1%E0%B8%9A%E0%B8%8B%E0%B8%B7%E0%B9%89%E0%B8%AD-gopro-%E0%B8%99%E0%B8%84%E0%B8%A3%E0%B8%A3%E0%B8%B2%E0%B8%8A%E0%B8%AA%E0%B8%B5%E0%B8%A1%E0%B8%B2,/บริการ/รับซื้อ-gopro-action-camera,308,true,,default-false,encoded,yes,no,vercel.json,59,yes,
R0060,/รับซื้อ/รับซื้อเลนส์-นครราชสีมา,/บริการ/รับซื้อเลนส์กล้อง,308,true,,default-false,unicode,no,no,vercel.json,60,yes,
R0061,/%E0%B8%A3%E0%B8%B1%E0%B8%9A%E0%B8%8B%E0%B8%B7%E0%B9%89%E0%B8%AD/%E0%B8%A3%E0%B8%B1%E0%B8%9A%E0%B8%8B%E0%B8%B7%E0%B9%89%E0%B8%AD%E0%B9%80%E0%B8%A5%E0%B8%99%E0%B8%AA%E0%B9%8C-%E0%B8%99%E0%B8%84%E0%B8%A3%E0%B8%A3%E0%B8%B2%E0%B8%8A%E0%B8%AA%E0%B8%B5%E0%B8%A1%E0%B8%B2,/บริการ/รับซื้อเลนส์กล้อง,308,true,,default-false,encoded,yes,no,vercel.json,61,yes,
R0062,/รับซื้อ/รับซื้อ-storage-nas-นครราชสีมา,/บริการ/รับซื้อ-nas,308,true,,default-false,unicode,no,no,vercel.json,62,yes,
R0063,/%E0%B8%A3%E0%B8%B1%E0%B8%9A%E0%B8%8B%E0%B8%B7%E0%B9%89%E0%B8%AD/%E0%B8%A3%E0%B8%B1%E0%B8%9A%E0%B8%8B%E0%B8%B7%E0%B9%89%E0%B8%AD-storage-nas-%E0%B8%99%E0%B8%84%E0%B8%A3%E0%B8%A3%E0%B8%B2%E0%B8%8A%E0%B8%AA%E0%B8%B5%E0%B8%A1%E0%B8%B2,/บริการ/รับซื้อ-nas,308,true,,default-false,encoded,yes,no,vercel.json,63,yes,
R0064,/รับซื้อ/รับซื้อ-hdd-บึงกาฬ,/รับซื้อ/รับซื้อ-ssd-บึงกาฬ,308,true,,default-false,unicode,no,no,vercel.json,64,yes,
R0065,/%E0%B8%A3%E0%B8%B1%E0%B8%9A%E0%B8%8B%E0%B8%B7%E0%B9%89%E0%B8%AD/%E0%B8%A3%E0%B8%B1%E0%B8%9A%E0%B8%8B%E0%B8%B7%E0%B9%89%E0%B8%AD-hdd-%E0%B8%9A%E0%B8%B6%E0%B8%87%E0%B8%81%E0%B8%B2%E0%B8%AC,/รับซื้อ/รับซื้อ-ssd-บึงกาฬ,308,true,,default-false,encoded,yes,no,vercel.json,65,yes,
R0066,/รับซื้อ/รับซื้อ-gopro-บึงกาฬ,/บริการ/รับซื้อ-gopro-action-camera,308,true,,default-false,unicode,no,no,vercel.json,66,yes,
R0067,/%E0%B8%A3%E0%B8%B1%E0%B8%9A%E0%B8%8B%E0%B8%B7%E0%B9%89%E0%B8%AD/%E0%B8%A3%E0%B8%B1%E0%B8%9A%E0%B8%8B%E0%B8%B7%E0%B9%89%E0%B8%AD-gopro-%E0%B8%9A%E0%B8%B6%E0%B8%87%E0%B8%81%E0%B8%B2%E0%B8%AC,/บริการ/รับซื้อ-gopro-action-camera,308,true,,default-false,encoded,yes,no,vercel.json,67,yes,
R0068,/รับซื้อ/รับซื้อเลนส์-บึงกาฬ,/บริการ/รับซื้อเลนส์กล้อง,308,true,,default-false,unicode,no,no,vercel.json,68,yes,
R0069,/%E0%B8%A3%E0%B8%B1%E0%B8%9A%E0%B8%8B%E0%B8%B7%E0%B9%89%E0%B8%AD/%E0%B8%A3%E0%B8%B1%E0%B8%9A%E0%B8%8B%E0%B8%B7%E0%B9%89%E0%B8%AD%E0%B9%80%E0%B8%A5%E0%B8%99%E0%B8%AA%E0%B9%8C-%E0%B8%9A%E0%B8%B6%E0%B8%87%E0%B8%81%E0%B8%B2%E0%B8%AC,/บริการ/รับซื้อเลนส์กล้อง,308,true,,default-false,encoded,yes,no,vercel.json,69,yes,
R0070,/รับซื้อ/รับซื้อ-storage-nas-บึงกาฬ,/บริการ/รับซื้อ-nas,308,true,,default-false,unicode,no,no,vercel.json,70,yes,
R0071,/%E0%B8%A3%E0%B8%B1%E0%B8%9A%E0%B8%8B%E0%B8%B7%E0%B9%89%E0%B8%AD/%E0%B8%A3%E0%B8%B1%E0%B8%9A%E0%B8%8B%E0%B8%B7%E0%B9%89%E0%B8%AD-storage-nas-%E0%B8%9A%E0%B8%B6%E0%B8%87%E0%B8%81%E0%B8%B2%E0%B8%AC,/บริการ/รับซื้อ-nas,308,true,,default-false,encoded,yes,no,vercel.json,71,yes,
R0072,/รับซื้อ/รับซื้อ-hdd-บุรีรัมย์,/รับซื้อ/รับซื้อ-ssd-บุรีรัมย์,308,true,,default-false,unicode,no,no,vercel.json,72,yes,
R0073,/%E0%B8%A3%E0%B8%B1%E0%B8%9A%E0%B8%8B%E0%B8%B7%E0%B9%89%E0%B8%AD/%E0%B8%A3%E0%B8%B1%E0%B8%9A%E0%B8%8B%E0%B8%B7%E0%B9%89%E0%B8%AD-hdd-%E0%B8%9A%E0%B8%B8%E0%B8%A3%E0%B8%B5%E0%B8%A3%E0%B8%B1%E0%B8%A1%E0%B8%A2%E0%B9%8C,/รับซื้อ/รับซื้อ-ssd-บุรีรัมย์,308,true,,default-false,encoded,yes,no,vercel.json,73,yes,
R0074,/รับซื้อ/รับซื้อ-gopro-บุรีรัมย์,/บริการ/รับซื้อ-gopro-action-camera,308,true,,default-false,unicode,no,no,vercel.json,74,yes,
R0075,/%E0%B8%A3%E0%B8%B1%E0%B8%9A%E0%B8%8B%E0%B8%B7%E0%B9%89%E0%B8%AD/%E0%B8%A3%E0%B8%B1%E0%B8%9A%E0%B8%8B%E0%B8%B7%E0%B9%89%E0%B8%AD-gopro-%E0%B8%9A%E0%B8%B8%E0%B8%A3%E0%B8%B5%E0%B8%A3%E0%B8%B1%E0%B8%A1%E0%B8%A2%E0%B9%8C,/บริการ/รับซื้อ-gopro-action-camera,308,true,,default-false,encoded,yes,no,vercel.json,75,yes,
R0076,/รับซื้อ/รับซื้อเลนส์-บุรีรัมย์,/บริการ/รับซื้อเลนส์กล้อง,308,true,,default-false,unicode,no,no,vercel.json,76,yes,
R0077,/%E0%B8%A3%E0%B8%B1%E0%B8%9A%E0%B8%8B%E0%B8%B7%E0%B9%89%E0%B8%AD/%E0%B8%A3%E0%B8%B1%E0%B8%9A%E0%B8%8B%E0%B8%B7%E0%B9%89%E0%B8%AD%E0%B9%80%E0%B8%A5%E0%B8%99%E0%B8%AA%E0%B9%8C-%E0%B8%9A%E0%B8%B8%E0%B8%A3%E0%B8%B5%E0%B8%A3%E0%B8%B1%E0%B8%A1%E0%B8%A2%E0%B9%8C,/บริการ/รับซื้อเลนส์กล้อง,308,true,,default-false,encoded,yes,no,vercel.json,77,yes,
R0078,/รับซื้อ/รับซื้อ-storage-nas-บุรีรัมย์,/บริการ/รับซื้อ-nas,308,true,,default-false,unicode,no,no,vercel.json,78,yes,
R0079,/%E0%B8%A3%E0%B8%B1%E0%B8%9A%E0%B8%8B%E0%B8%B7%E0%B9%89%E0%B8%AD/%E0%B8%A3%E0%B8%B1%E0%B8%9A%E0%B8%8B%E0%B8%B7%E0%B9%89%E0%B8%AD-storage-nas-%E0%B8%9A%E0%B8%B8%E0%B8%A3%E0%B8%B5%E0%B8%A3%E0%B8%B1%E0%B8%A1%E0%B8%A2%E0%B9%8C,/บริการ/รับซื้อ-nas,308,true,,default-false,encoded,yes,no,vercel.json,79,yes,
R0080,/รับซื้อ/รับซื้อ-hdd-มหาสารคาม,/รับซื้อ/รับซื้อ-ssd-มหาสารคาม,308,true,,default-false,unicode,no,no,vercel.json,80,yes,
R0081,/%E0%B8%A3%E0%B8%B1%E0%B8%9A%E0%B8%8B%E0%B8%B7%E0%B9%89%E0%B8%AD/%E0%B8%A3%E0%B8%B1%E0%B8%9A%E0%B8%8B%E0%B8%B7%E0%B9%89%E0%B8%AD-hdd-%E0%B8%A1%E0%B8%AB%E0%B8%B2%E0%B8%AA%E0%B8%B2%E0%B8%A3%E0%B8%84%E0%B8%B2%E0%B8%A1,/รับซื้อ/รับซื้อ-ssd-มหาสารคาม,308,true,,default-false,encoded,yes,no,vercel.json,81,yes,
R0082,/รับซื้อ/รับซื้อ-gopro-มหาสารคาม,/บริการ/รับซื้อ-gopro-action-camera,308,true,,default-false,unicode,no,no,vercel.json,82,yes,
R0083,/%E0%B8%A3%E0%B8%B1%E0%B8%9A%E0%B8%8B%E0%B8%B7%E0%B9%89%E0%B8%AD/%E0%B8%A3%E0%B8%B1%E0%B8%9A%E0%B8%8B%E0%B8%B7%E0%B9%89%E0%B8%AD-gopro-%E0%B8%A1%E0%B8%AB%E0%B8%B2%E0%B8%AA%E0%B8%B2%E0%B8%A3%E0%B8%84%E0%B8%B2%E0%B8%A1,/บริการ/รับซื้อ-gopro-action-camera,308,true,,default-false,encoded,yes,no,vercel.json,83,yes,
R0084,/รับซื้อ/รับซื้อเลนส์-มหาสารคาม,/บริการ/รับซื้อเลนส์กล้อง,308,true,,default-false,unicode,no,no,vercel.json,84,yes,
R0085,/%E0%B8%A3%E0%B8%B1%E0%B8%9A%E0%B8%8B%E0%B8%B7%E0%B9%89%E0%B8%AD/%E0%B8%A3%E0%B8%B1%E0%B8%9A%E0%B8%8B%E0%B8%B7%E0%B9%89%E0%B8%AD%E0%B9%80%E0%B8%A5%E0%B8%99%E0%B8%AA%E0%B9%8C-%E0%B8%A1%E0%B8%AB%E0%B8%B2%E0%B8%AA%E0%B8%B2%E0%B8%A3%E0%B8%84%E0%B8%B2%E0%B8%A1,/บริการ/รับซื้อเลนส์กล้อง,308,true,,default-false,encoded,yes,no,vercel.json,85,yes,
R0086,/รับซื้อ/รับซื้อ-storage-nas-มหาสารคาม,/บริการ/รับซื้อ-nas,308,true,,default-false,unicode,no,no,vercel.json,86,yes,
R0087,/%E0%B8%A3%E0%B8%B1%E0%B8%9A%E0%B8%8B%E0%B8%B7%E0%B9%89%E0%B8%AD/%E0%B8%A3%E0%B8%B1%E0%B8%9A%E0%B8%8B%E0%B8%B7%E0%B9%89%E0%B8%AD-storage-nas-%E0%B8%A1%E0%B8%AB%E0%B8%B2%E0%B8%AA%E0%B8%B2%E0%B8%A3%E0%B8%84%E0%B8%B2%E0%B8%A1,/บริการ/รับซื้อ-nas,308,true,,default-false,encoded,yes,no,vercel.json,87,yes,
R0088,/รับซื้อ/รับซื้อ-hdd-มุกดาหาร,/รับซื้อ/รับซื้อ-ssd-มุกดาหาร,308,true,,default-false,unicode,no,no,vercel.json,88,yes,
R0089,/%E0%B8%A3%E0%B8%B1%E0%B8%9A%E0%B8%8B%E0%B8%B7%E0%B9%89%E0%B8%AD/%E0%B8%A3%E0%B8%B1%E0%B8%9A%E0%B8%8B%E0%B8%B7%E0%B9%89%E0%B8%AD-hdd-%E0%B8%A1%E0%B8%B8%E0%B8%81%E0%B8%94%E0%B8%B2%E0%B8%AB%E0%B8%B2%E0%B8%A3,/รับซื้อ/รับซื้อ-ssd-มุกดาหาร,308,true,,default-false,encoded,yes,no,vercel.json,89,yes,
R0090,/รับซื้อ/รับซื้อ-gopro-มุกดาหาร,/บริการ/รับซื้อ-gopro-action-camera,308,true,,default-false,unicode,no,no,vercel.json,90,yes,
R0091,/%E0%B8%A3%E0%B8%B1%E0%B8%9A%E0%B8%8B%E0%B8%B7%E0%B9%89%E0%B8%AD/%E0%B8%A3%E0%B8%B1%E0%B8%9A%E0%B8%8B%E0%B8%B7%E0%B9%89%E0%B8%AD-gopro-%E0%B8%A1%E0%B8%B8%E0%B8%81%E0%B8%94%E0%B8%B2%E0%B8%AB%E0%B8%B2%E0%B8%A3,/บริการ/รับซื้อ-gopro-action-camera,308,true,,default-false,encoded,yes,no,vercel.json,91,yes,
R0092,/รับซื้อ/รับซื้อเลนส์-มุกดาหาร,/บริการ/รับซื้อเลนส์กล้อง,308,true,,default-false,unicode,no,no,vercel.json,92,yes,
R0093,/%E0%B8%A3%E0%B8%B1%E0%B8%9A%E0%B8%8B%E0%B8%B7%E0%B9%89%E0%B8%AD/%E0%B8%A3%E0%B8%B1%E0%B8%9A%E0%B8%8B%E0%B8%B7%E0%B9%89%E0%B8%AD%E0%B9%80%E0%B8%A5%E0%B8%99%E0%B8%AA%E0%B9%8C-%E0%B8%A1%E0%B8%B8%E0%B8%81%E0%B8%94%E0%B8%B2%E0%B8%AB%E0%B8%B2%E0%B8%A3,/บริการ/รับซื้อเลนส์กล้อง,308,true,,default-false,encoded,yes,no,vercel.json,93,yes,
R0094,/รับซื้อ/รับซื้อ-storage-nas-มุกดาหาร,/บริการ/รับซื้อ-nas,308,true,,default-false,unicode,no,no,vercel.json,94,yes,
R0095,/%E0%B8%A3%E0%B8%B1%E0%B8%9A%E0%B8%8B%E0%B8%B7%E0%B9%89%E0%B8%AD/%E0%B8%A3%E0%B8%B1%E0%B8%9A%E0%B8%8B%E0%B8%B7%E0%B9%89%E0%B8%AD-storage-nas-%E0%B8%A1%E0%B8%B8%E0%B8%81%E0%B8%94%E0%B8%B2%E0%B8%AB%E0%B8%B2%E0%B8%A3,/บริการ/รับซื้อ-nas,308,true,,default-false,encoded,yes,no,vercel.json,95,yes,
R0096,/รับซื้อ/รับซื้อ-hdd-ยโสธร,/รับซื้อ/รับซื้อ-ssd-ยโสธร,308,true,,default-false,unicode,no,no,vercel.json,96,yes,
R0097,/%E0%B8%A3%E0%B8%B1%E0%B8%9A%E0%B8%8B%E0%B8%B7%E0%B9%89%E0%B8%AD/%E0%B8%A3%E0%B8%B1%E0%B8%9A%E0%B8%8B%E0%B8%B7%E0%B9%89%E0%B8%AD-hdd-%E0%B8%A2%E0%B9%82%E0%B8%AA%E0%B8%98%E0%B8%A3,/รับซื้อ/รับซื้อ-ssd-ยโสธร,308,true,,default-false,encoded,yes,no,vercel.json,97,yes,
R0098,/รับซื้อ/รับซื้อ-gopro-ยโสธร,/บริการ/รับซื้อ-gopro-action-camera,308,true,,default-false,unicode,no,no,vercel.json,98,yes,
R0099,/%E0%B8%A3%E0%B8%B1%E0%B8%9A%E0%B8%8B%E0%B8%B7%E0%B9%89%E0%B8%AD/%E0%B8%A3%E0%B8%B1%E0%B8%9A%E0%B8%8B%E0%B8%B7%E0%B9%89%E0%B8%AD-gopro-%E0%B8%A2%E0%B9%82%E0%B8%AA%E0%B8%98%E0%B8%A3,/บริการ/รับซื้อ-gopro-action-camera,308,true,,default-false,encoded,yes,no,vercel.json,99,yes,
R0100,/รับซื้อ/รับซื้อเลนส์-ยโสธร,/บริการ/รับซื้อเลนส์กล้อง,308,true,,default-false,unicode,no,no,vercel.json,100,yes,
R0101,/%E0%B8%A3%E0%B8%B1%E0%B8%9A%E0%B8%8B%E0%B8%B7%E0%B9%89%E0%B8%AD/%E0%B8%A3%E0%B8%B1%E0%B8%9A%E0%B8%8B%E0%B8%B7%E0%B9%89%E0%B8%AD%E0%B9%80%E0%B8%A5%E0%B8%99%E0%B8%AA%E0%B9%8C-%E0%B8%A2%E0%B9%82%E0%B8%AA%E0%B8%98%E0%B8%A3,/บริการ/รับซื้อเลนส์กล้อง,308,true,,default-false,encoded,yes,no,vercel.json,101,yes,
R0102,/รับซื้อ/รับซื้อ-storage-nas-ยโสธร,/บริการ/รับซื้อ-nas,308,true,,default-false,unicode,no,no,vercel.json,102,yes,
R0103,/%E0%B8%A3%E0%B8%B1%E0%B8%9A%E0%B8%8B%E0%B8%B7%E0%B9%89%E0%B8%AD/%E0%B8%A3%E0%B8%B1%E0%B8%9A%E0%B8%8B%E0%B8%B7%E0%B9%89%E0%B8%AD-storage-nas-%E0%B8%A2%E0%B9%82%E0%B8%AA%E0%B8%98%E0%B8%A3,/บริการ/รับซื้อ-nas,308,true,,default-false,encoded,yes,no,vercel.json,103,yes,
R0104,/รับซื้อ/รับซื้อ-hdd-ร้อยเอ็ด,/รับซื้อ/รับซื้อ-ssd-ร้อยเอ็ด,308,true,,default-false,unicode,no,no,vercel.json,104,yes,
R0105,/%E0%B8%A3%E0%B8%B1%E0%B8%9A%E0%B8%8B%E0%B8%B7%E0%B9%89%E0%B8%AD/%E0%B8%A3%E0%B8%B1%E0%B8%9A%E0%B8%8B%E0%B8%B7%E0%B9%89%E0%B8%AD-hdd-%E0%B8%A3%E0%B9%89%E0%B8%AD%E0%B8%A2%E0%B9%80%E0%B8%AD%E0%B9%87%E0%B8%94,/รับซื้อ/รับซื้อ-ssd-ร้อยเอ็ด,308,true,,default-false,encoded,yes,no,vercel.json,105,yes,
R0106,/รับซื้อ/รับซื้อ-gopro-ร้อยเอ็ด,/บริการ/รับซื้อ-gopro-action-camera,308,true,,default-false,unicode,no,no,vercel.json,106,yes,
R0107,/%E0%B8%A3%E0%B8%B1%E0%B8%9A%E0%B8%8B%E0%B8%B7%E0%B9%89%E0%B8%AD/%E0%B8%A3%E0%B8%B1%E0%B8%9A%E0%B8%8B%E0%B8%B7%E0%B9%89%E0%B8%AD-gopro-%E0%B8%A3%E0%B9%89%E0%B8%AD%E0%B8%A2%E0%B9%80%E0%B8%AD%E0%B9%87%E0%B8%94,/บริการ/รับซื้อ-gopro-action-camera,308,true,,default-false,encoded,yes,no,vercel.json,107,yes,
R0108,/รับซื้อ/รับซื้อเลนส์-ร้อยเอ็ด,/บริการ/รับซื้อเลนส์กล้อง,308,true,,default-false,unicode,no,no,vercel.json,108,yes,
R0109,/%E0%B8%A3%E0%B8%B1%E0%B8%9A%E0%B8%8B%E0%B8%B7%E0%B9%89%E0%B8%AD/%E0%B8%A3%E0%B8%B1%E0%B8%9A%E0%B8%8B%E0%B8%B7%E0%B9%89%E0%B8%AD%E0%B9%80%E0%B8%A5%E0%B8%99%E0%B8%AA%E0%B9%8C-%E0%B8%A3%E0%B9%89%E0%B8%AD%E0%B8%A2%E0%B9%80%E0%B8%AD%E0%B9%87%E0%B8%94,/บริการ/รับซื้อเลนส์กล้อง,308,true,,default-false,encoded,yes,no,vercel.json,109,yes,
R0110,/รับซื้อ/รับซื้อ-storage-nas-ร้อยเอ็ด,/บริการ/รับซื้อ-nas,308,true,,default-false,unicode,no,no,vercel.json,110,yes,
R0111,/%E0%B8%A3%E0%B8%B1%E0%B8%9A%E0%B8%8B%E0%B8%B7%E0%B9%89%E0%B8%AD/%E0%B8%A3%E0%B8%B1%E0%B8%9A%E0%B8%8B%E0%B8%B7%E0%B9%89%E0%B8%AD-storage-nas-%E0%B8%A3%E0%B9%89%E0%B8%AD%E0%B8%A2%E0%B9%80%E0%B8%AD%E0%B9%87%E0%B8%94,/บริการ/รับซื้อ-nas,308,true,,default-false,encoded,yes,no,vercel.json,111,yes,
R0112,/รับซื้อ/รับซื้อ-hdd-เลย,/รับซื้อ/รับซื้อ-ssd-เลย,308,true,,default-false,unicode,no,no,vercel.json,112,yes,
R0113,/%E0%B8%A3%E0%B8%B1%E0%B8%9A%E0%B8%8B%E0%B8%B7%E0%B9%89%E0%B8%AD/%E0%B8%A3%E0%B8%B1%E0%B8%9A%E0%B8%8B%E0%B8%B7%E0%B9%89%E0%B8%AD-hdd-%E0%B9%80%E0%B8%A5%E0%B8%A2,/รับซื้อ/รับซื้อ-ssd-เลย,308,true,,default-false,encoded,yes,no,vercel.json,113,yes,
R0114,/รับซื้อ/รับซื้อ-gopro-เลย,/บริการ/รับซื้อ-gopro-action-camera,308,true,,default-false,unicode,no,no,vercel.json,114,yes,
R0115,/%E0%B8%A3%E0%B8%B1%E0%B8%9A%E0%B8%8B%E0%B8%B7%E0%B9%89%E0%B8%AD/%E0%B8%A3%E0%B8%B1%E0%B8%9A%E0%B8%8B%E0%B8%B7%E0%B9%89%E0%B8%AD-gopro-%E0%B9%80%E0%B8%A5%E0%B8%A2,/บริการ/รับซื้อ-gopro-action-camera,308,true,,default-false,encoded,yes,no,vercel.json,115,yes,
R0116,/รับซื้อ/รับซื้อเลนส์-เลย,/บริการ/รับซื้อเลนส์กล้อง,308,true,,default-false,unicode,no,no,vercel.json,116,yes,
R0117,/%E0%B8%A3%E0%B8%B1%E0%B8%9A%E0%B8%8B%E0%B8%B7%E0%B9%89%E0%B8%AD/%E0%B8%A3%E0%B8%B1%E0%B8%9A%E0%B8%8B%E0%B8%B7%E0%B9%89%E0%B8%AD%E0%B9%80%E0%B8%A5%E0%B8%99%E0%B8%AA%E0%B9%8C-%E0%B9%80%E0%B8%A5%E0%B8%A2,/บริการ/รับซื้อเลนส์กล้อง,308,true,,default-false,encoded,yes,no,vercel.json,117,yes,
R0118,/รับซื้อ/รับซื้อ-storage-nas-เลย,/บริการ/รับซื้อ-nas,308,true,,default-false,unicode,no,no,vercel.json,118,yes,
R0119,/%E0%B8%A3%E0%B8%B1%E0%B8%9A%E0%B8%8B%E0%B8%B7%E0%B9%89%E0%B8%AD/%E0%B8%A3%E0%B8%B1%E0%B8%9A%E0%B8%8B%E0%B8%B7%E0%B9%89%E0%B8%AD-storage-nas-%E0%B9%80%E0%B8%A5%E0%B8%A2,/บริการ/รับซื้อ-nas,308,true,,default-false,encoded,yes,no,vercel.json,119,yes,
R0120,/รับซื้อ/รับซื้อ-hdd-ศรีสะเกษ,/รับซื้อ/รับซื้อ-ssd-ศรีสะเกษ,308,true,,default-false,unicode,no,no,vercel.json,120,yes,
R0121,/%E0%B8%A3%E0%B8%B1%E0%B8%9A%E0%B8%8B%E0%B8%B7%E0%B9%89%E0%B8%AD/%E0%B8%A3%E0%B8%B1%E0%B8%9A%E0%B8%8B%E0%B8%B7%E0%B9%89%E0%B8%AD-hdd-%E0%B8%A8%E0%B8%A3%E0%B8%B5%E0%B8%AA%E0%B8%B0%E0%B9%80%E0%B8%81%E0%B8%A9,/รับซื้อ/รับซื้อ-ssd-ศรีสะเกษ,308,true,,default-false,encoded,yes,no,vercel.json,121,yes,
R0122,/รับซื้อ/รับซื้อ-gopro-ศรีสะเกษ,/บริการ/รับซื้อ-gopro-action-camera,308,true,,default-false,unicode,no,no,vercel.json,122,yes,
R0123,/%E0%B8%A3%E0%B8%B1%E0%B8%9A%E0%B8%8B%E0%B8%B7%E0%B9%89%E0%B8%AD/%E0%B8%A3%E0%B8%B1%E0%B8%9A%E0%B8%8B%E0%B8%B7%E0%B9%89%E0%B8%AD-gopro-%E0%B8%A8%E0%B8%A3%E0%B8%B5%E0%B8%AA%E0%B8%B0%E0%B9%80%E0%B8%81%E0%B8%A9,/บริการ/รับซื้อ-gopro-action-camera,308,true,,default-false,encoded,yes,no,vercel.json,123,yes,
R0124,/รับซื้อ/รับซื้อเลนส์-ศรีสะเกษ,/บริการ/รับซื้อเลนส์กล้อง,308,true,,default-false,unicode,no,no,vercel.json,124,yes,
R0125,/%E0%B8%A3%E0%B8%B1%E0%B8%9A%E0%B8%8B%E0%B8%B7%E0%B9%89%E0%B8%AD/%E0%B8%A3%E0%B8%B1%E0%B8%9A%E0%B8%8B%E0%B8%B7%E0%B9%89%E0%B8%AD%E0%B9%80%E0%B8%A5%E0%B8%99%E0%B8%AA%E0%B9%8C-%E0%B8%A8%E0%B8%A3%E0%B8%B5%E0%B8%AA%E0%B8%B0%E0%B9%80%E0%B8%81%E0%B8%A9,/บริการ/รับซื้อเลนส์กล้อง,308,true,,default-false,encoded,yes,no,vercel.json,125,yes,
R0126,/รับซื้อ/รับซื้อ-storage-nas-ศรีสะเกษ,/บริการ/รับซื้อ-nas,308,true,,default-false,unicode,no,no,vercel.json,126,yes,
R0127,/%E0%B8%A3%E0%B8%B1%E0%B8%9A%E0%B8%8B%E0%B8%B7%E0%B9%89%E0%B8%AD/%E0%B8%A3%E0%B8%B1%E0%B8%9A%E0%B8%8B%E0%B8%B7%E0%B9%89%E0%B8%AD-storage-nas-%E0%B8%A8%E0%B8%A3%E0%B8%B5%E0%B8%AA%E0%B8%B0%E0%B9%80%E0%B8%81%E0%B8%A9,/บริการ/รับซื้อ-nas,308,true,,default-false,encoded,yes,no,vercel.json,127,yes,
R0128,/รับซื้อ/รับซื้อ-hdd-สกลนคร,/รับซื้อ/รับซื้อ-ssd-สกลนคร,308,true,,default-false,unicode,no,no,vercel.json,128,yes,
R0129,/%E0%B8%A3%E0%B8%B1%E0%B8%9A%E0%B8%8B%E0%B8%B7%E0%B9%89%E0%B8%AD/%E0%B8%A3%E0%B8%B1%E0%B8%9A%E0%B8%8B%E0%B8%B7%E0%B9%89%E0%B8%AD-hdd-%E0%B8%AA%E0%B8%81%E0%B8%A5%E0%B8%99%E0%B8%84%E0%B8%A3,/รับซื้อ/รับซื้อ-ssd-สกลนคร,308,true,,default-false,encoded,yes,no,vercel.json,129,yes,
R0130,/รับซื้อ/รับซื้อ-gopro-สกลนคร,/บริการ/รับซื้อ-gopro-action-camera,308,true,,default-false,unicode,no,no,vercel.json,130,yes,
R0131,/%E0%B8%A3%E0%B8%B1%E0%B8%9A%E0%B8%8B%E0%B8%B7%E0%B9%89%E0%B8%AD/%E0%B8%A3%E0%B8%B1%E0%B8%9A%E0%B8%8B%E0%B8%B7%E0%B9%89%E0%B8%AD-gopro-%E0%B8%AA%E0%B8%81%E0%B8%A5%E0%B8%99%E0%B8%84%E0%B8%A3,/บริการ/รับซื้อ-gopro-action-camera,308,true,,default-false,encoded,yes,no,vercel.json,131,yes,
R0132,/รับซื้อ/รับซื้อเลนส์-สกลนคร,/บริการ/รับซื้อเลนส์กล้อง,308,true,,default-false,unicode,no,no,vercel.json,132,yes,
R0133,/%E0%B8%A3%E0%B8%B1%E0%B8%9A%E0%B8%8B%E0%B8%B7%E0%B9%89%E0%B8%AD/%E0%B8%A3%E0%B8%B1%E0%B8%9A%E0%B8%8B%E0%B8%B7%E0%B9%89%E0%B8%AD%E0%B9%80%E0%B8%A5%E0%B8%99%E0%B8%AA%E0%B9%8C-%E0%B8%AA%E0%B8%81%E0%B8%A5%E0%B8%99%E0%B8%84%E0%B8%A3,/บริการ/รับซื้อเลนส์กล้อง,308,true,,default-false,encoded,yes,no,vercel.json,133,yes,
R0134,/รับซื้อ/รับซื้อ-storage-nas-สกลนคร,/บริการ/รับซื้อ-nas,308,true,,default-false,unicode,no,no,vercel.json,134,yes,
R0135,/%E0%B8%A3%E0%B8%B1%E0%B8%9A%E0%B8%8B%E0%B8%B7%E0%B9%89%E0%B8%AD/%E0%B8%A3%E0%B8%B1%E0%B8%9A%E0%B8%8B%E0%B8%B7%E0%B9%89%E0%B8%AD-storage-nas-%E0%B8%AA%E0%B8%81%E0%B8%A5%E0%B8%99%E0%B8%84%E0%B8%A3,/บริการ/รับซื้อ-nas,308,true,,default-false,encoded,yes,no,vercel.json,135,yes,
R0136,/รับซื้อ/รับซื้อ-hdd-สุรินทร์,/รับซื้อ/รับซื้อ-ssd-สุรินทร์,308,true,,default-false,unicode,no,no,vercel.json,136,yes,
R0137,/%E0%B8%A3%E0%B8%B1%E0%B8%9A%E0%B8%8B%E0%B8%B7%E0%B9%89%E0%B8%AD/%E0%B8%A3%E0%B8%B1%E0%B8%9A%E0%B8%8B%E0%B8%B7%E0%B9%89%E0%B8%AD-hdd-%E0%B8%AA%E0%B8%B8%E0%B8%A3%E0%B8%B4%E0%B8%99%E0%B8%97%E0%B8%A3%E0%B9%8C,/รับซื้อ/รับซื้อ-ssd-สุรินทร์,308,true,,default-false,encoded,yes,no,vercel.json,137,yes,
R0138,/รับซื้อ/รับซื้อ-gopro-สุรินทร์,/บริการ/รับซื้อ-gopro-action-camera,308,true,,default-false,unicode,no,no,vercel.json,138,yes,
R0139,/%E0%B8%A3%E0%B8%B1%E0%B8%9A%E0%B8%8B%E0%B8%B7%E0%B9%89%E0%B8%AD/%E0%B8%A3%E0%B8%B1%E0%B8%9A%E0%B8%8B%E0%B8%B7%E0%B9%89%E0%B8%AD-gopro-%E0%B8%AA%E0%B8%B8%E0%B8%A3%E0%B8%B4%E0%B8%99%E0%B8%97%E0%B8%A3%E0%B9%8C,/บริการ/รับซื้อ-gopro-action-camera,308,true,,default-false,encoded,yes,no,vercel.json,139,yes,
R0140,/รับซื้อ/รับซื้อเลนส์-สุรินทร์,/บริการ/รับซื้อเลนส์กล้อง,308,true,,default-false,unicode,no,no,vercel.json,140,yes,
R0141,/%E0%B8%A3%E0%B8%B1%E0%B8%9A%E0%B8%8B%E0%B8%B7%E0%B9%89%E0%B8%AD/%E0%B8%A3%E0%B8%B1%E0%B8%9A%E0%B8%8B%E0%B8%B7%E0%B9%89%E0%B8%AD%E0%B9%80%E0%B8%A5%E0%B8%99%E0%B8%AA%E0%B9%8C-%E0%B8%AA%E0%B8%B8%E0%B8%A3%E0%B8%B4%E0%B8%99%E0%B8%97%E0%B8%A3%E0%B9%8C,/บริการ/รับซื้อเลนส์กล้อง,308,true,,default-false,encoded,yes,no,vercel.json,141,yes,
R0142,/รับซื้อ/รับซื้อ-storage-nas-สุรินทร์,/บริการ/รับซื้อ-nas,308,true,,default-false,unicode,no,no,vercel.json,142,yes,
R0143,/%E0%B8%A3%E0%B8%B1%E0%B8%9A%E0%B8%8B%E0%B8%B7%E0%B9%89%E0%B8%AD/%E0%B8%A3%E0%B8%B1%E0%B8%9A%E0%B8%8B%E0%B8%B7%E0%B9%89%E0%B8%AD-storage-nas-%E0%B8%AA%E0%B8%B8%E0%B8%A3%E0%B8%B4%E0%B8%99%E0%B8%97%E0%B8%A3%E0%B9%8C,/บริการ/รับซื้อ-nas,308,true,,default-false,encoded,yes,no,vercel.json,143,yes,
R0144,/รับซื้อ/รับซื้อ-hdd-หนองคาย,/รับซื้อ/รับซื้อ-ssd-หนองคาย,308,true,,default-false,unicode,no,no,vercel.json,144,yes,
R0145,/%E0%B8%A3%E0%B8%B1%E0%B8%9A%E0%B8%8B%E0%B8%B7%E0%B9%89%E0%B8%AD/%E0%B8%A3%E0%B8%B1%E0%B8%9A%E0%B8%8B%E0%B8%B7%E0%B9%89%E0%B8%AD-hdd-%E0%B8%AB%E0%B8%99%E0%B8%AD%E0%B8%87%E0%B8%84%E0%B8%B2%E0%B8%A2,/รับซื้อ/รับซื้อ-ssd-หนองคาย,308,true,,default-false,encoded,yes,no,vercel.json,145,yes,
R0146,/รับซื้อ/รับซื้อ-gopro-หนองคาย,/บริการ/รับซื้อ-gopro-action-camera,308,true,,default-false,unicode,no,no,vercel.json,146,yes,
R0147,/%E0%B8%A3%E0%B8%B1%E0%B8%9A%E0%B8%8B%E0%B8%B7%E0%B9%89%E0%B8%AD/%E0%B8%A3%E0%B8%B1%E0%B8%9A%E0%B8%8B%E0%B8%B7%E0%B9%89%E0%B8%AD-gopro-%E0%B8%AB%E0%B8%99%E0%B8%AD%E0%B8%87%E0%B8%84%E0%B8%B2%E0%B8%A2,/บริการ/รับซื้อ-gopro-action-camera,308,true,,default-false,encoded,yes,no,vercel.json,147,yes,
R0148,/รับซื้อ/รับซื้อเลนส์-หนองคาย,/บริการ/รับซื้อเลนส์กล้อง,308,true,,default-false,unicode,no,no,vercel.json,148,yes,
R0149,/%E0%B8%A3%E0%B8%B1%E0%B8%9A%E0%B8%8B%E0%B8%B7%E0%B9%89%E0%B8%AD/%E0%B8%A3%E0%B8%B1%E0%B8%9A%E0%B8%8B%E0%B8%B7%E0%B9%89%E0%B8%AD%E0%B9%80%E0%B8%A5%E0%B8%99%E0%B8%AA%E0%B9%8C-%E0%B8%AB%E0%B8%99%E0%B8%AD%E0%B8%87%E0%B8%84%E0%B8%B2%E0%B8%A2,/บริการ/รับซื้อเลนส์กล้อง,308,true,,default-false,encoded,yes,no,vercel.json,149,yes,
R0150,/รับซื้อ/รับซื้อ-storage-nas-หนองคาย,/บริการ/รับซื้อ-nas,308,true,,default-false,unicode,no,no,vercel.json,150,yes,
R0151,/%E0%B8%A3%E0%B8%B1%E0%B8%9A%E0%B8%8B%E0%B8%B7%E0%B9%89%E0%B8%AD/%E0%B8%A3%E0%B8%B1%E0%B8%9A%E0%B8%8B%E0%B8%B7%E0%B9%89%E0%B8%AD-storage-nas-%E0%B8%AB%E0%B8%99%E0%B8%AD%E0%B8%87%E0%B8%84%E0%B8%B2%E0%B8%A2,/บริการ/รับซื้อ-nas,308,true,,default-false,encoded,yes,no,vercel.json,151,yes,
R0152,/รับซื้อ/รับซื้อ-hdd-หนองบัวลำภู,/รับซื้อ/รับซื้อ-ssd-หนองบัวลำภู,308,true,,default-false,unicode,no,no,vercel.json,152,yes,
R0153,/%E0%B8%A3%E0%B8%B1%E0%B8%9A%E0%B8%8B%E0%B8%B7%E0%B9%89%E0%B8%AD/%E0%B8%A3%E0%B8%B1%E0%B8%9A%E0%B8%8B%E0%B8%B7%E0%B9%89%E0%B8%AD-hdd-%E0%B8%AB%E0%B8%99%E0%B8%AD%E0%B8%87%E0%B8%9A%E0%B8%B1%E0%B8%A7%E0%B8%A5%E0%B8%B3%E0%B8%A0%E0%B8%B9,/รับซื้อ/รับซื้อ-ssd-หนองบัวลำภู,308,true,,default-false,encoded,yes,no,vercel.json,153,yes,
R0154,/รับซื้อ/รับซื้อ-gopro-หนองบัวลำภู,/บริการ/รับซื้อ-gopro-action-camera,308,true,,default-false,unicode,no,no,vercel.json,154,yes,
R0155,/%E0%B8%A3%E0%B8%B1%E0%B8%9A%E0%B8%8B%E0%B8%B7%E0%B9%89%E0%B8%AD/%E0%B8%A3%E0%B8%B1%E0%B8%9A%E0%B8%8B%E0%B8%B7%E0%B9%89%E0%B8%AD-gopro-%E0%B8%AB%E0%B8%99%E0%B8%AD%E0%B8%87%E0%B8%9A%E0%B8%B1%E0%B8%A7%E0%B8%A5%E0%B8%B3%E0%B8%A0%E0%B8%B9,/บริการ/รับซื้อ-gopro-action-camera,308,true,,default-false,encoded,yes,no,vercel.json,155,yes,
R0156,/รับซื้อ/รับซื้อเลนส์-หนองบัวลำภู,/บริการ/รับซื้อเลนส์กล้อง,308,true,,default-false,unicode,no,no,vercel.json,156,yes,
R0157,/%E0%B8%A3%E0%B8%B1%E0%B8%9A%E0%B8%8B%E0%B8%B7%E0%B9%89%E0%B8%AD/%E0%B8%A3%E0%B8%B1%E0%B8%9A%E0%B8%8B%E0%B8%B7%E0%B9%89%E0%B8%AD%E0%B9%80%E0%B8%A5%E0%B8%99%E0%B8%AA%E0%B9%8C-%E0%B8%AB%E0%B8%99%E0%B8%AD%E0%B8%87%E0%B8%9A%E0%B8%B1%E0%B8%A7%E0%B8%A5%E0%B8%B3%E0%B8%A0%E0%B8%B9,/บริการ/รับซื้อเลนส์กล้อง,308,true,,default-false,encoded,yes,no,vercel.json,157,yes,
R0158,/รับซื้อ/รับซื้อ-storage-nas-หนองบัวลำภู,/บริการ/รับซื้อ-nas,308,true,,default-false,unicode,no,no,vercel.json,158,yes,
R0159,/%E0%B8%A3%E0%B8%B1%E0%B8%9A%E0%B8%8B%E0%B8%B7%E0%B9%89%E0%B8%AD/%E0%B8%A3%E0%B8%B1%E0%B8%9A%E0%B8%8B%E0%B8%B7%E0%B9%89%E0%B8%AD-storage-nas-%E0%B8%AB%E0%B8%99%E0%B8%AD%E0%B8%87%E0%B8%9A%E0%B8%B1%E0%B8%A7%E0%B8%A5%E0%B8%B3%E0%B8%A0%E0%B8%B9,/บริการ/รับซื้อ-nas,308,true,,default-false,encoded,yes,no,vercel.json,159,yes,
R0160,/รับซื้อ/รับซื้อ-hdd-อำนาจเจริญ,/รับซื้อ/รับซื้อ-ssd-อำนาจเจริญ,308,true,,default-false,unicode,no,no,vercel.json,160,yes,
R0161,/%E0%B8%A3%E0%B8%B1%E0%B8%9A%E0%B8%8B%E0%B8%B7%E0%B9%89%E0%B8%AD/%E0%B8%A3%E0%B8%B1%E0%B8%9A%E0%B8%8B%E0%B8%B7%E0%B9%89%E0%B8%AD-hdd-%E0%B8%AD%E0%B8%B3%E0%B8%99%E0%B8%B2%E0%B8%88%E0%B9%80%E0%B8%88%E0%B8%A3%E0%B8%B4%E0%B8%8D,/รับซื้อ/รับซื้อ-ssd-อำนาจเจริญ,308,true,,default-false,encoded,yes,no,vercel.json,161,yes,
R0162,/รับซื้อ/รับซื้อ-gopro-อำนาจเจริญ,/บริการ/รับซื้อ-gopro-action-camera,308,true,,default-false,unicode,no,no,vercel.json,162,yes,
R0163,/%E0%B8%A3%E0%B8%B1%E0%B8%9A%E0%B8%8B%E0%B8%B7%E0%B9%89%E0%B8%AD/%E0%B8%A3%E0%B8%B1%E0%B8%9A%E0%B8%8B%E0%B8%B7%E0%B9%89%E0%B8%AD-gopro-%E0%B8%AD%E0%B8%B3%E0%B8%99%E0%B8%B2%E0%B8%88%E0%B9%80%E0%B8%88%E0%B8%A3%E0%B8%B4%E0%B8%8D,/บริการ/รับซื้อ-gopro-action-camera,308,true,,default-false,encoded,yes,no,vercel.json,163,yes,
R0164,/รับซื้อ/รับซื้อเลนส์-อำนาจเจริญ,/บริการ/รับซื้อเลนส์กล้อง,308,true,,default-false,unicode,no,no,vercel.json,164,yes,
R0165,/%E0%B8%A3%E0%B8%B1%E0%B8%9A%E0%B8%8B%E0%B8%B7%E0%B9%89%E0%B8%AD/%E0%B8%A3%E0%B8%B1%E0%B8%9A%E0%B8%8B%E0%B8%B7%E0%B9%89%E0%B8%AD%E0%B9%80%E0%B8%A5%E0%B8%99%E0%B8%AA%E0%B9%8C-%E0%B8%AD%E0%B8%B3%E0%B8%99%E0%B8%B2%E0%B8%88%E0%B9%80%E0%B8%88%E0%B8%A3%E0%B8%B4%E0%B8%8D,/บริการ/รับซื้อเลนส์กล้อง,308,true,,default-false,encoded,yes,no,vercel.json,165,yes,
R0166,/รับซื้อ/รับซื้อ-storage-nas-อำนาจเจริญ,/บริการ/รับซื้อ-nas,308,true,,default-false,unicode,no,no,vercel.json,166,yes,
R0167,/%E0%B8%A3%E0%B8%B1%E0%B8%9A%E0%B8%8B%E0%B8%B7%E0%B9%89%E0%B8%AD/%E0%B8%A3%E0%B8%B1%E0%B8%9A%E0%B8%8B%E0%B8%B7%E0%B9%89%E0%B8%AD-storage-nas-%E0%B8%AD%E0%B8%B3%E0%B8%99%E0%B8%B2%E0%B8%88%E0%B9%80%E0%B8%88%E0%B8%A3%E0%B8%B4%E0%B8%8D,/บริการ/รับซื้อ-nas,308,true,,default-false,encoded,yes,no,vercel.json,167,yes,
R0168,/รับซื้อ/รับซื้อ-hdd-อุดรธานี,/รับซื้อ/รับซื้อ-ssd-อุดรธานี,308,true,,default-false,unicode,no,no,vercel.json,168,yes,
R0169,/%E0%B8%A3%E0%B8%B1%E0%B8%9A%E0%B8%8B%E0%B8%B7%E0%B9%89%E0%B8%AD/%E0%B8%A3%E0%B8%B1%E0%B8%9A%E0%B8%8B%E0%B8%B7%E0%B9%89%E0%B8%AD-hdd-%E0%B8%AD%E0%B8%B8%E0%B8%94%E0%B8%A3%E0%B8%98%E0%B8%B2%E0%B8%99%E0%B8%B5,/รับซื้อ/รับซื้อ-ssd-อุดรธานี,308,true,,default-false,encoded,yes,no,vercel.json,169,yes,
R0170,/รับซื้อ/รับซื้อ-gopro-อุดรธานี,/บริการ/รับซื้อ-gopro-action-camera,308,true,,default-false,unicode,no,no,vercel.json,170,yes,
R0171,/%E0%B8%A3%E0%B8%B1%E0%B8%9A%E0%B8%8B%E0%B8%B7%E0%B9%89%E0%B8%AD/%E0%B8%A3%E0%B8%B1%E0%B8%9A%E0%B8%8B%E0%B8%B7%E0%B9%89%E0%B8%AD-gopro-%E0%B8%AD%E0%B8%B8%E0%B8%94%E0%B8%A3%E0%B8%98%E0%B8%B2%E0%B8%99%E0%B8%B5,/บริการ/รับซื้อ-gopro-action-camera,308,true,,default-false,encoded,yes,no,vercel.json,171,yes,
R0172,/รับซื้อ/รับซื้อเลนส์-อุดรธานี,/บริการ/รับซื้อเลนส์กล้อง,308,true,,default-false,unicode,no,no,vercel.json,172,yes,
R0173,/%E0%B8%A3%E0%B8%B1%E0%B8%9A%E0%B8%8B%E0%B8%B7%E0%B9%89%E0%B8%AD/%E0%B8%A3%E0%B8%B1%E0%B8%9A%E0%B8%8B%E0%B8%B7%E0%B9%89%E0%B8%AD%E0%B9%80%E0%B8%A5%E0%B8%99%E0%B8%AA%E0%B9%8C-%E0%B8%AD%E0%B8%B8%E0%B8%94%E0%B8%A3%E0%B8%98%E0%B8%B2%E0%B8%99%E0%B8%B5,/บริการ/รับซื้อเลนส์กล้อง,308,true,,default-false,encoded,yes,no,vercel.json,173,yes,
R0174,/รับซื้อ/รับซื้อ-storage-nas-อุดรธานี,/บริการ/รับซื้อ-nas,308,true,,default-false,unicode,no,no,vercel.json,174,yes,
R0175,/%E0%B8%A3%E0%B8%B1%E0%B8%9A%E0%B8%8B%E0%B8%B7%E0%B9%89%E0%B8%AD/%E0%B8%A3%E0%B8%B1%E0%B8%9A%E0%B8%8B%E0%B8%B7%E0%B9%89%E0%B8%AD-storage-nas-%E0%B8%AD%E0%B8%B8%E0%B8%94%E0%B8%A3%E0%B8%98%E0%B8%B2%E0%B8%99%E0%B8%B5,/บริการ/รับซื้อ-nas,308,true,,default-false,encoded,yes,no,vercel.json,175,yes,
R0176,/รับซื้อ/รับซื้อ-hdd-อุบลราชธานี,/รับซื้อ/รับซื้อ-ssd-อุบลราชธานี,308,true,,default-false,unicode,no,no,vercel.json,176,yes,
R0177,/%E0%B8%A3%E0%B8%B1%E0%B8%9A%E0%B8%8B%E0%B8%B7%E0%B9%89%E0%B8%AD/%E0%B8%A3%E0%B8%B1%E0%B8%9A%E0%B8%8B%E0%B8%B7%E0%B9%89%E0%B8%AD-hdd-%E0%B8%AD%E0%B8%B8%E0%B8%9A%E0%B8%A5%E0%B8%A3%E0%B8%B2%E0%B8%8A%E0%B8%98%E0%B8%B2%E0%B8%99%E0%B8%B5,/รับซื้อ/รับซื้อ-ssd-อุบลราชธานี,308,true,,default-false,encoded,yes,no,vercel.json,177,yes,
R0178,/รับซื้อ/รับซื้อ-gopro-อุบลราชธานี,/บริการ/รับซื้อ-gopro-action-camera,308,true,,default-false,unicode,no,no,vercel.json,178,yes,
R0179,/%E0%B8%A3%E0%B8%B1%E0%B8%9A%E0%B8%8B%E0%B8%B7%E0%B9%89%E0%B8%AD/%E0%B8%A3%E0%B8%B1%E0%B8%9A%E0%B8%8B%E0%B8%B7%E0%B9%89%E0%B8%AD-gopro-%E0%B8%AD%E0%B8%B8%E0%B8%9A%E0%B8%A5%E0%B8%A3%E0%B8%B2%E0%B8%8A%E0%B8%98%E0%B8%B2%E0%B8%99%E0%B8%B5,/บริการ/รับซื้อ-gopro-action-camera,308,true,,default-false,encoded,yes,no,vercel.json,179,yes,
R0180,/รับซื้อ/รับซื้อเลนส์-อุบลราชธานี,/บริการ/รับซื้อเลนส์กล้อง,308,true,,default-false,unicode,no,no,vercel.json,180,yes,
R0181,/%E0%B8%A3%E0%B8%B1%E0%B8%9A%E0%B8%8B%E0%B8%B7%E0%B9%89%E0%B8%AD/%E0%B8%A3%E0%B8%B1%E0%B8%9A%E0%B8%8B%E0%B8%B7%E0%B9%89%E0%B8%AD%E0%B9%80%E0%B8%A5%E0%B8%99%E0%B8%AA%E0%B9%8C-%E0%B8%AD%E0%B8%B8%E0%B8%9A%E0%B8%A5%E0%B8%A3%E0%B8%B2%E0%B8%8A%E0%B8%98%E0%B8%B2%E0%B8%99%E0%B8%B5,/บริการ/รับซื้อเลนส์กล้อง,308,true,,default-false,encoded,yes,no,vercel.json,181,yes,
R0182,/รับซื้อ/รับซื้อ-storage-nas-อุบลราชธานี,/บริการ/รับซื้อ-nas,308,true,,default-false,unicode,no,no,vercel.json,182,yes,
R0183,/%E0%B8%A3%E0%B8%B1%E0%B8%9A%E0%B8%8B%E0%B8%B7%E0%B9%89%E0%B8%AD/%E0%B8%A3%E0%B8%B1%E0%B8%9A%E0%B8%8B%E0%B8%B7%E0%B9%89%E0%B8%AD-storage-nas-%E0%B8%AD%E0%B8%B8%E0%B8%9A%E0%B8%A5%E0%B8%A3%E0%B8%B2%E0%B8%8A%E0%B8%98%E0%B8%B2%E0%B8%99%E0%B8%B5,/บริการ/รับซื้อ-nas,308,true,,default-false,encoded,yes,no,vercel.json,183,yes,
R0184,/รับซื้อ/รับซื้อของสะสม-กาฬสินธุ์,/บริการ/รับซื้อของสะสม,308,true,,default-false,unicode,no,no,vercel.json,184,yes,
R0185,/%E0%B8%A3%E0%B8%B1%E0%B8%9A%E0%B8%8B%E0%B8%B7%E0%B9%89%E0%B8%AD/%E0%B8%A3%E0%B8%B1%E0%B8%9A%E0%B8%8B%E0%B8%B7%E0%B9%89%E0%B8%AD%E0%B8%82%E0%B8%AD%E0%B8%87%E0%B8%AA%E0%B8%B0%E0%B8%AA%E0%B8%A1-%E0%B8%81%E0%B8%B2%E0%B8%AC%E0%B8%AA%E0%B8%B4%E0%B8%99%E0%B8%98%E0%B8%B8%E0%B9%8C,/บริการ/รับซื้อของสะสม,308,true,,default-false,encoded,yes,no,vercel.json,185,yes,
R0186,/รับซื้อ/รับซื้อของสะสม-ขอนแก่น,/บริการ/รับซื้อของสะสม,308,true,,default-false,unicode,no,no,vercel.json,186,yes,
R0187,/%E0%B8%A3%E0%B8%B1%E0%B8%9A%E0%B8%8B%E0%B8%B7%E0%B9%89%E0%B8%AD/%E0%B8%A3%E0%B8%B1%E0%B8%9A%E0%B8%8B%E0%B8%B7%E0%B9%89%E0%B8%AD%E0%B8%82%E0%B8%AD%E0%B8%87%E0%B8%AA%E0%B8%B0%E0%B8%AA%E0%B8%A1-%E0%B8%82%E0%B8%AD%E0%B8%99%E0%B9%81%E0%B8%81%E0%B9%88%E0%B8%99,/บริการ/รับซื้อของสะสม,308,true,,default-false,encoded,yes,no,vercel.json,187,yes,
R0188,/รับซื้อ/รับซื้อของสะสม-ชัยภูมิ,/บริการ/รับซื้อของสะสม,308,true,,default-false,unicode,no,no,vercel.json,188,yes,
R0189,/%E0%B8%A3%E0%B8%B1%E0%B8%9A%E0%B8%8B%E0%B8%B7%E0%B9%89%E0%B8%AD/%E0%B8%A3%E0%B8%B1%E0%B8%9A%E0%B8%8B%E0%B8%B7%E0%B9%89%E0%B8%AD%E0%B8%82%E0%B8%AD%E0%B8%87%E0%B8%AA%E0%B8%B0%E0%B8%AA%E0%B8%A1-%E0%B8%8A%E0%B8%B1%E0%B8%A2%E0%B8%A0%E0%B8%B9%E0%B8%A1%E0%B8%B4,/บริการ/รับซื้อของสะสม,308,true,,default-false,encoded,yes,no,vercel.json,189,yes,
R0190,/รับซื้อ/รับซื้อของสะสม-นครพนม,/บริการ/รับซื้อของสะสม,308,true,,default-false,unicode,no,no,vercel.json,190,yes,
R0191,/%E0%B8%A3%E0%B8%B1%E0%B8%9A%E0%B8%8B%E0%B8%B7%E0%B9%89%E0%B8%AD/%E0%B8%A3%E0%B8%B1%E0%B8%9A%E0%B8%8B%E0%B8%B7%E0%B9%89%E0%B8%AD%E0%B8%82%E0%B8%AD%E0%B8%87%E0%B8%AA%E0%B8%B0%E0%B8%AA%E0%B8%A1-%E0%B8%99%E0%B8%84%E0%B8%A3%E0%B8%9E%E0%B8%99%E0%B8%A1,/บริการ/รับซื้อของสะสม,308,true,,default-false,encoded,yes,no,vercel.json,191,yes,
R0192,/รับซื้อ/รับซื้อของสะสม-นครราชสีมา,/บริการ/รับซื้อของสะสม,308,true,,default-false,unicode,no,no,vercel.json,192,yes,
R0193,/%E0%B8%A3%E0%B8%B1%E0%B8%9A%E0%B8%8B%E0%B8%B7%E0%B9%89%E0%B8%AD/%E0%B8%A3%E0%B8%B1%E0%B8%9A%E0%B8%8B%E0%B8%B7%E0%B9%89%E0%B8%AD%E0%B8%82%E0%B8%AD%E0%B8%87%E0%B8%AA%E0%B8%B0%E0%B8%AA%E0%B8%A1-%E0%B8%99%E0%B8%84%E0%B8%A3%E0%B8%A3%E0%B8%B2%E0%B8%8A%E0%B8%AA%E0%B8%B5%E0%B8%A1%E0%B8%B2,/บริการ/รับซื้อของสะสม,308,true,,default-false,encoded,yes,no,vercel.json,193,yes,
R0194,/รับซื้อ/รับซื้อของสะสม-บึงกาฬ,/บริการ/รับซื้อของสะสม,308,true,,default-false,unicode,no,no,vercel.json,194,yes,
R0195,/%E0%B8%A3%E0%B8%B1%E0%B8%9A%E0%B8%8B%E0%B8%B7%E0%B9%89%E0%B8%AD/%E0%B8%A3%E0%B8%B1%E0%B8%9A%E0%B8%8B%E0%B8%B7%E0%B9%89%E0%B8%AD%E0%B8%82%E0%B8%AD%E0%B8%87%E0%B8%AA%E0%B8%B0%E0%B8%AA%E0%B8%A1-%E0%B8%9A%E0%B8%B6%E0%B8%87%E0%B8%81%E0%B8%B2%E0%B8%AC,/บริการ/รับซื้อของสะสม,308,true,,default-false,encoded,yes,no,vercel.json,195,yes,
R0196,/รับซื้อ/รับซื้อของสะสม-บุรีรัมย์,/บริการ/รับซื้อของสะสม,308,true,,default-false,unicode,no,no,vercel.json,196,yes,
R0197,/%E0%B8%A3%E0%B8%B1%E0%B8%9A%E0%B8%8B%E0%B8%B7%E0%B9%89%E0%B8%AD/%E0%B8%A3%E0%B8%B1%E0%B8%9A%E0%B8%8B%E0%B8%B7%E0%B9%89%E0%B8%AD%E0%B8%82%E0%B8%AD%E0%B8%87%E0%B8%AA%E0%B8%B0%E0%B8%AA%E0%B8%A1-%E0%B8%9A%E0%B8%B8%E0%B8%A3%E0%B8%B5%E0%B8%A3%E0%B8%B1%E0%B8%A1%E0%B8%A2%E0%B9%8C,/บริการ/รับซื้อของสะสม,308,true,,default-false,encoded,yes,no,vercel.json,197,yes,
R0198,/รับซื้อ/รับซื้อของสะสม-มหาสารคาม,/บริการ/รับซื้อของสะสม,308,true,,default-false,unicode,no,no,vercel.json,198,yes,
R0199,/%E0%B8%A3%E0%B8%B1%E0%B8%9A%E0%B8%8B%E0%B8%B7%E0%B9%89%E0%B8%AD/%E0%B8%A3%E0%B8%B1%E0%B8%9A%E0%B8%8B%E0%B8%B7%E0%B9%89%E0%B8%AD%E0%B8%82%E0%B8%AD%E0%B8%87%E0%B8%AA%E0%B8%B0%E0%B8%AA%E0%B8%A1-%E0%B8%A1%E0%B8%AB%E0%B8%B2%E0%B8%AA%E0%B8%B2%E0%B8%A3%E0%B8%84%E0%B8%B2%E0%B8%A1,/บริการ/รับซื้อของสะสม,308,true,,default-false,encoded,yes,no,vercel.json,199,yes,
R0200,/รับซื้อ/รับซื้อของสะสม-มุกดาหาร,/บริการ/รับซื้อของสะสม,308,true,,default-false,unicode,no,no,vercel.json,200,yes,
R0201,/%E0%B8%A3%E0%B8%B1%E0%B8%9A%E0%B8%8B%E0%B8%B7%E0%B9%89%E0%B8%AD/%E0%B8%A3%E0%B8%B1%E0%B8%9A%E0%B8%8B%E0%B8%B7%E0%B9%89%E0%B8%AD%E0%B8%82%E0%B8%AD%E0%B8%87%E0%B8%AA%E0%B8%B0%E0%B8%AA%E0%B8%A1-%E0%B8%A1%E0%B8%B8%E0%B8%81%E0%B8%94%E0%B8%B2%E0%B8%AB%E0%B8%B2%E0%B8%A3,/บริการ/รับซื้อของสะสม,308,true,,default-false,encoded,yes,no,vercel.json,201,yes,
R0202,/รับซื้อ/รับซื้อของสะสม-ยโสธร,/บริการ/รับซื้อของสะสม,308,true,,default-false,unicode,no,no,vercel.json,202,yes,
R0203,/%E0%B8%A3%E0%B8%B1%E0%B8%9A%E0%B8%8B%E0%B8%B7%E0%B9%89%E0%B8%AD/%E0%B8%A3%E0%B8%B1%E0%B8%9A%E0%B8%8B%E0%B8%B7%E0%B9%89%E0%B8%AD%E0%B8%82%E0%B8%AD%E0%B8%87%E0%B8%AA%E0%B8%B0%E0%B8%AA%E0%B8%A1-%E0%B8%A2%E0%B9%82%E0%B8%AA%E0%B8%98%E0%B8%A3,/บริการ/รับซื้อของสะสม,308,true,,default-false,encoded,yes,no,vercel.json,203,yes,
R0204,/รับซื้อ/รับซื้อของสะสม-ร้อยเอ็ด,/บริการ/รับซื้อของสะสม,308,true,,default-false,unicode,no,no,vercel.json,204,yes,
R0205,/%E0%B8%A3%E0%B8%B1%E0%B8%9A%E0%B8%8B%E0%B8%B7%E0%B9%89%E0%B8%AD/%E0%B8%A3%E0%B8%B1%E0%B8%9A%E0%B8%8B%E0%B8%B7%E0%B9%89%E0%B8%AD%E0%B8%82%E0%B8%AD%E0%B8%87%E0%B8%AA%E0%B8%B0%E0%B8%AA%E0%B8%A1-%E0%B8%A3%E0%B9%89%E0%B8%AD%E0%B8%A2%E0%B9%80%E0%B8%AD%E0%B9%87%E0%B8%94,/บริการ/รับซื้อของสะสม,308,true,,default-false,encoded,yes,no,vercel.json,205,yes,
R0206,/รับซื้อ/รับซื้อของสะสม-เลย,/บริการ/รับซื้อของสะสม,308,true,,default-false,unicode,no,no,vercel.json,206,yes,
R0207,/%E0%B8%A3%E0%B8%B1%E0%B8%9A%E0%B8%8B%E0%B8%B7%E0%B9%89%E0%B8%AD/%E0%B8%A3%E0%B8%B1%E0%B8%9A%E0%B8%8B%E0%B8%B7%E0%B9%89%E0%B8%AD%E0%B8%82%E0%B8%AD%E0%B8%87%E0%B8%AA%E0%B8%B0%E0%B8%AA%E0%B8%A1-%E0%B9%80%E0%B8%A5%E0%B8%A2,/บริการ/รับซื้อของสะสม,308,true,,default-false,encoded,yes,no,vercel.json,207,yes,
R0208,/รับซื้อ/รับซื้อของสะสม-ศรีสะเกษ,/บริการ/รับซื้อของสะสม,308,true,,default-false,unicode,no,no,vercel.json,208,yes,
R0209,/%E0%B8%A3%E0%B8%B1%E0%B8%9A%E0%B8%8B%E0%B8%B7%E0%B9%89%E0%B8%AD/%E0%B8%A3%E0%B8%B1%E0%B8%9A%E0%B8%8B%E0%B8%B7%E0%B9%89%E0%B8%AD%E0%B8%82%E0%B8%AD%E0%B8%87%E0%B8%AA%E0%B8%B0%E0%B8%AA%E0%B8%A1-%E0%B8%A8%E0%B8%A3%E0%B8%B5%E0%B8%AA%E0%B8%B0%E0%B9%80%E0%B8%81%E0%B8%A9,/บริการ/รับซื้อของสะสม,308,true,,default-false,encoded,yes,no,vercel.json,209,yes,
R0210,/รับซื้อ/รับซื้อของสะสม-สกลนคร,/บริการ/รับซื้อของสะสม,308,true,,default-false,unicode,no,no,vercel.json,210,yes,
R0211,/%E0%B8%A3%E0%B8%B1%E0%B8%9A%E0%B8%8B%E0%B8%B7%E0%B9%89%E0%B8%AD/%E0%B8%A3%E0%B8%B1%E0%B8%9A%E0%B8%8B%E0%B8%B7%E0%B9%89%E0%B8%AD%E0%B8%82%E0%B8%AD%E0%B8%87%E0%B8%AA%E0%B8%B0%E0%B8%AA%E0%B8%A1-%E0%B8%AA%E0%B8%81%E0%B8%A5%E0%B8%99%E0%B8%84%E0%B8%A3,/บริการ/รับซื้อของสะสม,308,true,,default-false,encoded,yes,no,vercel.json,211,yes,
R0212,/รับซื้อ/รับซื้อของสะสม-สุรินทร์,/บริการ/รับซื้อของสะสม,308,true,,default-false,unicode,no,no,vercel.json,212,yes,
R0213,/%E0%B8%A3%E0%B8%B1%E0%B8%9A%E0%B8%8B%E0%B8%B7%E0%B9%89%E0%B8%AD/%E0%B8%A3%E0%B8%B1%E0%B8%9A%E0%B8%8B%E0%B8%B7%E0%B9%89%E0%B8%AD%E0%B8%82%E0%B8%AD%E0%B8%87%E0%B8%AA%E0%B8%B0%E0%B8%AA%E0%B8%A1-%E0%B8%AA%E0%B8%B8%E0%B8%A3%E0%B8%B4%E0%B8%99%E0%B8%97%E0%B8%A3%E0%B9%8C,/บริการ/รับซื้อของสะสม,308,true,,default-false,encoded,yes,no,vercel.json,213,yes,
R0214,/รับซื้อ/รับซื้อของสะสม-หนองคาย,/บริการ/รับซื้อของสะสม,308,true,,default-false,unicode,no,no,vercel.json,214,yes,
R0215,/%E0%B8%A3%E0%B8%B1%E0%B8%9A%E0%B8%8B%E0%B8%B7%E0%B9%89%E0%B8%AD/%E0%B8%A3%E0%B8%B1%E0%B8%9A%E0%B8%8B%E0%B8%B7%E0%B9%89%E0%B8%AD%E0%B8%82%E0%B8%AD%E0%B8%87%E0%B8%AA%E0%B8%B0%E0%B8%AA%E0%B8%A1-%E0%B8%AB%E0%B8%99%E0%B8%AD%E0%B8%87%E0%B8%84%E0%B8%B2%E0%B8%A2,/บริการ/รับซื้อของสะสม,308,true,,default-false,encoded,yes,no,vercel.json,215,yes,
R0216,/รับซื้อ/รับซื้อของสะสม-หนองบัวลำภู,/บริการ/รับซื้อของสะสม,308,true,,default-false,unicode,no,no,vercel.json,216,yes,
R0217,/%E0%B8%A3%E0%B8%B1%E0%B8%9A%E0%B8%8B%E0%B8%B7%E0%B9%89%E0%B8%AD/%E0%B8%A3%E0%B8%B1%E0%B8%9A%E0%B8%8B%E0%B8%B7%E0%B9%89%E0%B8%AD%E0%B8%82%E0%B8%AD%E0%B8%87%E0%B8%AA%E0%B8%B0%E0%B8%AA%E0%B8%A1-%E0%B8%AB%E0%B8%99%E0%B8%AD%E0%B8%87%E0%B8%9A%E0%B8%B1%E0%B8%A7%E0%B8%A5%E0%B8%B3%E0%B8%A0%E0%B8%B9,/บริการ/รับซื้อของสะสม,308,true,,default-false,encoded,yes,no,vercel.json,217,yes,
R0218,/รับซื้อ/รับซื้อของสะสม-อำนาจเจริญ,/บริการ/รับซื้อของสะสม,308,true,,default-false,unicode,no,no,vercel.json,218,yes,
R0219,/%E0%B8%A3%E0%B8%B1%E0%B8%9A%E0%B8%8B%E0%B8%B7%E0%B9%89%E0%B8%AD/%E0%B8%A3%E0%B8%B1%E0%B8%9A%E0%B8%8B%E0%B8%B7%E0%B9%89%E0%B8%AD%E0%B8%82%E0%B8%AD%E0%B8%87%E0%B8%AA%E0%B8%B0%E0%B8%AA%E0%B8%A1-%E0%B8%AD%E0%B8%B3%E0%B8%99%E0%B8%B2%E0%B8%88%E0%B9%80%E0%B8%88%E0%B8%A3%E0%B8%B4%E0%B8%8D,/บริการ/รับซื้อของสะสม,308,true,,default-false,encoded,yes,no,vercel.json,219,yes,
R0220,/รับซื้อ/รับซื้อของสะสม-อุดรธานี,/บริการ/รับซื้อของสะสม,308,true,,default-false,unicode,no,no,vercel.json,220,yes,
R0221,/%E0%B8%A3%E0%B8%B1%E0%B8%9A%E0%B8%8B%E0%B8%B7%E0%B9%89%E0%B8%AD/%E0%B8%A3%E0%B8%B1%E0%B8%9A%E0%B8%8B%E0%B8%B7%E0%B9%89%E0%B8%AD%E0%B8%82%E0%B8%AD%E0%B8%87%E0%B8%AA%E0%B8%B0%E0%B8%AA%E0%B8%A1-%E0%B8%AD%E0%B8%B8%E0%B8%94%E0%B8%A3%E0%B8%98%E0%B8%B2%E0%B8%99%E0%B8%B5,/บริการ/รับซื้อของสะสม,308,true,,default-false,encoded,yes,no,vercel.json,221,yes,
R0222,/:path+/,/:path+,308,true,,default-false,ascii,no,no,vercel.json,222,yes,
