url,page_type,title_flag,description_flag,classification,title_action,description_action,evidence,gsc_available,risk,decision
"/blog/airpods-แบตเสื่อม-ข้างหนึ่งดังเบา-ขายได้ไหม","blog-article","LONG","OK","KEEP_VALID_LONG_TITLE","KEEP","KEEP","critical_terms_front_loaded_length_signal_only;desc_not_flagged","no","none","KEEP"
"/blog/iphone-ติด-icloud-ลืม-apple-id-ก่อนขาย","blog-article","LONG","OK","KEEP_VALID_LONG_TITLE","KEEP","KEEP","critical_terms_front_loaded_length_signal_only;desc_not_flagged","no","none","KEEP"
"/blog/macbook-ติด-apple-id-find-my-ก่อนขาย","blog-article","LONG","OK","KEEP_VALID_LONG_TITLE","KEEP","KEEP","critical_terms_front_loaded_length_signal_only;desc_not_flagged","no","none","KEEP"
"/blog/กล้อง-fujifilm-รุ่นเก่า-ยังขายได้ไหม","blog-article","LONG","OK","KEEP_VALID_LONG_TITLE","KEEP","KEEP","critical_terms_front_loaded_length_signal_only;desc_not_flagged","no","none","KEEP"
"/blog/การ์ดจอมีผลต่อราคาคอมมือสองแค่ไหน","blog-article","LONG","OK","KEEP_VALID_LONG_TITLE","KEEP","KEEP","critical_terms_front_loaded_length_signal_only;desc_not_flagged","no","none","KEEP"
"/blog/การ์ดจอเคยขุด-ขายได้ไหม-เช็กอย่างไร","blog-article","LONG","OK","KEEP_VALID_LONG_TITLE","KEEP","KEEP","critical_terms_front_loaded_length_signal_only;desc_not_flagged","no","none","KEEP"
"/blog/ขาย-macbook-มือสอง-อย่างไรให้ได้ราคาดี","blog-article","LONG","OK","KEEP_VALID_LONG_TITLE","KEEP","KEEP","critical_terms_front_loaded_length_signal_only;desc_not_flagged","no","none","KEEP"
"/blog/ขายของไอทีเสียยังไงให้ไม่ถูกกดราคา","blog-article","LONG","OK","KEEP_VALID_LONG_TITLE","KEEP","KEEP","critical_terms_front_loaded_length_signal_only;desc_not_flagged","no","none","KEEP"
"/blog/ขายสินค้าไอทีอย่างไรให้ปลอดภัย-ไม่โดนโกง","blog-article","LONG","OK","KEEP_VALID_LONG_TITLE","KEEP","KEEP","critical_terms_front_loaded_length_signal_only;desc_not_flagged","no","none","KEEP"
"/blog/ขายโทรศัพท์มือสองใกล้ฉัน","blog-article","LONG","OK","KEEP_VALID_LONG_TITLE","KEEP","KEEP","critical_terms_front_loaded_length_signal_only;desc_not_flagged","no","none","KEEP"
"/blog/ขายโน๊ตบุ๊คเก่าให้ได้ราคาดี-ต้องเช็กอะไรบ้าง","blog-article","LONG","OK","KEEP_VALID_LONG_TITLE","KEEP","KEEP","critical_terms_front_loaded_length_signal_only;desc_not_flagged","no","none","KEEP"
"/blog/ควรขายของไอทีตอนไหน-ให้ได้ราคาดีที่สุด","blog-article","LONG","OK","KEEP_VALID_LONG_TITLE","KEEP","KEEP","critical_terms_front_loaded_length_signal_only;desc_not_flagged","no","none","KEEP"
"/blog/คอมบริษัทเก่า-ขายแบบไหนให้เคลียร์ง่าย","blog-article","LONG","OK","KEEP_VALID_LONG_TITLE","KEEP","KEEP","critical_terms_front_loaded_length_signal_only;desc_not_flagged","no","none","KEEP"
"/blog/ถ่ายรูปสินค้าไอทีให้ร้านประเมินราคาเร็ว","blog-article","LONG","OK","KEEP_VALID_LONG_TITLE","KEEP","KEEP","critical_terms_front_loaded_length_signal_only;desc_not_flagged","no","none","KEEP"
"/blog/ราคา-ipad-มือสอง-2026","blog-article","LONG","OK","KEEP_VALID_LONG_TITLE","KEEP","KEEP","critical_terms_front_loaded_length_signal_only;desc_not_flagged","no","none","KEEP"
"/blog/ราคา-macbook-มือสอง-2026","blog-article","LONG","OK","KEEP_VALID_LONG_TITLE","KEEP","KEEP","critical_terms_front_loaded_length_signal_only;desc_not_flagged","no","none","KEEP"
"/blog/ร้านรับซื้อไอที-เช็กอะไรบ้างก่อนตีราคา","blog-article","LONG","OK","KEEP_VALID_LONG_TITLE","KEEP","KEEP","critical_terms_front_loaded_length_signal_only;desc_not_flagged","no","none","KEEP"
"/blog/ลบข้อมูลก่อนขาย-ทำยังไงให้กู้ไม่ได้","blog-article","LONG","OK","KEEP_VALID_LONG_TITLE","KEEP","KEEP","critical_terms_front_loaded_length_signal_only;desc_not_flagged","no","none","KEEP"
"/blog/วิธีล้างเครื่อง-macbook-ก่อนขาย","blog-article","LONG","OK","KEEP_VALID_LONG_TITLE","KEEP","KEEP","critical_terms_front_loaded_length_signal_only;desc_not_flagged","no","none","KEEP"
"/blog/วิธีเช็ก-battery-health-iphone-ก่อนขาย","blog-article","LONG","OK","KEEP_VALID_LONG_TITLE","KEEP","KEEP","critical_terms_front_loaded_length_signal_only;desc_not_flagged","no","none","KEEP"
"/blog/วิธีเช็กรุ่น-ipad-ว่าเป็น-gen-ไหน","blog-article","LONG","OK","KEEP_VALID_LONG_TITLE","KEEP","KEEP","critical_terms_front_loaded_length_signal_only;desc_not_flagged","no","none","KEEP"
"/blog/วิธีเช็กสเปกคอมก่อนขาย","blog-article","LONG","OK","KEEP_VALID_LONG_TITLE","KEEP","KEEP","critical_terms_front_loaded_length_signal_only;desc_not_flagged","no","none","KEEP"
"/blog/โน๊ตบุ๊คเปิดไม่ติด-ขายได้ไหม","blog-article","LONG","OK","KEEP_VALID_LONG_TITLE","KEEP","KEEP","critical_terms_front_loaded_length_signal_only;desc_not_flagged","no","none","KEEP"
"/บริการ/รับซื้อ-asus-tuf-gaming","service-page","LONG","OK","KEEP_VALID_LONG_TITLE","KEEP","KEEP","critical_terms_front_loaded_length_signal_only;desc_not_flagged","no","none","KEEP"
"/บริการ/รับซื้อ-cpu","service-page","LONG","LONG","KEEP_BOTH_VALID","EDIT","KEEP","critical_terms_front_loaded_length_signal_only;long_but_value_proposition_readable_or_truncates_safely;applied_in_batch_10","no","none","EDIT_TITLE"
"/บริการ/รับซื้อ-dell-alienware","service-page","LONG","OK","KEEP_VALID_LONG_TITLE","KEEP","KEEP","critical_terms_front_loaded_length_signal_only;desc_not_flagged","no","none","KEEP"
"/บริการ/รับซื้อ-gopro-action-camera","service-page","LONG","OK","KEEP_VALID_LONG_TITLE","EDIT","KEEP","critical_terms_front_loaded_length_signal_only;desc_not_flagged;applied_in_batch_10","no","none","EDIT_TITLE"
"/บริการ/รับซื้อ-imac-mac-mini","service-page","LONG","LONG","KEEP_BOTH_VALID","EDIT","KEEP","critical_terms_front_loaded_length_signal_only;long_but_value_proposition_readable_or_truncates_safely;applied_in_batch_10","no","none","EDIT_TITLE"
"/บริการ/รับซื้อ-ipad-air","service-page","LONG","OK","KEEP_VALID_LONG_TITLE","KEEP","KEEP","critical_terms_front_loaded_length_signal_only;desc_not_flagged","no","none","KEEP"
"/บริการ/รับซื้อ-ipad-mini","service-page","LONG","LONG","BOILERPLATE_OVERLOAD","EDIT","EDIT","payment_process_boilerplate_in_title_pushes_differentiators_or_wastes_serp_space;long_but_value_proposition_readable_or_truncates_safely;applied_in_batch_10","no","low-medium","EDIT_BOTH"
"/บริการ/รับซื้อ-ipad-pro","service-page","LONG","OK","KEEP_VALID_LONG_TITLE","KEEP","KEEP","critical_terms_front_loaded_length_signal_only;desc_not_flagged","no","none","KEEP"
"/บริการ/รับซื้อ-iphone-13","service-page","LONG","LONG","SEMANTIC_REPETITION","EDIT","KEEP","รับซื้อ_appears_twice_without_new_meaning;long_but_value_proposition_readable_or_truncates_safely;applied_in_batch_10","no","low-medium","EDIT_TITLE"
"/บริการ/รับซื้อ-iphone-14","service-page","LONG","OK","SEMANTIC_REPETITION","EDIT","KEEP","รับซื้อ_appears_twice_without_new_meaning;desc_not_flagged;applied_in_batch_10","no","low-medium","EDIT_TITLE"
"/บริการ/รับซื้อ-iphone-face-id-เสีย","service-page","LONG","OK","KEEP_VALID_LONG_TITLE","EDIT","KEEP","critical_terms_front_loaded_length_signal_only;desc_not_flagged;applied_in_batch_10","no","none","EDIT_TITLE"
"/บริการ/รับซื้อ-iphone-pro-max","service-page","LONG","OK","KEEP_VALID_LONG_TITLE","KEEP","KEEP","critical_terms_front_loaded_length_signal_only;desc_not_flagged","no","none","KEEP"
"/บริการ/รับซื้อ-iphone-จอแตก","service-page","LONG","OK","KEEP_VALID_LONG_TITLE","EDIT","KEEP","critical_terms_front_loaded_length_signal_only;desc_not_flagged;applied_in_batch_10","no","none","EDIT_TITLE"
"/บริการ/รับซื้อ-iphone-เครื่องนอก","service-page","LONG","LONG","KEEP_BOTH_VALID","EDIT","KEEP","critical_terms_front_loaded_length_signal_only;long_but_value_proposition_readable_or_truncates_safely;applied_in_batch_10","no","none","EDIT_TITLE"
"/บริการ/รับซื้อ-jbl","service-page","OK","LONG","KEEP_VALID_LONG_DESCRIPTION","EDIT","KEEP","title_not_flagged;long_but_value_proposition_readable_or_truncates_safely;applied_in_batch_10","no","none","EDIT_TITLE"
"/บริการ/รับซื้อ-lenovo-ideapad","service-page","LONG","OK","KEEP_VALID_LONG_TITLE","KEEP","KEEP","critical_terms_front_loaded_length_signal_only;desc_not_flagged","no","none","KEEP"
"/บริการ/รับซื้อ-mac-mini","service-page","LONG","LONG","BOILERPLATE_OVERLOAD","EDIT","EDIT","payment_process_boilerplate_in_title_pushes_differentiators_or_wastes_serp_space;long_but_value_proposition_readable_or_truncates_safely;applied_in_batch_10","no","low-medium","EDIT_BOTH"
"/บริการ/รับซื้อ-macbook","service-page","LONG","OK","KEEP_VALID_LONG_TITLE","KEEP","KEEP","critical_terms_front_loaded_length_signal_only;desc_not_flagged","no","none","KEEP"
"/บริการ/รับซื้อ-macbook-intel","service-page","LONG","OK","KEEP_VALID_LONG_TITLE","EDIT","KEEP","critical_terms_front_loaded_length_signal_only;desc_not_flagged;applied_in_batch_10","no","none","EDIT_TITLE"
"/บริการ/รับซื้อ-macbook-m1","service-page","LONG","LONG","KEEP_BOTH_VALID","EDIT","KEEP","critical_terms_front_loaded_length_signal_only;long_but_value_proposition_readable_or_truncates_safely;applied_in_batch_10","no","none","EDIT_TITLE"
"/บริการ/รับซื้อ-macbook-m2","service-page","LONG","LONG","KEEP_BOTH_VALID","EDIT","KEEP","critical_terms_front_loaded_length_signal_only;long_but_value_proposition_readable_or_truncates_safely;applied_in_batch_10","no","none","EDIT_TITLE"
"/บริการ/รับซื้อ-macbook-m3-m4","service-page","LONG","OK","KEEP_VALID_LONG_TITLE","EDIT","KEEP","critical_terms_front_loaded_length_signal_only;desc_not_flagged;applied_in_batch_10","no","none","EDIT_TITLE"
"/บริการ/รับซื้อ-macbook-จอแตก","service-page","LONG","OK","KEEP_VALID_LONG_TITLE","EDIT","KEEP","critical_terms_front_loaded_length_signal_only;desc_not_flagged;applied_in_batch_10","no","none","EDIT_TITLE"
"/บริการ/รับซื้อ-macbook-เสีย","service-page","LONG","OK","KEEP_VALID_LONG_TITLE","EDIT","KEEP","critical_terms_front_loaded_length_signal_only;desc_not_flagged;applied_in_batch_10","no","none","EDIT_TITLE"
"/บริการ/รับซื้อ-magic-keyboard-ipad","service-page","LONG","OK","KEEP_VALID_LONG_TITLE","KEEP","KEEP","critical_terms_front_loaded_length_signal_only;desc_not_flagged","no","none","KEEP"
"/บริการ/รับซื้อ-marshall","service-page","LONG","LONG","KEEP_BOTH_VALID","EDIT","KEEP","critical_terms_front_loaded_length_signal_only;long_but_value_proposition_readable_or_truncates_safely;applied_in_batch_10","no","none","EDIT_TITLE"
"/บริการ/รับซื้อ-msi-titan","service-page","LONG","OK","KEEP_VALID_LONG_TITLE","KEEP","KEEP","critical_terms_front_loaded_length_signal_only;desc_not_flagged","no","none","KEEP"
"/บริการ/รับซื้อ-nintendo-switch","service-page","LONG","LONG","KEEP_BOTH_VALID","KEEP","KEEP","critical_terms_front_loaded_length_signal_only;long_but_value_proposition_readable_or_truncates_safely","no","none","KEEP"
"/บริการ/รับซื้อ-notebook-acer","service-page","LONG","LONG","KEEP_BOTH_VALID","KEEP","KEEP","critical_terms_front_loaded_length_signal_only;long_but_value_proposition_readable_or_truncates_safely","no","none","KEEP"
"/บริการ/รับซื้อ-notebook-asus","service-page","LONG","LONG","KEEP_BOTH_VALID","KEEP","KEEP","critical_terms_front_loaded_length_signal_only;long_but_value_proposition_readable_or_truncates_safely","no","none","KEEP"
"/บริการ/รับซื้อ-notebook-dell","service-page","LONG","LONG","KEEP_BOTH_VALID","KEEP","KEEP","critical_terms_front_loaded_length_signal_only;long_but_value_proposition_readable_or_truncates_safely","no","none","KEEP"
"/บริการ/รับซื้อ-notebook-hp","service-page","OK","LONG","KEEP_VALID_LONG_DESCRIPTION","KEEP","KEEP","title_not_flagged;long_but_value_proposition_readable_or_truncates_safely","no","none","KEEP"
"/บริการ/รับซื้อ-notebook-lenovo","service-page","LONG","LONG","KEEP_BOTH_VALID","KEEP","KEEP","critical_terms_front_loaded_length_signal_only;long_but_value_proposition_readable_or_truncates_safely","no","none","KEEP"
"/บริการ/รับซื้อ-playstation","service-page","LONG","LONG","KEEP_BOTH_VALID","EDIT","KEEP","critical_terms_front_loaded_length_signal_only;long_but_value_proposition_readable_or_truncates_safely;applied_in_batch_10","no","none","EDIT_TITLE"
"/บริการ/รับซื้อ-ram-ssd","service-page","LONG","OK","KEEP_VALID_LONG_TITLE","EDIT","KEEP","critical_terms_front_loaded_length_signal_only;desc_not_flagged;applied_in_batch_10","no","none","EDIT_TITLE"
"/บริการ/รับซื้อ-rog-gaming-notebook","service-page","LONG","OK","KEEP_VALID_LONG_TITLE","KEEP","KEEP","critical_terms_front_loaded_length_signal_only;desc_not_flagged","no","none","KEEP"
"/บริการ/รับซื้อ-server","service-page","LONG","OK","KEEP_VALID_LONG_TITLE","KEEP","KEEP","critical_terms_front_loaded_length_signal_only;desc_not_flagged","no","none","KEEP"
"/บริการ/รับซื้อ-server-network","service-page","LONG","OK","KEEP_VALID_LONG_TITLE","KEEP","KEEP","critical_terms_front_loaded_length_signal_only;desc_not_flagged","no","none","KEEP"
"/บริการ/รับซื้อ-ssd","service-page","LONG","LONG","KEEP_BOTH_VALID","KEEP","KEEP","critical_terms_front_loaded_length_signal_only;long_but_value_proposition_readable_or_truncates_safely","no","none","KEEP"
"/บริการ/รับซื้อ-surface","service-page","OK","LONG","KEEP_VALID_LONG_DESCRIPTION","KEEP","KEEP","title_not_flagged;long_but_value_proposition_readable_or_truncates_safely","no","none","KEEP"
"/บริการ/รับซื้อกล้อง-canon","service-page","LONG","LONG","SEMANTIC_REPETITION","EDIT","KEEP","รับซื้อ_appears_twice_without_new_meaning;long_but_value_proposition_readable_or_truncates_safely;applied_in_batch_10","no","low-medium","EDIT_TITLE"
"/บริการ/รับซื้อกล้อง-fujifilm","service-page","LONG","OK","SEMANTIC_REPETITION","EDIT","KEEP","รับซื้อ_appears_twice_without_new_meaning;desc_not_flagged;applied_in_batch_10","no","low-medium","EDIT_TITLE"
"/บริการ/รับซื้อกล้อง-mirrorless","service-page","LONG","OK","KEEP_VALID_LONG_TITLE","EDIT","KEEP","critical_terms_front_loaded_length_signal_only;desc_not_flagged;applied_in_batch_10","no","none","EDIT_TITLE"
"/บริการ/รับซื้อกล้อง-nikon","service-page","LONG","OK","KEEP_VALID_LONG_TITLE","EDIT","KEEP","critical_terms_front_loaded_length_signal_only;desc_not_flagged;applied_in_batch_10","no","none","EDIT_TITLE"
"/บริการ/รับซื้อกล้อง-sony","service-page","LONG","OK","SEMANTIC_REPETITION","EDIT","KEEP","รับซื้อ_appears_twice_without_new_meaning;desc_not_flagged;applied_in_batch_10","no","low-medium","EDIT_TITLE"
"/บริการ/รับซื้อกล้องฟิล์ม","service-page","LONG","OK","SEMANTIC_REPETITION","EDIT","KEEP","รับซื้อ_appears_twice_without_new_meaning;desc_not_flagged;applied_in_batch_10","no","low-medium","EDIT_TITLE"
"/บริการ/รับซื้อกล้องเสีย","service-page","LONG","OK","KEEP_VALID_LONG_TITLE","EDIT","KEEP","critical_terms_front_loaded_length_signal_only;desc_not_flagged;applied_in_batch_10","no","none","EDIT_TITLE"
"/บริการ/รับซื้อการ์ดจอ","service-page","LONG","OK","KEEP_VALID_LONG_TITLE","EDIT","KEEP","critical_terms_front_loaded_length_signal_only;desc_not_flagged;applied_in_batch_10","no","none","EDIT_TITLE"
"/บริการ/รับซื้อของสะสม","service-page","LONG","LONG","KEEP_BOTH_VALID","KEEP","KEEP","critical_terms_front_loaded_length_signal_only;long_but_value_proposition_readable_or_truncates_safely","no","none","KEEP"
"/บริการ/รับซื้อของไอทีเสีย","service-page","LONG","OK","KEEP_VALID_LONG_TITLE","KEEP","KEEP","critical_terms_front_loaded_length_signal_only;desc_not_flagged","no","none","KEEP"
"/บริการ/รับซื้อคอมบริษัท","service-page","LONG","OK","KEEP_VALID_LONG_TITLE","KEEP","KEEP","critical_terms_front_loaded_length_signal_only;desc_not_flagged","no","none","KEEP"
"/บริการ/รับซื้อคอมพิวเตอร์ตั้งโต๊ะ","service-page","LONG","OK","KEEP_VALID_LONG_TITLE","KEEP","KEEP","critical_terms_front_loaded_length_signal_only;desc_not_flagged","no","none","KEEP"
"/บริการ/รับซื้อคอมยกล็อต","service-page","LONG","OK","KEEP_VALID_LONG_TITLE","KEEP","KEEP","critical_terms_front_loaded_length_signal_only;desc_not_flagged","no","none","KEEP"
"/บริการ/รับซื้อคอมเกมมิ่ง","service-page","LONG","OK","TEMPLATE_CAUSED","EDIT","KEEP","brand_suffix_duplicated;desc_not_flagged;applied_in_batch_10","no","low-medium","EDIT_TITLE"
"/บริการ/รับซื้อคอมเสีย","service-page","LONG","OK","KEEP_VALID_LONG_TITLE","EDIT","KEEP","critical_terms_front_loaded_length_signal_only;desc_not_flagged;applied_in_batch_10","no","none","EDIT_TITLE"
"/บริการ/รับซื้อจอเกมมิ่ง","service-page","LONG","LONG","KEEP_BOTH_VALID","KEEP","KEEP","critical_terms_front_loaded_length_signal_only;long_but_value_proposition_readable_or_truncates_safely","no","none","KEEP"
"/บริการ/รับซื้อซีพียู","service-page","LONG","LONG","KEEP_BOTH_VALID","KEEP","KEEP","critical_terms_front_loaded_length_signal_only;long_but_value_proposition_readable_or_truncates_safely","no","none","KEEP"
"/บริการ/รับซื้อทีวี","service-page","OK","LONG","KEEP_VALID_LONG_DESCRIPTION","KEEP","KEEP","title_not_flagged;long_but_value_proposition_readable_or_truncates_safely","no","none","KEEP"
"/บริการ/รับซื้อมือถือ","service-page","LONG","OK","KEEP_VALID_LONG_TITLE","KEEP","KEEP","critical_terms_front_loaded_length_signal_only;desc_not_flagged","no","none","KEEP"
"/บริการ/รับซื้อลำโพงบลูทูธ","service-page","LONG","LONG","KEEP_BOTH_VALID","KEEP","KEEP","critical_terms_front_loaded_length_signal_only;long_but_value_proposition_readable_or_truncates_safely","no","none","KEEP"
"/บริการ/รับซื้อสินค้าไอทีบริษัท","service-page","LONG","LONG","KEEP_BOTH_VALID","KEEP","KEEP","critical_terms_front_loaded_length_signal_only;long_but_value_proposition_readable_or_truncates_safely","no","none","KEEP"
"/บริการ/รับซื้ออุปกรณ์-network","service-page","LONG","OK","KEEP_VALID_LONG_TITLE","KEEP","KEEP","critical_terms_front_loaded_length_signal_only;desc_not_flagged","no","none","KEEP"
"/บริการ/รับซื้ออุปกรณ์คอมพิวเตอร์","service-page","LONG","LONG","KEEP_BOTH_VALID","KEEP","KEEP","critical_terms_front_loaded_length_signal_only;long_but_value_proposition_readable_or_truncates_safely","no","none","KEEP"
"/บริการ/รับซื้ออุปกรณ์สำนักงานมือสอง","service-page","LONG","OK","KEEP_VALID_LONG_TITLE","KEEP","KEEP","critical_terms_front_loaded_length_signal_only;desc_not_flagged","no","none","KEEP"
"/บริการ/รับซื้ออุปกรณ์ไอที","service-page","LONG","LONG","KEEP_BOTH_VALID","KEEP","KEEP","critical_terms_front_loaded_length_signal_only;long_but_value_proposition_readable_or_truncates_safely","no","none","KEEP"
"/บริการ/รับซื้ออุปกรณ์ไอทีบริษัท","service-page","LONG","OK","KEEP_VALID_LONG_TITLE","KEEP","KEEP","critical_terms_front_loaded_length_signal_only;desc_not_flagged","no","none","KEEP"
"/บริการ/รับซื้อเครื่องเกม","service-page","OK","LONG","KEEP_VALID_LONG_DESCRIPTION","KEEP","KEEP","title_not_flagged;long_but_value_proposition_readable_or_truncates_safely","no","none","KEEP"
"/บริการ/รับซื้อเครื่องใช้ไฟฟ้า","service-page","LONG","LONG","BOILERPLATE_OVERLOAD","EDIT","EDIT","product_list_stuffing_before_intent_clarifiers;service_hub_title_logistics_clause_after_product_list;long_but_value_proposition_readable_or_truncates_safely;applied_in_batch_10","no","low-medium","EDIT_BOTH"
"/บริการ/รับซื้อเฟอร์นิเจอร์","service-page","LONG","LONG","BOILERPLATE_OVERLOAD","EDIT","EDIT","payment_process_boilerplate_in_title_pushes_differentiators_or_wastes_serp_space;long_but_value_proposition_readable_or_truncates_safely;applied_in_batch_10","no","low-medium","EDIT_BOTH"
"/บริการ/รับซื้อเมนบอร์ด","service-page","LONG","LONG","KEEP_BOTH_VALID","KEEP","KEEP","critical_terms_front_loaded_length_signal_only;long_but_value_proposition_readable_or_truncates_safely","no","none","KEEP"
"/บริการ/รับซื้อเลนส์กล้อง","service-page","LONG","OK","SEMANTIC_REPETITION","EDIT","KEEP","รับซื้อ_appears_twice_without_new_meaning;desc_not_flagged;applied_in_batch_10","no","low-medium","EDIT_TITLE"
"/บริการ/รับซื้อแท็บเล็ต","service-page","LONG","OK","KEEP_VALID_LONG_TITLE","EDIT","KEEP","critical_terms_front_loaded_length_signal_only;desc_not_flagged;applied_in_batch_10","no","none","EDIT_TITLE"
"/บริการ/รับซื้อโดรน","service-page","OK","LONG","KEEP_VALID_LONG_DESCRIPTION","KEEP","KEEP","title_not_flagged;long_but_value_proposition_readable_or_truncates_safely","no","none","KEEP"
"/บริการ/รับซื้อโทรศัพท์มือสอง","service-page","LONG","OK","KEEP_VALID_LONG_TITLE","EDIT","KEEP","critical_terms_front_loaded_length_signal_only;desc_not_flagged;applied_in_batch_10","no","none","EDIT_TITLE"
"/บริการ/รับซื้อโทรศัพท์เสีย","service-page","LONG","OK","KEEP_VALID_LONG_TITLE","EDIT","KEEP","critical_terms_front_loaded_length_signal_only;desc_not_flagged;applied_in_batch_10","no","none","EDIT_TITLE"
"/บริการ/รับซื้อโน๊ตบุ๊ค","service-page","LONG","OK","KEEP_VALID_LONG_TITLE","KEEP","KEEP","critical_terms_front_loaded_length_signal_only;desc_not_flagged","no","none","KEEP"
"/บริการ/รับซื้อโน๊ตบุ๊คเกมมิ่ง","service-page","LONG","OK","KEEP_VALID_LONG_TITLE","KEEP","KEEP","critical_terms_front_loaded_length_signal_only;desc_not_flagged","no","none","KEEP"
"/บริการ/รับเหมาประมูลอุปกรณ์ไอที","service-page","OK","LONG","KEEP_VALID_LONG_DESCRIPTION","KEEP","KEEP","title_not_flagged;long_but_value_proposition_readable_or_truncates_safely","no","none","KEEP"
"/พื้นที่ให้บริการ/กาฬสินธุ์","location-page","LONG","OK","KEEP_VALID_LONG_TITLE","KEEP","KEEP","critical_terms_front_loaded_length_signal_only;desc_not_flagged","no","none","KEEP"
"/พื้นที่ให้บริการ/ขอนแก่น","location-page","LONG","OK","KEEP_VALID_LONG_TITLE","KEEP","KEEP","critical_terms_front_loaded_length_signal_only;desc_not_flagged","no","none","KEEP"
"/พื้นที่ให้บริการ/จันทบุรี","location-page","LONG","OK","KEEP_VALID_LONG_TITLE","KEEP","KEEP","critical_terms_front_loaded_length_signal_only;desc_not_flagged","no","none","KEEP"
"/พื้นที่ให้บริการ/ชลบุรี","location-page","LONG","OK","KEEP_VALID_LONG_TITLE","KEEP","KEEP","critical_terms_front_loaded_length_signal_only;desc_not_flagged","no","none","KEEP"
"/พื้นที่ให้บริการ/ชัยภูมิ","location-page","LONG","OK","KEEP_VALID_LONG_TITLE","KEEP","KEEP","critical_terms_front_loaded_length_signal_only;desc_not_flagged","no","none","KEEP"
"/พื้นที่ให้บริการ/นครพนม","location-page","LONG","OK","KEEP_VALID_LONG_TITLE","KEEP","KEEP","critical_terms_front_loaded_length_signal_only;desc_not_flagged","no","none","KEEP"
"/พื้นที่ให้บริการ/นครราชสีมา","location-page","LONG","OK","KEEP_VALID_LONG_TITLE","KEEP","KEEP","critical_terms_front_loaded_length_signal_only;desc_not_flagged","no","none","KEEP"
"/พื้นที่ให้บริการ/นครสวรรค์","location-page","LONG","OK","KEEP_VALID_LONG_TITLE","KEEP","KEEP","critical_terms_front_loaded_length_signal_only;desc_not_flagged","no","none","KEEP"
"/พื้นที่ให้บริการ/บุรีรัมย์","location-page","LONG","OK","KEEP_VALID_LONG_TITLE","KEEP","KEEP","critical_terms_front_loaded_length_signal_only;desc_not_flagged","no","none","KEEP"
"/พื้นที่ให้บริการ/พัทลุง","location-page","LONG","OK","KEEP_VALID_LONG_TITLE","KEEP","KEEP","critical_terms_front_loaded_length_signal_only;desc_not_flagged","no","none","KEEP"
"/พื้นที่ให้บริการ/ภูเก็ต","location-page","LONG","OK","KEEP_VALID_LONG_TITLE","KEEP","KEEP","critical_terms_front_loaded_length_signal_only;desc_not_flagged","no","none","KEEP"
"/พื้นที่ให้บริการ/มหาสารคาม","location-page","LONG","OK","KEEP_VALID_LONG_TITLE","KEEP","KEEP","critical_terms_front_loaded_length_signal_only;desc_not_flagged","no","none","KEEP"
"/พื้นที่ให้บริการ/มุกดาหาร","location-page","LONG","OK","KEEP_VALID_LONG_TITLE","KEEP","KEEP","critical_terms_front_loaded_length_signal_only;desc_not_flagged","no","none","KEEP"
"/พื้นที่ให้บริการ/ร้อยเอ็ด","location-page","LONG","OK","KEEP_VALID_LONG_TITLE","KEEP","KEEP","critical_terms_front_loaded_length_signal_only;desc_not_flagged","no","none","KEEP"
"/พื้นที่ให้บริการ/ศรีสะเกษ","location-page","LONG","OK","KEEP_VALID_LONG_TITLE","KEEP","KEEP","critical_terms_front_loaded_length_signal_only;desc_not_flagged","no","none","KEEP"
"/พื้นที่ให้บริการ/สกลนคร","location-page","LONG","OK","KEEP_VALID_LONG_TITLE","KEEP","KEEP","critical_terms_front_loaded_length_signal_only;desc_not_flagged","no","none","KEEP"
"/พื้นที่ให้บริการ/สุพรรณบุรี","location-page","LONG","OK","KEEP_VALID_LONG_TITLE","KEEP","KEEP","critical_terms_front_loaded_length_signal_only;desc_not_flagged","no","none","KEEP"
"/พื้นที่ให้บริการ/หนองคาย","location-page","LONG","OK","KEEP_VALID_LONG_TITLE","KEEP","KEEP","critical_terms_front_loaded_length_signal_only;desc_not_flagged","no","none","KEEP"
"/พื้นที่ให้บริการ/หาดใหญ่","location-page","LONG","OK","KEEP_VALID_LONG_TITLE","KEEP","KEEP","critical_terms_front_loaded_length_signal_only;desc_not_flagged","no","none","KEEP"
"/พื้นที่ให้บริการ/อุดรธานี","location-page","LONG","OK","KEEP_VALID_LONG_TITLE","KEEP","KEEP","critical_terms_front_loaded_length_signal_only;desc_not_flagged","no","none","KEEP"
"/พื้นที่ให้บริการ/เพชรบุรี","location-page","LONG","OK","KEEP_VALID_LONG_TITLE","KEEP","KEEP","critical_terms_front_loaded_length_signal_only;desc_not_flagged","no","none","KEEP"
"/รับซื้อ/รับซื้อ-nintendo-switch-หนองบัวลำภู","service-x-location","LONG","OK","KEEP_VALID_LONG_TITLE","KEEP","KEEP","critical_terms_front_loaded_length_signal_only;desc_not_flagged","no","none","KEEP"
"/รับซื้อ/รับซื้อ-nintendo-switch-อุบลราชธานี","service-x-location","LONG","OK","KEEP_VALID_LONG_TITLE","KEEP","KEEP","critical_terms_front_loaded_length_signal_only;desc_not_flagged","no","none","KEEP"
"/รับซื้อ/รับซื้อ-server-กาฬสินธุ์","service-x-location","LONG","LONG","KEEP_BOTH_VALID","KEEP","KEEP","logistics_phrase_at_end_location_early_valid_if_truncated;long_but_value_proposition_readable_or_truncates_safely","no","none","KEEP"
"/รับซื้อ/รับซื้อ-server-ขอนแก่น","service-x-location","LONG","LONG","KEEP_BOTH_VALID","KEEP","KEEP","logistics_phrase_at_end_location_early_valid_if_truncated;long_but_value_proposition_readable_or_truncates_safely","no","none","KEEP"
"/รับซื้อ/รับซื้อ-server-ชัยภูมิ","service-x-location","LONG","LONG","KEEP_BOTH_VALID","KEEP","KEEP","logistics_phrase_at_end_location_early_valid_if_truncated;long_but_value_proposition_readable_or_truncates_safely","no","none","KEEP"
"/รับซื้อ/รับซื้อ-server-นครพนม","service-x-location","LONG","LONG","KEEP_BOTH_VALID","KEEP","KEEP","logistics_phrase_at_end_location_early_valid_if_truncated;long_but_value_proposition_readable_or_truncates_safely","no","none","KEEP"
"/รับซื้อ/รับซื้อ-server-นครราชสีมา","service-x-location","LONG","LONG","KEEP_BOTH_VALID","KEEP","KEEP","logistics_phrase_at_end_location_early_valid_if_truncated;long_but_value_proposition_readable_or_truncates_safely","no","none","KEEP"
"/รับซื้อ/รับซื้อ-server-บึงกาฬ","service-x-location","LONG","LONG","KEEP_BOTH_VALID","KEEP","KEEP","logistics_phrase_at_end_location_early_valid_if_truncated;long_but_value_proposition_readable_or_truncates_safely","no","none","KEEP"
"/รับซื้อ/รับซื้อ-server-บุรีรัมย์","service-x-location","LONG","LONG","KEEP_BOTH_VALID","KEEP","KEEP","logistics_phrase_at_end_location_early_valid_if_truncated;long_but_value_proposition_readable_or_truncates_safely","no","none","KEEP"
"/รับซื้อ/รับซื้อ-server-มหาสารคาม","service-x-location","LONG","LONG","KEEP_BOTH_VALID","KEEP","KEEP","logistics_phrase_at_end_location_early_valid_if_truncated;long_but_value_proposition_readable_or_truncates_safely","no","none","KEEP"
"/รับซื้อ/รับซื้อ-server-มุกดาหาร","service-x-location","LONG","LONG","KEEP_BOTH_VALID","KEEP","KEEP","logistics_phrase_at_end_location_early_valid_if_truncated;long_but_value_proposition_readable_or_truncates_safely","no","none","KEEP"
"/รับซื้อ/รับซื้อ-server-ยโสธร","service-x-location","LONG","LONG","KEEP_BOTH_VALID","KEEP","KEEP","logistics_phrase_at_end_location_early_valid_if_truncated;long_but_value_proposition_readable_or_truncates_safely","no","none","KEEP"
"/รับซื้อ/รับซื้อ-server-ร้อยเอ็ด","service-x-location","LONG","LONG","KEEP_BOTH_VALID","KEEP","KEEP","logistics_phrase_at_end_location_early_valid_if_truncated;long_but_value_proposition_readable_or_truncates_safely","no","none","KEEP"
"/รับซื้อ/รับซื้อ-server-ศรีสะเกษ","service-x-location","LONG","LONG","KEEP_BOTH_VALID","KEEP","KEEP","logistics_phrase_at_end_location_early_valid_if_truncated;long_but_value_proposition_readable_or_truncates_safely","no","none","KEEP"
"/รับซื้อ/รับซื้อ-server-สกลนคร","service-x-location","LONG","LONG","KEEP_BOTH_VALID","KEEP","KEEP","logistics_phrase_at_end_location_early_valid_if_truncated;long_but_value_proposition_readable_or_truncates_safely","no","none","KEEP"
"/รับซื้อ/รับซื้อ-server-สุรินทร์","service-x-location","LONG","LONG","KEEP_BOTH_VALID","KEEP","KEEP","logistics_phrase_at_end_location_early_valid_if_truncated;long_but_value_proposition_readable_or_truncates_safely","no","none","KEEP"
"/รับซื้อ/รับซื้อ-server-หนองคาย","service-x-location","LONG","LONG","KEEP_BOTH_VALID","KEEP","KEEP","logistics_phrase_at_end_location_early_valid_if_truncated;long_but_value_proposition_readable_or_truncates_safely","no","none","KEEP"
"/รับซื้อ/รับซื้อ-server-หนองบัวลำภู","service-x-location","LONG","LONG","KEEP_BOTH_VALID","KEEP","KEEP","logistics_phrase_at_end_location_early_valid_if_truncated;long_but_value_proposition_readable_or_truncates_safely","no","none","KEEP"
"/รับซื้อ/รับซื้อ-server-อำนาจเจริญ","service-x-location","LONG","LONG","KEEP_BOTH_VALID","KEEP","KEEP","logistics_phrase_at_end_location_early_valid_if_truncated;long_but_value_proposition_readable_or_truncates_safely","no","none","KEEP"
"/รับซื้อ/รับซื้อ-server-อุดรธานี","service-x-location","LONG","LONG","KEEP_BOTH_VALID","KEEP","KEEP","logistics_phrase_at_end_location_early_valid_if_truncated;long_but_value_proposition_readable_or_truncates_safely","no","none","KEEP"
"/รับซื้อ/รับซื้อ-server-อุบลราชธานี","service-x-location","LONG","LONG","KEEP_BOTH_VALID","KEEP","KEEP","logistics_phrase_at_end_location_early_valid_if_truncated;long_but_value_proposition_readable_or_truncates_safely","no","none","KEEP"
"/รับซื้อ/รับซื้อ-server-เลย","service-x-location","LONG","LONG","KEEP_BOTH_VALID","KEEP","KEEP","logistics_phrase_at_end_location_early_valid_if_truncated;long_but_value_proposition_readable_or_truncates_safely","no","none","KEEP"
"/รับซื้อ/รับซื้อ-ups-กาฬสินธุ์","service-x-location","LONG","LONG","KEEP_BOTH_VALID","KEEP","KEEP","logistics_phrase_at_end_location_early_valid_if_truncated;long_but_value_proposition_readable_or_truncates_safely","no","none","KEEP"
"/รับซื้อ/รับซื้อ-ups-ขอนแก่น","service-x-location","LONG","LONG","KEEP_BOTH_VALID","KEEP","KEEP","logistics_phrase_at_end_location_early_valid_if_truncated;long_but_value_proposition_readable_or_truncates_safely","no","none","KEEP"
"/รับซื้อ/รับซื้อ-ups-ชัยภูมิ","service-x-location","LONG","LONG","KEEP_BOTH_VALID","KEEP","KEEP","logistics_phrase_at_end_location_early_valid_if_truncated;long_but_value_proposition_readable_or_truncates_safely","no","none","KEEP"
"/รับซื้อ/รับซื้อ-ups-นครพนม","service-x-location","LONG","LONG","KEEP_BOTH_VALID","KEEP","KEEP","logistics_phrase_at_end_location_early_valid_if_truncated;long_but_value_proposition_readable_or_truncates_safely","no","none","KEEP"
"/รับซื้อ/รับซื้อ-ups-นครราชสีมา","service-x-location","LONG","LONG","KEEP_BOTH_VALID","KEEP","KEEP","logistics_phrase_at_end_location_early_valid_if_truncated;long_but_value_proposition_readable_or_truncates_safely","no","none","KEEP"
"/รับซื้อ/รับซื้อ-ups-บึงกาฬ","service-x-location","LONG","LONG","KEEP_BOTH_VALID","KEEP","KEEP","logistics_phrase_at_end_location_early_valid_if_truncated;long_but_value_proposition_readable_or_truncates_safely","no","none","KEEP"
"/รับซื้อ/รับซื้อ-ups-บุรีรัมย์","service-x-location","LONG","LONG","KEEP_BOTH_VALID","KEEP","KEEP","logistics_phrase_at_end_location_early_valid_if_truncated;long_but_value_proposition_readable_or_truncates_safely","no","none","KEEP"
"/รับซื้อ/รับซื้อ-ups-มหาสารคาม","service-x-location","LONG","LONG","KEEP_BOTH_VALID","KEEP","KEEP","logistics_phrase_at_end_location_early_valid_if_truncated;long_but_value_proposition_readable_or_truncates_safely","no","none","KEEP"
"/รับซื้อ/รับซื้อ-ups-มุกดาหาร","service-x-location","LONG","LONG","KEEP_BOTH_VALID","KEEP","KEEP","logistics_phrase_at_end_location_early_valid_if_truncated;long_but_value_proposition_readable_or_truncates_safely","no","none","KEEP"
"/รับซื้อ/รับซื้อ-ups-ยโสธร","service-x-location","LONG","LONG","KEEP_BOTH_VALID","KEEP","KEEP","logistics_phrase_at_end_location_early_valid_if_truncated;long_but_value_proposition_readable_or_truncates_safely","no","none","KEEP"
"/รับซื้อ/รับซื้อ-ups-ร้อยเอ็ด","service-x-location","LONG","LONG","KEEP_BOTH_VALID","KEEP","KEEP","logistics_phrase_at_end_location_early_valid_if_truncated;long_but_value_proposition_readable_or_truncates_safely","no","none","KEEP"
"/รับซื้อ/รับซื้อ-ups-ศรีสะเกษ","service-x-location","LONG","LONG","KEEP_BOTH_VALID","KEEP","KEEP","logistics_phrase_at_end_location_early_valid_if_truncated;long_but_value_proposition_readable_or_truncates_safely","no","none","KEEP"
"/รับซื้อ/รับซื้อ-ups-สกลนคร","service-x-location","LONG","LONG","KEEP_BOTH_VALID","KEEP","KEEP","logistics_phrase_at_end_location_early_valid_if_truncated;long_but_value_proposition_readable_or_truncates_safely","no","none","KEEP"
"/รับซื้อ/รับซื้อ-ups-สุรินทร์","service-x-location","LONG","LONG","KEEP_BOTH_VALID","KEEP","KEEP","logistics_phrase_at_end_location_early_valid_if_truncated;long_but_value_proposition_readable_or_truncates_safely","no","none","KEEP"
"/รับซื้อ/รับซื้อ-ups-หนองคาย","service-x-location","LONG","LONG","KEEP_BOTH_VALID","KEEP","KEEP","logistics_phrase_at_end_location_early_valid_if_truncated;long_but_value_proposition_readable_or_truncates_safely","no","none","KEEP"
"/รับซื้อ/รับซื้อ-ups-หนองบัวลำภู","service-x-location","LONG","LONG","KEEP_BOTH_VALID","KEEP","KEEP","logistics_phrase_at_end_location_early_valid_if_truncated;long_but_value_proposition_readable_or_truncates_safely","no","none","KEEP"
"/รับซื้อ/รับซื้อ-ups-อำนาจเจริญ","service-x-location","LONG","LONG","KEEP_BOTH_VALID","KEEP","KEEP","logistics_phrase_at_end_location_early_valid_if_truncated;long_but_value_proposition_readable_or_truncates_safely","no","none","KEEP"
"/รับซื้อ/รับซื้อ-ups-อุดรธานี","service-x-location","LONG","LONG","KEEP_BOTH_VALID","KEEP","KEEP","logistics_phrase_at_end_location_early_valid_if_truncated;long_but_value_proposition_readable_or_truncates_safely","no","none","KEEP"
"/รับซื้อ/รับซื้อ-ups-อุบลราชธานี","service-x-location","LONG","LONG","KEEP_BOTH_VALID","KEEP","KEEP","logistics_phrase_at_end_location_early_valid_if_truncated;long_but_value_proposition_readable_or_truncates_safely","no","none","KEEP"
"/รับซื้อ/รับซื้อ-ups-เลย","service-x-location","LONG","LONG","KEEP_BOTH_VALID","KEEP","KEEP","logistics_phrase_at_end_location_early_valid_if_truncated;long_but_value_proposition_readable_or_truncates_safely","no","none","KEEP"
"/รับซื้อ/รับซื้อของสะสม-กาฬสินธุ์","service-x-location","LONG","LONG","KEEP_BOTH_VALID","KEEP","KEEP","logistics_phrase_at_end_location_early_valid_if_truncated;long_but_value_proposition_readable_or_truncates_safely","no","none","KEEP"
"/รับซื้อ/รับซื้อของสะสม-ขอนแก่น","service-x-location","LONG","LONG","KEEP_BOTH_VALID","KEEP","KEEP","logistics_phrase_at_end_location_early_valid_if_truncated;long_but_value_proposition_readable_or_truncates_safely","no","none","KEEP"
"/รับซื้อ/รับซื้อของสะสม-ชัยภูมิ","service-x-location","LONG","LONG","KEEP_BOTH_VALID","KEEP","KEEP","logistics_phrase_at_end_location_early_valid_if_truncated;long_but_value_proposition_readable_or_truncates_safely","no","none","KEEP"
"/รับซื้อ/รับซื้อของสะสม-นครพนม","service-x-location","LONG","LONG","KEEP_BOTH_VALID","KEEP","KEEP","logistics_phrase_at_end_location_early_valid_if_truncated;long_but_value_proposition_readable_or_truncates_safely","no","none","KEEP"
"/รับซื้อ/รับซื้อของสะสม-นครราชสีมา","service-x-location","LONG","LONG","KEEP_BOTH_VALID","KEEP","KEEP","logistics_phrase_at_end_location_early_valid_if_truncated;long_but_value_proposition_readable_or_truncates_safely","no","none","KEEP"
"/รับซื้อ/รับซื้อของสะสม-บึงกาฬ","service-x-location","LONG","LONG","KEEP_BOTH_VALID","KEEP","KEEP","logistics_phrase_at_end_location_early_valid_if_truncated;long_but_value_proposition_readable_or_truncates_safely","no","none","KEEP"
"/รับซื้อ/รับซื้อของสะสม-บุรีรัมย์","service-x-location","LONG","LONG","KEEP_BOTH_VALID","KEEP","KEEP","logistics_phrase_at_end_location_early_valid_if_truncated;long_but_value_proposition_readable_or_truncates_safely","no","none","KEEP"
"/รับซื้อ/รับซื้อของสะสม-มหาสารคาม","service-x-location","LONG","LONG","KEEP_BOTH_VALID","KEEP","KEEP","logistics_phrase_at_end_location_early_valid_if_truncated;long_but_value_proposition_readable_or_truncates_safely","no","none","KEEP"
"/รับซื้อ/รับซื้อของสะสม-มุกดาหาร","service-x-location","LONG","LONG","KEEP_BOTH_VALID","KEEP","KEEP","logistics_phrase_at_end_location_early_valid_if_truncated;long_but_value_proposition_readable_or_truncates_safely","no","none","KEEP"
"/รับซื้อ/รับซื้อของสะสม-ยโสธร","service-x-location","LONG","LONG","KEEP_BOTH_VALID","KEEP","KEEP","logistics_phrase_at_end_location_early_valid_if_truncated;long_but_value_proposition_readable_or_truncates_safely","no","none","KEEP"
"/รับซื้อ/รับซื้อของสะสม-ร้อยเอ็ด","service-x-location","LONG","LONG","KEEP_BOTH_VALID","KEEP","KEEP","logistics_phrase_at_end_location_early_valid_if_truncated;long_but_value_proposition_readable_or_truncates_safely","no","none","KEEP"
"/รับซื้อ/รับซื้อของสะสม-ศรีสะเกษ","service-x-location","LONG","LONG","KEEP_BOTH_VALID","KEEP","KEEP","logistics_phrase_at_end_location_early_valid_if_truncated;long_but_value_proposition_readable_or_truncates_safely","no","none","KEEP"
"/รับซื้อ/รับซื้อของสะสม-สกลนคร","service-x-location","LONG","LONG","KEEP_BOTH_VALID","KEEP","KEEP","logistics_phrase_at_end_location_early_valid_if_truncated;long_but_value_proposition_readable_or_truncates_safely","no","none","KEEP"
"/รับซื้อ/รับซื้อของสะสม-สุรินทร์","service-x-location","LONG","LONG","KEEP_BOTH_VALID","KEEP","KEEP","logistics_phrase_at_end_location_early_valid_if_truncated;long_but_value_proposition_readable_or_truncates_safely","no","none","KEEP"
"/รับซื้อ/รับซื้อของสะสม-หนองคาย","service-x-location","LONG","LONG","KEEP_BOTH_VALID","KEEP","KEEP","logistics_phrase_at_end_location_early_valid_if_truncated;long_but_value_proposition_readable_or_truncates_safely","no","none","KEEP"
"/รับซื้อ/รับซื้อของสะสม-หนองบัวลำภู","service-x-location","LONG","LONG","KEEP_BOTH_VALID","KEEP","KEEP","logistics_phrase_at_end_location_early_valid_if_truncated;long_but_value_proposition_readable_or_truncates_safely","no","none","KEEP"
"/รับซื้อ/รับซื้อของสะสม-อำนาจเจริญ","service-x-location","LONG","LONG","KEEP_BOTH_VALID","KEEP","KEEP","logistics_phrase_at_end_location_early_valid_if_truncated;long_but_value_proposition_readable_or_truncates_safely","no","none","KEEP"
"/รับซื้อ/รับซื้อของสะสม-อุดรธานี","service-x-location","LONG","LONG","KEEP_BOTH_VALID","KEEP","KEEP","logistics_phrase_at_end_location_early_valid_if_truncated;long_but_value_proposition_readable_or_truncates_safely","no","none","KEEP"
"/รับซื้อ/รับซื้อของสะสม-อุบลราชธานี","service-x-location","LONG","LONG","KEEP_BOTH_VALID","KEEP","KEEP","logistics_phrase_at_end_location_early_valid_if_truncated;long_but_value_proposition_readable_or_truncates_safely","no","none","KEEP"
"/รับซื้อ/รับซื้อของสะสม-เลย","service-x-location","LONG","LONG","KEEP_BOTH_VALID","KEEP","KEEP","logistics_phrase_at_end_location_early_valid_if_truncated;long_but_value_proposition_readable_or_truncates_safely","no","none","KEEP"
"/รับซื้อ/รับซื้อคอมพิวเตอร์-อุบลราชธานี","service-x-location","LONG","LONG","KEEP_BOTH_VALID","KEEP","KEEP","critical_terms_front_loaded_length_signal_only;long_but_value_proposition_readable_or_truncates_safely","no","none","KEEP"
"/รับซื้อ/รับซื้อทีวี-กาฬสินธุ์","service-x-location","LONG","LONG","KEEP_BOTH_VALID","KEEP","KEEP","logistics_phrase_at_end_location_early_valid_if_truncated;long_but_value_proposition_readable_or_truncates_safely","no","none","KEEP"
"/รับซื้อ/รับซื้อทีวี-ขอนแก่น","service-x-location","LONG","LONG","KEEP_BOTH_VALID","KEEP","KEEP","logistics_phrase_at_end_location_early_valid_if_truncated;long_but_value_proposition_readable_or_truncates_safely","no","none","KEEP"
"/รับซื้อ/รับซื้อทีวี-ชัยภูมิ","service-x-location","LONG","LONG","KEEP_BOTH_VALID","KEEP","KEEP","logistics_phrase_at_end_location_early_valid_if_truncated;long_but_value_proposition_readable_or_truncates_safely","no","none","KEEP"
"/รับซื้อ/รับซื้อทีวี-นครพนม","service-x-location","LONG","LONG","KEEP_BOTH_VALID","KEEP","KEEP","logistics_phrase_at_end_location_early_valid_if_truncated;long_but_value_proposition_readable_or_truncates_safely","no","none","KEEP"
"/รับซื้อ/รับซื้อทีวี-นครราชสีมา","service-x-location","LONG","LONG","KEEP_BOTH_VALID","KEEP","KEEP","logistics_phrase_at_end_location_early_valid_if_truncated;long_but_value_proposition_readable_or_truncates_safely","no","none","KEEP"
"/รับซื้อ/รับซื้อทีวี-บึงกาฬ","service-x-location","LONG","LONG","KEEP_BOTH_VALID","KEEP","KEEP","logistics_phrase_at_end_location_early_valid_if_truncated;long_but_value_proposition_readable_or_truncates_safely","no","none","KEEP"
"/รับซื้อ/รับซื้อทีวี-บุรีรัมย์","service-x-location","LONG","LONG","KEEP_BOTH_VALID","KEEP","KEEP","logistics_phrase_at_end_location_early_valid_if_truncated;long_but_value_proposition_readable_or_truncates_safely","no","none","KEEP"
"/รับซื้อ/รับซื้อทีวี-มหาสารคาม","service-x-location","LONG","LONG","KEEP_BOTH_VALID","KEEP","KEEP","logistics_phrase_at_end_location_early_valid_if_truncated;long_but_value_proposition_readable_or_truncates_safely","no","none","KEEP"
"/รับซื้อ/รับซื้อทีวี-มุกดาหาร","service-x-location","LONG","LONG","KEEP_BOTH_VALID","KEEP","KEEP","logistics_phrase_at_end_location_early_valid_if_truncated;long_but_value_proposition_readable_or_truncates_safely","no","none","KEEP"
"/รับซื้อ/รับซื้อทีวี-ยโสธร","service-x-location","LONG","LONG","KEEP_BOTH_VALID","KEEP","KEEP","logistics_phrase_at_end_location_early_valid_if_truncated;long_but_value_proposition_readable_or_truncates_safely","no","none","KEEP"
"/รับซื้อ/รับซื้อทีวี-ร้อยเอ็ด","service-x-location","LONG","LONG","KEEP_BOTH_VALID","KEEP","KEEP","logistics_phrase_at_end_location_early_valid_if_truncated;long_but_value_proposition_readable_or_truncates_safely","no","none","KEEP"
"/รับซื้อ/รับซื้อทีวี-ศรีสะเกษ","service-x-location","LONG","LONG","KEEP_BOTH_VALID","KEEP","KEEP","logistics_phrase_at_end_location_early_valid_if_truncated;long_but_value_proposition_readable_or_truncates_safely","no","none","KEEP"
"/รับซื้อ/รับซื้อทีวี-สกลนคร","service-x-location","LONG","LONG","KEEP_BOTH_VALID","KEEP","KEEP","logistics_phrase_at_end_location_early_valid_if_truncated;long_but_value_proposition_readable_or_truncates_safely","no","none","KEEP"
"/รับซื้อ/รับซื้อทีวี-สุรินทร์","service-x-location","LONG","LONG","KEEP_BOTH_VALID","KEEP","KEEP","logistics_phrase_at_end_location_early_valid_if_truncated;long_but_value_proposition_readable_or_truncates_safely","no","none","KEEP"
"/รับซื้อ/รับซื้อทีวี-หนองคาย","service-x-location","LONG","LONG","KEEP_BOTH_VALID","KEEP","KEEP","logistics_phrase_at_end_location_early_valid_if_truncated;long_but_value_proposition_readable_or_truncates_safely","no","none","KEEP"
"/รับซื้อ/รับซื้อทีวี-หนองบัวลำภู","service-x-location","LONG","LONG","KEEP_BOTH_VALID","KEEP","KEEP","logistics_phrase_at_end_location_early_valid_if_truncated;long_but_value_proposition_readable_or_truncates_safely","no","none","KEEP"
"/รับซื้อ/รับซื้อทีวี-อำนาจเจริญ","service-x-location","LONG","LONG","KEEP_BOTH_VALID","KEEP","KEEP","logistics_phrase_at_end_location_early_valid_if_truncated;long_but_value_proposition_readable_or_truncates_safely","no","none","KEEP"
"/รับซื้อ/รับซื้อทีวี-อุดรธานี","service-x-location","LONG","LONG","KEEP_BOTH_VALID","KEEP","KEEP","logistics_phrase_at_end_location_early_valid_if_truncated;long_but_value_proposition_readable_or_truncates_safely","no","none","KEEP"
"/รับซื้อ/รับซื้อทีวี-อุบลราชธานี","service-x-location","LONG","LONG","KEEP_BOTH_VALID","KEEP","KEEP","logistics_phrase_at_end_location_early_valid_if_truncated;long_but_value_proposition_readable_or_truncates_safely","no","none","KEEP"
"/รับซื้อ/รับซื้อทีวี-เลย","service-x-location","LONG","LONG","KEEP_BOTH_VALID","KEEP","KEEP","logistics_phrase_at_end_location_early_valid_if_truncated;long_but_value_proposition_readable_or_truncates_safely","no","none","KEEP"
"/รับซื้อ/รับซื้ออุปกรณ์-network-กาฬสินธุ์","service-x-location","LONG","LONG","KEEP_BOTH_VALID","KEEP","KEEP","logistics_phrase_at_end_location_early_valid_if_truncated;long_but_value_proposition_readable_or_truncates_safely","no","none","KEEP"
"/รับซื้อ/รับซื้ออุปกรณ์-network-ขอนแก่น","service-x-location","LONG","LONG","KEEP_BOTH_VALID","KEEP","KEEP","logistics_phrase_at_end_location_early_valid_if_truncated;long_but_value_proposition_readable_or_truncates_safely","no","none","KEEP"
"/รับซื้อ/รับซื้ออุปกรณ์-network-ชัยภูมิ","service-x-location","LONG","LONG","KEEP_BOTH_VALID","KEEP","KEEP","logistics_phrase_at_end_location_early_valid_if_truncated;long_but_value_proposition_readable_or_truncates_safely","no","none","KEEP"
"/รับซื้อ/รับซื้ออุปกรณ์-network-นครพนม","service-x-location","LONG","LONG","KEEP_BOTH_VALID","KEEP","KEEP","logistics_phrase_at_end_location_early_valid_if_truncated;long_but_value_proposition_readable_or_truncates_safely","no","none","KEEP"
"/รับซื้อ/รับซื้ออุปกรณ์-network-นครราชสีมา","service-x-location","LONG","LONG","KEEP_BOTH_VALID","KEEP","KEEP","logistics_phrase_at_end_location_early_valid_if_truncated;long_but_value_proposition_readable_or_truncates_safely","no","none","KEEP"
"/รับซื้อ/รับซื้ออุปกรณ์-network-บึงกาฬ","service-x-location","LONG","LONG","KEEP_BOTH_VALID","KEEP","KEEP","logistics_phrase_at_end_location_early_valid_if_truncated;long_but_value_proposition_readable_or_truncates_safely","no","none","KEEP"
"/รับซื้อ/รับซื้ออุปกรณ์-network-บุรีรัมย์","service-x-location","LONG","LONG","KEEP_BOTH_VALID","KEEP","KEEP","logistics_phrase_at_end_location_early_valid_if_truncated;long_but_value_proposition_readable_or_truncates_safely","no","none","KEEP"
"/รับซื้อ/รับซื้ออุปกรณ์-network-มหาสารคาม","service-x-location","LONG","LONG","KEEP_BOTH_VALID","KEEP","KEEP","logistics_phrase_at_end_location_early_valid_if_truncated;long_but_value_proposition_readable_or_truncates_safely","no","none","KEEP"
"/รับซื้อ/รับซื้ออุปกรณ์-network-มุกดาหาร","service-x-location","LONG","LONG","KEEP_BOTH_VALID","KEEP","KEEP","logistics_phrase_at_end_location_early_valid_if_truncated;long_but_value_proposition_readable_or_truncates_safely","no","none","KEEP"
"/รับซื้อ/รับซื้ออุปกรณ์-network-ยโสธร","service-x-location","LONG","LONG","KEEP_BOTH_VALID","KEEP","KEEP","logistics_phrase_at_end_location_early_valid_if_truncated;long_but_value_proposition_readable_or_truncates_safely","no","none","KEEP"
"/รับซื้อ/รับซื้ออุปกรณ์-network-ร้อยเอ็ด","service-x-location","LONG","LONG","KEEP_BOTH_VALID","KEEP","KEEP","logistics_phrase_at_end_location_early_valid_if_truncated;long_but_value_proposition_readable_or_truncates_safely","no","none","KEEP"
"/รับซื้อ/รับซื้ออุปกรณ์-network-ศรีสะเกษ","service-x-location","LONG","LONG","KEEP_BOTH_VALID","KEEP","KEEP","logistics_phrase_at_end_location_early_valid_if_truncated;long_but_value_proposition_readable_or_truncates_safely","no","none","KEEP"
"/รับซื้อ/รับซื้ออุปกรณ์-network-สกลนคร","service-x-location","LONG","LONG","KEEP_BOTH_VALID","KEEP","KEEP","logistics_phrase_at_end_location_early_valid_if_truncated;long_but_value_proposition_readable_or_truncates_safely","no","none","KEEP"
"/รับซื้อ/รับซื้ออุปกรณ์-network-สุรินทร์","service-x-location","LONG","LONG","KEEP_BOTH_VALID","KEEP","KEEP","logistics_phrase_at_end_location_early_valid_if_truncated;long_but_value_proposition_readable_or_truncates_safely","no","none","KEEP"
"/รับซื้อ/รับซื้ออุปกรณ์-network-หนองคาย","service-x-location","LONG","LONG","KEEP_BOTH_VALID","KEEP","KEEP","logistics_phrase_at_end_location_early_valid_if_truncated;long_but_value_proposition_readable_or_truncates_safely","no","none","KEEP"
"/รับซื้อ/รับซื้ออุปกรณ์-network-หนองบัวลำภู","service-x-location","LONG","LONG","KEEP_BOTH_VALID","KEEP","KEEP","logistics_phrase_at_end_location_early_valid_if_truncated;long_but_value_proposition_readable_or_truncates_safely","no","none","KEEP"
"/รับซื้อ/รับซื้ออุปกรณ์-network-อำนาจเจริญ","service-x-location","LONG","LONG","KEEP_BOTH_VALID","KEEP","KEEP","logistics_phrase_at_end_location_early_valid_if_truncated;long_but_value_proposition_readable_or_truncates_safely","no","none","KEEP"
"/รับซื้อ/รับซื้ออุปกรณ์-network-อุดรธานี","service-x-location","LONG","LONG","KEEP_BOTH_VALID","KEEP","KEEP","logistics_phrase_at_end_location_early_valid_if_truncated;long_but_value_proposition_readable_or_truncates_safely","no","none","KEEP"
"/รับซื้อ/รับซื้ออุปกรณ์-network-อุบลราชธานี","service-x-location","LONG","LONG","KEEP_BOTH_VALID","KEEP","KEEP","logistics_phrase_at_end_location_early_valid_if_truncated;long_but_value_proposition_readable_or_truncates_safely","no","none","KEEP"
"/รับซื้อ/รับซื้ออุปกรณ์-network-เลย","service-x-location","LONG","LONG","KEEP_BOTH_VALID","KEEP","KEEP","logistics_phrase_at_end_location_early_valid_if_truncated;long_but_value_proposition_readable_or_truncates_safely","no","none","KEEP"
"/รับซื้อ/รับซื้ออุปกรณ์คอมพิวเตอร์-กาฬสินธุ์","service-x-location","LONG","OK","KEEP_VALID_LONG_TITLE","KEEP","KEEP","critical_terms_front_loaded_length_signal_only;desc_not_flagged","no","none","KEEP"
"/รับซื้อ/รับซื้ออุปกรณ์คอมพิวเตอร์-นครราชสีมา","service-x-location","LONG","OK","KEEP_VALID_LONG_TITLE","KEEP","KEEP","critical_terms_front_loaded_length_signal_only;desc_not_flagged","no","none","KEEP"
"/รับซื้อ/รับซื้ออุปกรณ์คอมพิวเตอร์-บุรีรัมย์","service-x-location","LONG","OK","KEEP_VALID_LONG_TITLE","KEEP","KEEP","critical_terms_front_loaded_length_signal_only;desc_not_flagged","no","none","KEEP"
"/รับซื้อ/รับซื้ออุปกรณ์คอมพิวเตอร์-มหาสารคาม","service-x-location","LONG","OK","KEEP_VALID_LONG_TITLE","KEEP","KEEP","critical_terms_front_loaded_length_signal_only;desc_not_flagged","no","none","KEEP"
"/รับซื้อ/รับซื้ออุปกรณ์คอมพิวเตอร์-มุกดาหาร","service-x-location","LONG","OK","KEEP_VALID_LONG_TITLE","KEEP","KEEP","critical_terms_front_loaded_length_signal_only;desc_not_flagged","no","none","KEEP"
"/รับซื้อ/รับซื้ออุปกรณ์คอมพิวเตอร์-ร้อยเอ็ด","service-x-location","LONG","OK","KEEP_VALID_LONG_TITLE","KEEP","KEEP","critical_terms_front_loaded_length_signal_only;desc_not_flagged","no","none","KEEP"
"/รับซื้อ/รับซื้ออุปกรณ์คอมพิวเตอร์-ศรีสะเกษ","service-x-location","LONG","OK","KEEP_VALID_LONG_TITLE","KEEP","KEEP","critical_terms_front_loaded_length_signal_only;desc_not_flagged","no","none","KEEP"
"/รับซื้อ/รับซื้ออุปกรณ์คอมพิวเตอร์-สุรินทร์","service-x-location","LONG","OK","KEEP_VALID_LONG_TITLE","KEEP","KEEP","critical_terms_front_loaded_length_signal_only;desc_not_flagged","no","none","KEEP"
"/รับซื้อ/รับซื้ออุปกรณ์คอมพิวเตอร์-หนองบัวลำภู","service-x-location","LONG","OK","KEEP_VALID_LONG_TITLE","KEEP","KEEP","critical_terms_front_loaded_length_signal_only;desc_not_flagged","no","none","KEEP"
"/รับซื้อ/รับซื้ออุปกรณ์คอมพิวเตอร์-อำนาจเจริญ","service-x-location","LONG","OK","KEEP_VALID_LONG_TITLE","KEEP","KEEP","critical_terms_front_loaded_length_signal_only;desc_not_flagged","no","none","KEEP"
"/รับซื้อ/รับซื้ออุปกรณ์คอมพิวเตอร์-อุดรธานี","service-x-location","LONG","OK","KEEP_VALID_LONG_TITLE","KEEP","KEEP","critical_terms_front_loaded_length_signal_only;desc_not_flagged","no","none","KEEP"
"/รับซื้อ/รับซื้ออุปกรณ์คอมพิวเตอร์-อุบลราชธานี","service-x-location","LONG","OK","KEEP_VALID_LONG_TITLE","KEEP","KEEP","critical_terms_front_loaded_length_signal_only;desc_not_flagged","no","none","KEEP"
"/รับซื้อ/รับซื้อเครื่องใช้ไฟฟ้า-กาฬสินธุ์","service-x-location","LONG","LONG","KEEP_BOTH_VALID","KEEP","KEEP","logistics_phrase_at_end_location_early_valid_if_truncated;long_but_value_proposition_readable_or_truncates_safely","no","none","KEEP"
"/รับซื้อ/รับซื้อเครื่องใช้ไฟฟ้า-ขอนแก่น","service-x-location","LONG","LONG","KEEP_BOTH_VALID","KEEP","KEEP","logistics_phrase_at_end_location_early_valid_if_truncated;long_but_value_proposition_readable_or_truncates_safely","no","none","KEEP"
"/รับซื้อ/รับซื้อเครื่องใช้ไฟฟ้า-ชัยภูมิ","service-x-location","LONG","LONG","KEEP_BOTH_VALID","KEEP","KEEP","logistics_phrase_at_end_location_early_valid_if_truncated;long_but_value_proposition_readable_or_truncates_safely","no","none","KEEP"
"/รับซื้อ/รับซื้อเครื่องใช้ไฟฟ้า-นครพนม","service-x-location","LONG","LONG","KEEP_BOTH_VALID","KEEP","KEEP","logistics_phrase_at_end_location_early_valid_if_truncated;long_but_value_proposition_readable_or_truncates_safely","no","none","KEEP"
"/รับซื้อ/รับซื้อเครื่องใช้ไฟฟ้า-นครราชสีมา","service-x-location","LONG","LONG","KEEP_BOTH_VALID","KEEP","KEEP","logistics_phrase_at_end_location_early_valid_if_truncated;long_but_value_proposition_readable_or_truncates_safely","no","none","KEEP"
"/รับซื้อ/รับซื้อเครื่องใช้ไฟฟ้า-บึงกาฬ","service-x-location","LONG","LONG","KEEP_BOTH_VALID","KEEP","KEEP","logistics_phrase_at_end_location_early_valid_if_truncated;long_but_value_proposition_readable_or_truncates_safely","no","none","KEEP"
"/รับซื้อ/รับซื้อเครื่องใช้ไฟฟ้า-บุรีรัมย์","service-x-location","LONG","LONG","KEEP_BOTH_VALID","KEEP","KEEP","logistics_phrase_at_end_location_early_valid_if_truncated;long_but_value_proposition_readable_or_truncates_safely","no","none","KEEP"
"/รับซื้อ/รับซื้อเครื่องใช้ไฟฟ้า-มหาสารคาม","service-x-location","LONG","LONG","KEEP_BOTH_VALID","KEEP","KEEP","logistics_phrase_at_end_location_early_valid_if_truncated;long_but_value_proposition_readable_or_truncates_safely","no","none","KEEP"
"/รับซื้อ/รับซื้อเครื่องใช้ไฟฟ้า-มุกดาหาร","service-x-location","LONG","LONG","KEEP_BOTH_VALID","KEEP","KEEP","logistics_phrase_at_end_location_early_valid_if_truncated;long_but_value_proposition_readable_or_truncates_safely","no","none","KEEP"
"/รับซื้อ/รับซื้อเครื่องใช้ไฟฟ้า-ยโสธร","service-x-location","LONG","LONG","KEEP_BOTH_VALID","KEEP","KEEP","logistics_phrase_at_end_location_early_valid_if_truncated;long_but_value_proposition_readable_or_truncates_safely","no","none","KEEP"
"/รับซื้อ/รับซื้อเครื่องใช้ไฟฟ้า-ร้อยเอ็ด","service-x-location","LONG","LONG","KEEP_BOTH_VALID","KEEP","KEEP","logistics_phrase_at_end_location_early_valid_if_truncated;long_but_value_proposition_readable_or_truncates_safely","no","none","KEEP"
"/รับซื้อ/รับซื้อเครื่องใช้ไฟฟ้า-ศรีสะเกษ","service-x-location","LONG","LONG","KEEP_BOTH_VALID","KEEP","KEEP","logistics_phrase_at_end_location_early_valid_if_truncated;long_but_value_proposition_readable_or_truncates_safely","no","none","KEEP"
"/รับซื้อ/รับซื้อเครื่องใช้ไฟฟ้า-สกลนคร","service-x-location","LONG","LONG","KEEP_BOTH_VALID","KEEP","KEEP","logistics_phrase_at_end_location_early_valid_if_truncated;long_but_value_proposition_readable_or_truncates_safely","no","none","KEEP"
"/รับซื้อ/รับซื้อเครื่องใช้ไฟฟ้า-สุรินทร์","service-x-location","LONG","LONG","KEEP_BOTH_VALID","KEEP","KEEP","logistics_phrase_at_end_location_early_valid_if_truncated;long_but_value_proposition_readable_or_truncates_safely","no","none","KEEP"
"/รับซื้อ/รับซื้อเครื่องใช้ไฟฟ้า-หนองคาย","service-x-location","LONG","LONG","KEEP_BOTH_VALID","KEEP","KEEP","logistics_phrase_at_end_location_early_valid_if_truncated;long_but_value_proposition_readable_or_truncates_safely","no","none","KEEP"
"/รับซื้อ/รับซื้อเครื่องใช้ไฟฟ้า-หนองบัวลำภู","service-x-location","LONG","LONG","KEEP_BOTH_VALID","KEEP","KEEP","logistics_phrase_at_end_location_early_valid_if_truncated;long_but_value_proposition_readable_or_truncates_safely","no","none","KEEP"
"/รับซื้อ/รับซื้อเครื่องใช้ไฟฟ้า-อำนาจเจริญ","service-x-location","LONG","LONG","KEEP_BOTH_VALID","KEEP","KEEP","logistics_phrase_at_end_location_early_valid_if_truncated;long_but_value_proposition_readable_or_truncates_safely","no","none","KEEP"
"/รับซื้อ/รับซื้อเครื่องใช้ไฟฟ้า-อุดรธานี","service-x-location","LONG","LONG","KEEP_BOTH_VALID","KEEP","KEEP","logistics_phrase_at_end_location_early_valid_if_truncated;long_but_value_proposition_readable_or_truncates_safely","no","none","KEEP"
"/รับซื้อ/รับซื้อเครื่องใช้ไฟฟ้า-อุบลราชธานี","service-x-location","LONG","LONG","KEEP_BOTH_VALID","KEEP","KEEP","logistics_phrase_at_end_location_early_valid_if_truncated;long_but_value_proposition_readable_or_truncates_safely","no","none","KEEP"
"/รับซื้อ/รับซื้อเครื่องใช้ไฟฟ้า-เลย","service-x-location","LONG","LONG","KEEP_BOTH_VALID","KEEP","KEEP","logistics_phrase_at_end_location_early_valid_if_truncated;long_but_value_proposition_readable_or_truncates_safely","no","none","KEEP"
"/รับซื้อ/รับซื้อเฟอร์นิเจอร์-กาฬสินธุ์","service-x-location","LONG","LONG","KEEP_BOTH_VALID","KEEP","KEEP","logistics_phrase_at_end_location_early_valid_if_truncated;long_but_value_proposition_readable_or_truncates_safely","no","none","KEEP"
"/รับซื้อ/รับซื้อเฟอร์นิเจอร์-ขอนแก่น","service-x-location","LONG","LONG","KEEP_BOTH_VALID","KEEP","KEEP","logistics_phrase_at_end_location_early_valid_if_truncated;long_but_value_proposition_readable_or_truncates_safely","no","none","KEEP"
"/รับซื้อ/รับซื้อเฟอร์นิเจอร์-ชัยภูมิ","service-x-location","LONG","LONG","KEEP_BOTH_VALID","KEEP","KEEP","logistics_phrase_at_end_location_early_valid_if_truncated;long_but_value_proposition_readable_or_truncates_safely","no","none","KEEP"
"/รับซื้อ/รับซื้อเฟอร์นิเจอร์-นครพนม","service-x-location","LONG","LONG","KEEP_BOTH_VALID","KEEP","KEEP","logistics_phrase_at_end_location_early_valid_if_truncated;long_but_value_proposition_readable_or_truncates_safely","no","none","KEEP"
"/รับซื้อ/รับซื้อเฟอร์นิเจอร์-นครราชสีมา","service-x-location","LONG","LONG","KEEP_BOTH_VALID","KEEP","KEEP","logistics_phrase_at_end_location_early_valid_if_truncated;long_but_value_proposition_readable_or_truncates_safely","no","none","KEEP"
"/รับซื้อ/รับซื้อเฟอร์นิเจอร์-บึงกาฬ","service-x-location","LONG","LONG","KEEP_BOTH_VALID","KEEP","KEEP","logistics_phrase_at_end_location_early_valid_if_truncated;long_but_value_proposition_readable_or_truncates_safely","no","none","KEEP"
"/รับซื้อ/รับซื้อเฟอร์นิเจอร์-บุรีรัมย์","service-x-location","LONG","LONG","KEEP_BOTH_VALID","KEEP","KEEP","logistics_phrase_at_end_location_early_valid_if_truncated;long_but_value_proposition_readable_or_truncates_safely","no","none","KEEP"
"/รับซื้อ/รับซื้อเฟอร์นิเจอร์-มหาสารคาม","service-x-location","LONG","LONG","KEEP_BOTH_VALID","KEEP","KEEP","logistics_phrase_at_end_location_early_valid_if_truncated;long_but_value_proposition_readable_or_truncates_safely","no","none","KEEP"
"/รับซื้อ/รับซื้อเฟอร์นิเจอร์-มุกดาหาร","service-x-location","LONG","LONG","KEEP_BOTH_VALID","KEEP","KEEP","logistics_phrase_at_end_location_early_valid_if_truncated;long_but_value_proposition_readable_or_truncates_safely","no","none","KEEP"
"/รับซื้อ/รับซื้อเฟอร์นิเจอร์-ยโสธร","service-x-location","LONG","LONG","KEEP_BOTH_VALID","KEEP","KEEP","logistics_phrase_at_end_location_early_valid_if_truncated;long_but_value_proposition_readable_or_truncates_safely","no","none","KEEP"
"/รับซื้อ/รับซื้อเฟอร์นิเจอร์-ร้อยเอ็ด","service-x-location","LONG","LONG","KEEP_BOTH_VALID","KEEP","KEEP","logistics_phrase_at_end_location_early_valid_if_truncated;long_but_value_proposition_readable_or_truncates_safely","no","none","KEEP"
"/รับซื้อ/รับซื้อเฟอร์นิเจอร์-ศรีสะเกษ","service-x-location","LONG","LONG","KEEP_BOTH_VALID","KEEP","KEEP","logistics_phrase_at_end_location_early_valid_if_truncated;long_but_value_proposition_readable_or_truncates_safely","no","none","KEEP"
"/รับซื้อ/รับซื้อเฟอร์นิเจอร์-สกลนคร","service-x-location","LONG","LONG","KEEP_BOTH_VALID","KEEP","KEEP","logistics_phrase_at_end_location_early_valid_if_truncated;long_but_value_proposition_readable_or_truncates_safely","no","none","KEEP"
"/รับซื้อ/รับซื้อเฟอร์นิเจอร์-สุรินทร์","service-x-location","LONG","LONG","KEEP_BOTH_VALID","KEEP","KEEP","logistics_phrase_at_end_location_early_valid_if_truncated;long_but_value_proposition_readable_or_truncates_safely","no","none","KEEP"
"/รับซื้อ/รับซื้อเฟอร์นิเจอร์-หนองคาย","service-x-location","LONG","LONG","KEEP_BOTH_VALID","KEEP","KEEP","logistics_phrase_at_end_location_early_valid_if_truncated;long_but_value_proposition_readable_or_truncates_safely","no","none","KEEP"
"/รับซื้อ/รับซื้อเฟอร์นิเจอร์-หนองบัวลำภู","service-x-location","LONG","LONG","KEEP_BOTH_VALID","KEEP","KEEP","logistics_phrase_at_end_location_early_valid_if_truncated;long_but_value_proposition_readable_or_truncates_safely","no","none","KEEP"
"/รับซื้อ/รับซื้อเฟอร์นิเจอร์-อำนาจเจริญ","service-x-location","LONG","LONG","KEEP_BOTH_VALID","KEEP","KEEP","logistics_phrase_at_end_location_early_valid_if_truncated;long_but_value_proposition_readable_or_truncates_safely","no","none","KEEP"
"/รับซื้อ/รับซื้อเฟอร์นิเจอร์-อุดรธานี","service-x-location","LONG","LONG","KEEP_BOTH_VALID","KEEP","KEEP","logistics_phrase_at_end_location_early_valid_if_truncated;long_but_value_proposition_readable_or_truncates_safely","no","none","KEEP"
"/รับซื้อ/รับซื้อเฟอร์นิเจอร์-อุบลราชธานี","service-x-location","LONG","LONG","KEEP_BOTH_VALID","KEEP","KEEP","logistics_phrase_at_end_location_early_valid_if_truncated;long_but_value_proposition_readable_or_truncates_safely","no","none","KEEP"
"/รับซื้อ/รับซื้อเฟอร์นิเจอร์-เลย","service-x-location","LONG","LONG","KEEP_BOTH_VALID","KEEP","KEEP","logistics_phrase_at_end_location_early_valid_if_truncated;long_but_value_proposition_readable_or_truncates_safely","no","none","KEEP"
"/รับซื้อ/รับซื้อโดรน-กาฬสินธุ์","service-x-location","LONG","LONG","KEEP_BOTH_VALID","KEEP","KEEP","logistics_phrase_at_end_location_early_valid_if_truncated;long_but_value_proposition_readable_or_truncates_safely","no","none","KEEP"
"/รับซื้อ/รับซื้อโดรน-ขอนแก่น","service-x-location","LONG","LONG","KEEP_BOTH_VALID","KEEP","KEEP","logistics_phrase_at_end_location_early_valid_if_truncated;long_but_value_proposition_readable_or_truncates_safely","no","none","KEEP"
"/รับซื้อ/รับซื้อโดรน-ชัยภูมิ","service-x-location","LONG","LONG","KEEP_BOTH_VALID","KEEP","KEEP","logistics_phrase_at_end_location_early_valid_if_truncated;long_but_value_proposition_readable_or_truncates_safely","no","none","KEEP"
"/รับซื้อ/รับซื้อโดรน-นครพนม","service-x-location","LONG","LONG","KEEP_BOTH_VALID","KEEP","KEEP","logistics_phrase_at_end_location_early_valid_if_truncated;long_but_value_proposition_readable_or_truncates_safely","no","none","KEEP"
"/รับซื้อ/รับซื้อโดรน-นครราชสีมา","service-x-location","LONG","LONG","KEEP_BOTH_VALID","KEEP","KEEP","logistics_phrase_at_end_location_early_valid_if_truncated;long_but_value_proposition_readable_or_truncates_safely","no","none","KEEP"
"/รับซื้อ/รับซื้อโดรน-บึงกาฬ","service-x-location","LONG","LONG","KEEP_BOTH_VALID","KEEP","KEEP","logistics_phrase_at_end_location_early_valid_if_truncated;long_but_value_proposition_readable_or_truncates_safely","no","none","KEEP"
"/รับซื้อ/รับซื้อโดรน-บุรีรัมย์","service-x-location","LONG","LONG","KEEP_BOTH_VALID","KEEP","KEEP","logistics_phrase_at_end_location_early_valid_if_truncated;long_but_value_proposition_readable_or_truncates_safely","no","none","KEEP"
"/รับซื้อ/รับซื้อโดรน-มหาสารคาม","service-x-location","LONG","LONG","KEEP_BOTH_VALID","KEEP","KEEP","logistics_phrase_at_end_location_early_valid_if_truncated;long_but_value_proposition_readable_or_truncates_safely","no","none","KEEP"
"/รับซื้อ/รับซื้อโดรน-มุกดาหาร","service-x-location","LONG","LONG","KEEP_BOTH_VALID","KEEP","KEEP","logistics_phrase_at_end_location_early_valid_if_truncated;long_but_value_proposition_readable_or_truncates_safely","no","none","KEEP"
"/รับซื้อ/รับซื้อโดรน-ยโสธร","service-x-location","LONG","LONG","KEEP_BOTH_VALID","KEEP","KEEP","logistics_phrase_at_end_location_early_valid_if_truncated;long_but_value_proposition_readable_or_truncates_safely","no","none","KEEP"
"/รับซื้อ/รับซื้อโดรน-ร้อยเอ็ด","service-x-location","LONG","LONG","KEEP_BOTH_VALID","KEEP","KEEP","logistics_phrase_at_end_location_early_valid_if_truncated;long_but_value_proposition_readable_or_truncates_safely","no","none","KEEP"
"/รับซื้อ/รับซื้อโดรน-ศรีสะเกษ","service-x-location","LONG","LONG","KEEP_BOTH_VALID","KEEP","KEEP","logistics_phrase_at_end_location_early_valid_if_truncated;long_but_value_proposition_readable_or_truncates_safely","no","none","KEEP"
"/รับซื้อ/รับซื้อโดรน-สกลนคร","service-x-location","LONG","LONG","KEEP_BOTH_VALID","KEEP","KEEP","logistics_phrase_at_end_location_early_valid_if_truncated;long_but_value_proposition_readable_or_truncates_safely","no","none","KEEP"
"/รับซื้อ/รับซื้อโดรน-สุรินทร์","service-x-location","LONG","LONG","KEEP_BOTH_VALID","KEEP","KEEP","logistics_phrase_at_end_location_early_valid_if_truncated;long_but_value_proposition_readable_or_truncates_safely","no","none","KEEP"
"/รับซื้อ/รับซื้อโดรน-หนองคาย","service-x-location","LONG","LONG","KEEP_BOTH_VALID","KEEP","KEEP","logistics_phrase_at_end_location_early_valid_if_truncated;long_but_value_proposition_readable_or_truncates_safely","no","none","KEEP"
"/รับซื้อ/รับซื้อโดรน-หนองบัวลำภู","service-x-location","LONG","LONG","KEEP_BOTH_VALID","KEEP","KEEP","logistics_phrase_at_end_location_early_valid_if_truncated;long_but_value_proposition_readable_or_truncates_safely","no","none","KEEP"
"/รับซื้อ/รับซื้อโดรน-อำนาจเจริญ","service-x-location","LONG","LONG","KEEP_BOTH_VALID","KEEP","KEEP","logistics_phrase_at_end_location_early_valid_if_truncated;long_but_value_proposition_readable_or_truncates_safely","no","none","KEEP"
"/รับซื้อ/รับซื้อโดรน-อุดรธานี","service-x-location","LONG","LONG","KEEP_BOTH_VALID","KEEP","KEEP","logistics_phrase_at_end_location_early_valid_if_truncated;long_but_value_proposition_readable_or_truncates_safely","no","none","KEEP"
"/รับซื้อ/รับซื้อโดรน-อุบลราชธานี","service-x-location","LONG","LONG","KEEP_BOTH_VALID","KEEP","KEEP","logistics_phrase_at_end_location_early_valid_if_truncated;long_but_value_proposition_readable_or_truncates_safely","no","none","KEEP"
"/รับซื้อ/รับซื้อโดรน-เลย","service-x-location","LONG","LONG","KEEP_BOTH_VALID","KEEP","KEEP","logistics_phrase_at_end_location_early_valid_if_truncated;long_but_value_proposition_readable_or_truncates_safely","no","none","KEEP"
"/รับซื้อ/รับซื้อโน๊ตบุ๊ค-อุบลราชธานี","service-x-location","LONG","LONG","BOILERPLATE_OVERLOAD","EDIT","EDIT","payment_process_boilerplate_in_title_pushes_differentiators_or_wastes_serp_space;long_but_value_proposition_readable_or_truncates_safely;applied_in_batch_10","no","low-medium","EDIT_BOTH"
"/รับซื้อ/รับซื้อโน๊ตบุ๊คเกมมิ่ง-หนองบัวลำภู","service-x-location","LONG","OK","KEEP_VALID_LONG_TITLE","KEEP","KEEP","critical_terms_front_loaded_length_signal_only;desc_not_flagged","no","none","KEEP"
"/รับซื้อ/รับซื้อโน๊ตบุ๊คเกมมิ่ง-อุบลราชธานี","service-x-location","LONG","OK","KEEP_VALID_LONG_TITLE","KEEP","KEEP","critical_terms_front_loaded_length_signal_only;desc_not_flagged","no","none","KEEP"
"/รับซื้อ/รับเหมาประมูลอุปกรณ์ไอที-กาฬสินธุ์","service-x-location","LONG","LONG","KEEP_BOTH_VALID","KEEP","KEEP","logistics_phrase_at_end_location_early_valid_if_truncated;long_but_value_proposition_readable_or_truncates_safely","no","none","KEEP"
"/รับซื้อ/รับเหมาประมูลอุปกรณ์ไอที-ขอนแก่น","service-x-location","LONG","LONG","KEEP_BOTH_VALID","KEEP","KEEP","logistics_phrase_at_end_location_early_valid_if_truncated;long_but_value_proposition_readable_or_truncates_safely","no","none","KEEP"
"/รับซื้อ/รับเหมาประมูลอุปกรณ์ไอที-ชัยภูมิ","service-x-location","LONG","LONG","KEEP_BOTH_VALID","KEEP","KEEP","logistics_phrase_at_end_location_early_valid_if_truncated;long_but_value_proposition_readable_or_truncates_safely","no","none","KEEP"
"/รับซื้อ/รับเหมาประมูลอุปกรณ์ไอที-นครพนม","service-x-location","LONG","LONG","KEEP_BOTH_VALID","KEEP","KEEP","logistics_phrase_at_end_location_early_valid_if_truncated;long_but_value_proposition_readable_or_truncates_safely","no","none","KEEP"
"/รับซื้อ/รับเหมาประมูลอุปกรณ์ไอที-นครราชสีมา","service-x-location","LONG","LONG","KEEP_BOTH_VALID","KEEP","KEEP","logistics_phrase_at_end_location_early_valid_if_truncated;long_but_value_proposition_readable_or_truncates_safely","no","none","KEEP"
"/รับซื้อ/รับเหมาประมูลอุปกรณ์ไอที-บึงกาฬ","service-x-location","LONG","LONG","KEEP_BOTH_VALID","KEEP","KEEP","logistics_phrase_at_end_location_early_valid_if_truncated;long_but_value_proposition_readable_or_truncates_safely","no","none","KEEP"
"/รับซื้อ/รับเหมาประมูลอุปกรณ์ไอที-บุรีรัมย์","service-x-location","LONG","LONG","KEEP_BOTH_VALID","KEEP","KEEP","logistics_phrase_at_end_location_early_valid_if_truncated;long_but_value_proposition_readable_or_truncates_safely","no","none","KEEP"
"/รับซื้อ/รับเหมาประมูลอุปกรณ์ไอที-มหาสารคาม","service-x-location","LONG","LONG","KEEP_BOTH_VALID","KEEP","KEEP","logistics_phrase_at_end_location_early_valid_if_truncated;long_but_value_proposition_readable_or_truncates_safely","no","none","KEEP"
"/รับซื้อ/รับเหมาประมูลอุปกรณ์ไอที-มุกดาหาร","service-x-location","LONG","LONG","KEEP_BOTH_VALID","KEEP","KEEP","logistics_phrase_at_end_location_early_valid_if_truncated;long_but_value_proposition_readable_or_truncates_safely","no","none","KEEP"
"/รับซื้อ/รับเหมาประมูลอุปกรณ์ไอที-ยโสธร","service-x-location","LONG","LONG","KEEP_BOTH_VALID","KEEP","KEEP","logistics_phrase_at_end_location_early_valid_if_truncated;long_but_value_proposition_readable_or_truncates_safely","no","none","KEEP"
"/รับซื้อ/รับเหมาประมูลอุปกรณ์ไอที-ร้อยเอ็ด","service-x-location","LONG","LONG","KEEP_BOTH_VALID","KEEP","KEEP","logistics_phrase_at_end_location_early_valid_if_truncated;long_but_value_proposition_readable_or_truncates_safely","no","none","KEEP"
"/รับซื้อ/รับเหมาประมูลอุปกรณ์ไอที-ศรีสะเกษ","service-x-location","LONG","LONG","KEEP_BOTH_VALID","KEEP","KEEP","logistics_phrase_at_end_location_early_valid_if_truncated;long_but_value_proposition_readable_or_truncates_safely","no","none","KEEP"
"/รับซื้อ/รับเหมาประมูลอุปกรณ์ไอที-สกลนคร","service-x-location","LONG","LONG","KEEP_BOTH_VALID","KEEP","KEEP","logistics_phrase_at_end_location_early_valid_if_truncated;long_but_value_proposition_readable_or_truncates_safely","no","none","KEEP"
"/รับซื้อ/รับเหมาประมูลอุปกรณ์ไอที-สุรินทร์","service-x-location","LONG","LONG","KEEP_BOTH_VALID","KEEP","KEEP","logistics_phrase_at_end_location_early_valid_if_truncated;long_but_value_proposition_readable_or_truncates_safely","no","none","KEEP"
"/รับซื้อ/รับเหมาประมูลอุปกรณ์ไอที-หนองคาย","service-x-location","LONG","LONG","KEEP_BOTH_VALID","KEEP","KEEP","logistics_phrase_at_end_location_early_valid_if_truncated;long_but_value_proposition_readable_or_truncates_safely","no","none","KEEP"
"/รับซื้อ/รับเหมาประมูลอุปกรณ์ไอที-หนองบัวลำภู","service-x-location","LONG","LONG","KEEP_BOTH_VALID","KEEP","KEEP","logistics_phrase_at_end_location_early_valid_if_truncated;long_but_value_proposition_readable_or_truncates_safely","no","none","KEEP"
"/รับซื้อ/รับเหมาประมูลอุปกรณ์ไอที-อำนาจเจริญ","service-x-location","LONG","LONG","KEEP_BOTH_VALID","KEEP","KEEP","logistics_phrase_at_end_location_early_valid_if_truncated;long_but_value_proposition_readable_or_truncates_safely","no","none","KEEP"
"/รับซื้อ/รับเหมาประมูลอุปกรณ์ไอที-อุดรธานี","service-x-location","LONG","LONG","KEEP_BOTH_VALID","KEEP","KEEP","logistics_phrase_at_end_location_early_valid_if_truncated;long_but_value_proposition_readable_or_truncates_safely","no","none","KEEP"
"/รับซื้อ/รับเหมาประมูลอุปกรณ์ไอที-อุบลราชธานี","service-x-location","LONG","LONG","KEEP_BOTH_VALID","KEEP","KEEP","logistics_phrase_at_end_location_early_valid_if_truncated;long_but_value_proposition_readable_or_truncates_safely","no","none","KEEP"
"/รับซื้อ/รับเหมาประมูลอุปกรณ์ไอที-เลย","service-x-location","LONG","LONG","KEEP_BOTH_VALID","KEEP","KEEP","logistics_phrase_at_end_location_early_valid_if_truncated;long_but_value_proposition_readable_or_truncates_safely","no","none","KEEP"
"/รับซื้อสินค้าไอที","utility-hub","LONG","OK","SEMANTIC_REPETITION","EDIT","KEEP","รับซื้อ_appears_twice_without_new_meaning;desc_not_flagged;applied_in_batch_10","no","low-medium","EDIT_TITLE"
